filepath,filename,category,category_encoded
processed/images/PUBLIC_INFRASTRUCTURE/public_infrastructure_1406.jpg,public_infrastructure_1406.jpg,PUBLIC_INFRASTRUCTURE,5
processed/images/TREES_ENVIRONMENT/trees_environment_0547.jpg,trees_environment_0547.jpg,TREES_ENVIRONMENT,4
processed/images/STREET_LIGHTING/street_lighting_1104.jpg,street_lighting_1104.jpg,STREET_LIGHTING,1
processed/images/TREES_ENVIRONMENT/trees_environment_0303.jpg,trees_environment_0303.jpg,TREES_ENVIRONMENT,4
processed/images/TREES_ENVIRONMENT/trees_environment_0792.jpg,trees_environment_0792.jpg,TREES_ENVIRONMENT,4
processed/images/STREET_LIGHTING/street_lighting_0596.jpg,street_lighting_0596.jpg,STREET_LIGHTING,1
processed/images/WATER_DRAINAGE/water_drainage_0360.jpg,water_drainage_0360.jpg,WATER_DRAINAGE,2
processed/images/TREES_ENVIRONMENT/trees_environment_0588.jpg,trees_environment_0588.jpg,TREES_ENVIRONMENT,4
processed/images/WATER_DRAINAGE/water_drainage_0348.jpg,water_drainage_0348.jpg,WATER_DRAINAGE,2
processed/images/WASTE_MANAGEMENT/waste_management_0910.jpg,waste_management_0910.jpg,WASTE_MANAGEMENT,3
processed/images/TREES_ENVIRONMENT/trees_environment_0343.jpg,trees_environment_0343.jpg,TREES_ENVIRONMENT,4
processed/images/TREES_ENVIRONMENT/trees_environment_0590.jpg,trees_environment_0590.jpg,TREES_ENVIRONMENT,4
processed/images/ROADS/roads_0025.jpeg,roads_0025.jpeg,ROADS,0
processed/images/ROADS/roads_1808.png,roads_1808.png,ROADS,0
processed/images/WASTE_MANAGEMENT/waste_management_0062.jpg,waste_management_0062.jpg,WASTE_MANAGEMENT,3
processed/images/TREES_ENVIRONMENT/trees_environment_1566.jpg,trees_environment_1566.jpg,TREES_ENVIRONMENT,4
processed/images/TREES_ENVIRONMENT/trees_environment_1429.jpg,trees_environment_1429.jpg,TREES_ENVIRONMENT,4
processed/images/PUBLIC_INFRASTRUCTURE/public_infrastructure_0526.jpg,public_infrastructure_0526.jpg,PUBLIC_INFRASTRUCTURE,5
processed/images/TREES_ENVIRONMENT/trees_environment_1308.jpg,trees_environment_1308.jpg,TREES_ENVIRONMENT,4
processed/images/PUBLIC_INFRASTRUCTURE/public_infrastructure_0204.jpg,public_infrastructure_0204.jpg,PUBLIC_INFRASTRUCTURE,5
processed/images/PUBLIC_INFRASTRUCTURE/public_infrastructure_0637.jpg,public_infrastructure_0637.jpg,PUBLIC_INFRASTRUCTURE,5
processed/images/TREES_ENVIRONMENT/trees_environment_1305.jpg,trees_environment_1305.jpg,TREES_ENVIRONMENT,4
processed/images/PUBLIC_INFRASTRUCTURE/public_infrastructure_0715.jpg,public_infrastructure_0715.jpg,PUBLIC_INFRASTRUCTURE,5
processed/images/PUBLIC_INFRASTRUCTURE/public_infrastructure_0395.jpg,public_infrastructure_0395.jpg,PUBLIC_INFRASTRUCTURE,5
processed/images/PUBLIC_INFRASTRUCTURE/public_infrastructure_0033.jpg,public_infrastructure_0033.jpg,PUBLIC_INFRASTRUCTURE,5
processed/images/ROADS/roads_0005.jpeg,roads_0005.jpeg,ROADS,0
processed/images/STREET_LIGHTING/street_lighting_0984.jpg,street_lighting_0984.jpg,STREET_LIGHTING,1
processed/images/STREET_LIGHTING/street_lighting_0806.jpg,street_lighting_0806.jpg,STREET_LIGHTING,1
processed/images/ROADS/roads_0594.jpg,roads_0594.jpg,ROADS,0
processed/images/PUBLIC_INFRASTRUCTURE/public_infrastructure_0971.jpg,public_infrastructure_0971.jpg,PUBLIC_INFRASTRUCTURE,5
processed/images/TREES_ENVIRONMENT/trees_environment_0489.jpg,trees_environment_0489.jpg,TREES_ENVIRONMENT,4
processed/images/TREES_ENVIRONMENT/trees_environment_0022.jpg,trees_environment_0022.jpg,TREES_ENVIRONMENT,4
processed/images/ROADS/roads_1500.png,roads_1500.png,ROADS,0
processed/images/ROADS/roads_0787.jpg,roads_0787.jpg,ROADS,0
processed/images/ROADS/roads_1224.jpg,roads_1224.jpg,ROADS,0
processed/images/TREES_ENVIRONMENT/trees_environment_1101.jpg,trees_environment_1101.jpg,TREES_ENVIRONMENT,4
processed/images/TREES_ENVIRONMENT/trees_environment_0479.jpg,trees_environment_0479.jpg,TREES_ENVIRONMENT,4
processed/images/ROADS/roads_0411.jpg,roads_0411.jpg,ROADS,0
processed/images/WASTE_MANAGEMENT/waste_management_0569.jpg,waste_management_0569.jpg,WASTE_MANAGEMENT,3
processed/images/TREES_ENVIRONMENT/trees_environment_1161.jpg,trees_environment_1161.jpg,TREES_ENVIRONMENT,4
processed/images/ROADS/roads_0822.jpg,roads_0822.jpg,ROADS,0
processed/images/PUBLIC_INFRASTRUCTURE/public_infrastructure_1152.jpg,public_infrastructure_1152.jpg,PUBLIC_INFRASTRUCTURE,5
processed/images/TREES_ENVIRONMENT/trees_environment_0967.jpg,trees_environment_0967.jpg,TREES_ENVIRONMENT,4
processed/images/ROADS/roads_0530.jpg,roads_0530.jpg,ROADS,0
processed/images/WASTE_MANAGEMENT/waste_management_0367.jpg,waste_management_0367.jpg,WASTE_MANAGEMENT,3
processed/images/ROADS/roads_0237.jpg,roads_0237.jpg,ROADS,0
processed/images/WATER_DRAINAGE/water_drainage_0419.jpg,water_drainage_0419.jpg,WATER_DRAINAGE,2
processed/images/WASTE_MANAGEMENT/waste_management_0709.jpg,waste_management_0709.jpg,WASTE_MANAGEMENT,3
processed/images/STREET_LIGHTING/street_lighting_0875.jpg,street_lighting_0875.jpg,STREET_LIGHTING,1
processed/images/TREES_ENVIRONMENT/trees_environment_1479.jpg,trees_environment_1479.jpg,TREES_ENVIRONMENT,4
processed/images/TREES_ENVIRONMENT/trees_environment_0809.jpg,trees_environment_0809.jpg,TREES_ENVIRONMENT,4
processed/images/ROADS/roads_1448.png,roads_1448.png,ROADS,0
processed/images/ROADS/roads_1018.jpg,roads_1018.jpg,ROADS,0
processed/images/ROADS/roads_0631.jpg,roads_0631.jpg,ROADS,0
processed/images/STREET_LIGHTING/street_lighting_0755.jpg,street_lighting_0755.jpg,STREET_LIGHTING,1
processed/images/WASTE_MANAGEMENT/waste_management_0005.jpg,waste_management_0005.jpg,WASTE_MANAGEMENT,3
processed/images/TREES_ENVIRONMENT/trees_environment_0123.jpg,trees_environment_0123.jpg,TREES_ENVIRONMENT,4
processed/images/WATER_DRAINAGE/water_drainage_0273.jpg,water_drainage_0273.jpg,WATER_DRAINAGE,2
processed/images/STREET_LIGHTING/street_lighting_0655.jpg,street_lighting_0655.jpg,STREET_LIGHTING,1
processed/images/ROADS/roads_0872.jpg,roads_0872.jpg,ROADS,0
processed/images/ROADS/roads_0152.jpg,roads_0152.jpg,ROADS,0
processed/images/ROADS/roads_1797.png,roads_1797.png,ROADS,0
processed/images/ROADS/roads_0644.jpg,roads_0644.jpg,ROADS,0
processed/images/STREET_LIGHTING/street_lighting_0336.jpg,street_lighting_0336.jpg,STREET_LIGHTING,1
processed/images/STREET_LIGHTING/street_lighting_0477.jpg,street_lighting_0477.jpg,STREET_LIGHTING,1
processed/images/ROADS/roads_1709.png,roads_1709.png,ROADS,0
processed/images/STREET_LIGHTING/street_lighting_0990.jpg,street_lighting_0990.jpg,STREET_LIGHTING,1
processed/images/WASTE_MANAGEMENT/waste_management_0063.jpg,waste_management_0063.jpg,WASTE_MANAGEMENT,3
processed/images/ROADS/roads_0814.jpg,roads_0814.jpg,ROADS,0
processed/images/TREES_ENVIRONMENT/trees_environment_1230.jpg,trees_environment_1230.jpg,TREES_ENVIRONMENT,4
processed/images/PUBLIC_INFRASTRUCTURE/public_infrastructure_1285.jpg,public_infrastructure_1285.jpg,PUBLIC_INFRASTRUCTURE,5
processed/images/ROADS/roads_0188.jpg,roads_0188.jpg,ROADS,0
processed/images/PUBLIC_INFRASTRUCTURE/public_infrastructure_0622.jpg,public_infrastructure_0622.jpg,PUBLIC_INFRASTRUCTURE,5
processed/images/PUBLIC_INFRASTRUCTURE/public_infrastructure_0797.jpg,public_infrastructure_0797.jpg,PUBLIC_INFRASTRUCTURE,5
processed/images/PUBLIC_INFRASTRUCTURE/public_infrastructure_1274.jpg,public_infrastructure_1274.jpg,PUBLIC_INFRASTRUCTURE,5
processed/images/PUBLIC_INFRASTRUCTURE/public_infrastructure_0069.jpg,public_infrastructure_0069.jpg,PUBLIC_INFRASTRUCTURE,5
processed/images/WASTE_MANAGEMENT/waste_management_0082.jpg,waste_management_0082.jpg,WASTE_MANAGEMENT,3
processed/images/STREET_LIGHTING/street_lighting_0928.jpg,street_lighting_0928.jpg,STREET_LIGHTING,1
processed/images/WASTE_MANAGEMENT/waste_management_0421.jpg,waste_management_0421.jpg,WASTE_MANAGEMENT,3
processed/images/ROADS/roads_1215.jpg,roads_1215.jpg,ROADS,0
processed/images/ROADS/roads_0457.jpg,roads_0457.jpg,ROADS,0
processed/images/PUBLIC_INFRASTRUCTURE/public_infrastructure_0391.jpg,public_infrastructure_0391.jpg,PUBLIC_INFRASTRUCTURE,5
processed/images/PUBLIC_INFRASTRUCTURE/public_infrastructure_0149.jpg,public_infrastructure_0149.jpg,PUBLIC_INFRASTRUCTURE,5
processed/images/PUBLIC_INFRASTRUCTURE/public_infrastructure_0477.jpg,public_infrastructure_0477.jpg,PUBLIC_INFRASTRUCTURE,5
processed/images/STREET_LIGHTING/street_lighting_0233.jpg,street_lighting_0233.jpg,STREET_LIGHTING,1
processed/images/PUBLIC_INFRASTRUCTURE/public_infrastructure_1317.jpg,public_infrastructure_1317.jpg,PUBLIC_INFRASTRUCTURE,5
processed/images/TREES_ENVIRONMENT/trees_environment_0932.jpg,trees_environment_0932.jpg,TREES_ENVIRONMENT,4
processed/images/TREES_ENVIRONMENT/trees_environment_0356.jpg,trees_environment_0356.jpg,TREES_ENVIRONMENT,4
processed/images/PUBLIC_INFRASTRUCTURE/public_infrastructure_0584.jpg,public_infrastructure_0584.jpg,PUBLIC_INFRASTRUCTURE,5
processed/images/ROADS/roads_0131.jpg,roads_0131.jpg,ROADS,0
processed/images/STREET_LIGHTING/street_lighting_0310.jpg,street_lighting_0310.jpg,STREET_LIGHTING,1
processed/images/WASTE_MANAGEMENT/waste_management_0201.jpg,waste_management_0201.jpg,WASTE_MANAGEMENT,3
processed/images/WASTE_MANAGEMENT/waste_management_0690.jpg,waste_management_0690.jpg,WASTE_MANAGEMENT,3
processed/images/PUBLIC_INFRASTRUCTURE/public_infrastructure_0241.jpg,public_infrastructure_0241.jpg,PUBLIC_INFRASTRUCTURE,5
processed/images/PUBLIC_INFRASTRUCTURE/public_infrastructure_0409.jpg,public_infrastructure_0409.jpg,PUBLIC_INFRASTRUCTURE,5
processed/images/PUBLIC_INFRASTRUCTURE/public_infrastructure_0322.jpg,public_infrastructure_0322.jpg,PUBLIC_INFRASTRUCTURE,5
processed/images/ROADS/roads_1677.png,roads_1677.png,ROADS,0
processed/images/TREES_ENVIRONMENT/trees_environment_0511.jpg,trees_environment_0511.jpg,TREES_ENVIRONMENT,4
processed/images/ROADS/roads_0937.jpg,roads_0937.jpg,ROADS,0
processed/images/ROADS/roads_1265.png,roads_1265.png,ROADS,0
processed/images/TREES_ENVIRONMENT/trees_environment_0305.jpg,trees_environment_0305.jpg,TREES_ENVIRONMENT,4
processed/images/ROADS/roads_0190.jpg,roads_0190.jpg,ROADS,0
processed/images/TREES_ENVIRONMENT/trees_environment_0562.jpg,trees_environment_0562.jpg,TREES_ENVIRONMENT,4
processed/images/STREET_LIGHTING/street_lighting_0144.jpg,street_lighting_0144.jpg,STREET_LIGHTING,1
processed/images/STREET_LIGHTING/street_lighting_0856.jpg,street_lighting_0856.jpg,STREET_LIGHTING,1
processed/images/STREET_LIGHTING/street_lighting_1045.jpg,street_lighting_1045.jpg,STREET_LIGHTING,1
processed/images/ROADS/roads_1922.png,roads_1922.png,ROADS,0
processed/images/PUBLIC_INFRASTRUCTURE/public_infrastructure_0364.jpg,public_infrastructure_0364.jpg,PUBLIC_INFRASTRUCTURE,5
processed/images/WASTE_MANAGEMENT/waste_management_0252.jpg,waste_management_0252.jpg,WASTE_MANAGEMENT,3
processed/images/PUBLIC_INFRASTRUCTURE/public_infrastructure_0794.jpg,public_infrastructure_0794.jpg,PUBLIC_INFRASTRUCTURE,5
processed/images/PUBLIC_INFRASTRUCTURE/public_infrastructure_0339.jpg,public_infrastructure_0339.jpg,PUBLIC_INFRASTRUCTURE,5
processed/images/ROADS/roads_0049.jpg,roads_0049.jpg,ROADS,0
processed/images/ROADS/roads_0964.jpg,roads_0964.jpg,ROADS,0
processed/images/PUBLIC_INFRASTRUCTURE/public_infrastructure_1343.jpg,public_infrastructure_1343.jpg,PUBLIC_INFRASTRUCTURE,5
processed/images/ROADS/roads_0388.jpg,roads_0388.jpg,ROADS,0
processed/images/PUBLIC_INFRASTRUCTURE/public_infrastructure_0463.jpg,public_infrastructure_0463.jpg,PUBLIC_INFRASTRUCTURE,5
processed/images/ROADS/roads_0257.jpg,roads_0257.jpg,ROADS,0
processed/images/ROADS/roads_1054.jpg,roads_1054.jpg,ROADS,0
processed/images/PUBLIC_INFRASTRUCTURE/public_infrastructure_1128.jpg,public_infrastructure_1128.jpg,PUBLIC_INFRASTRUCTURE,5
processed/images/ROADS/roads_0263.jpg,roads_0263.jpg,ROADS,0
processed/images/ROADS/roads_0444.jpg,roads_0444.jpg,ROADS,0
processed/images/WASTE_MANAGEMENT/waste_management_0548.jpg,waste_management_0548.jpg,WASTE_MANAGEMENT,3
processed/images/ROADS/roads_0931.jpg,roads_0931.jpg,ROADS,0
processed/images/PUBLIC_INFRASTRUCTURE/public_infrastructure_1016.jpg,public_infrastructure_1016.jpg,PUBLIC_INFRASTRUCTURE,5
processed/images/TREES_ENVIRONMENT/trees_environment_0218.jpg,trees_environment_0218.jpg,TREES_ENVIRONMENT,4
processed/images/ROADS/roads_1352.png,roads_1352.png,ROADS,0
processed/images/STREET_LIGHTING/street_lighting_0621.jpg,street_lighting_0621.jpg,STREET_LIGHTING,1
processed/images/PUBLIC_INFRASTRUCTURE/public_infrastructure_0946.jpg,public_infrastructure_0946.jpg,PUBLIC_INFRASTRUCTURE,5
processed/images/PUBLIC_INFRASTRUCTURE/public_infrastructure_0769.jpg,public_infrastructure_0769.jpg,PUBLIC_INFRASTRUCTURE,5
processed/images/TREES_ENVIRONMENT/trees_environment_0754.jpg,trees_environment_0754.jpg,TREES_ENVIRONMENT,4
processed/images/PUBLIC_INFRASTRUCTURE/public_infrastructure_1328.jpg,public_infrastructure_1328.jpg,PUBLIC_INFRASTRUCTURE,5
processed/images/ROADS/roads_0867.jpg,roads_0867.jpg,ROADS,0
processed/images/PUBLIC_INFRASTRUCTURE/public_infrastructure_0712.jpg,public_infrastructure_0712.jpg,PUBLIC_INFRASTRUCTURE,5
processed/images/TREES_ENVIRONMENT/trees_environment_1114.jpg,trees_environment_1114.jpg,TREES_ENVIRONMENT,4
processed/images/STREET_LIGHTING/street_lighting_0060.jpg,street_lighting_0060.jpg,STREET_LIGHTING,1
processed/images/STREET_LIGHTING/street_lighting_0526.jpg,street_lighting_0526.jpg,STREET_LIGHTING,1
processed/images/STREET_LIGHTING/street_lighting_1090.jpg,street_lighting_1090.jpg,STREET_LIGHTING,1
processed/images/PUBLIC_INFRASTRUCTURE/public_infrastructure_0486.jpg,public_infrastructure_0486.jpg,PUBLIC_INFRASTRUCTURE,5
processed/images/TREES_ENVIRONMENT/trees_environment_0770.jpg,trees_environment_0770.jpg,TREES_ENVIRONMENT,4
processed/images/PUBLIC_INFRASTRUCTURE/public_infrastructure_1323.jpg,public_infrastructure_1323.jpg,PUBLIC_INFRASTRUCTURE,5
processed/images/WASTE_MANAGEMENT/waste_management_0845.jpg,waste_management_0845.jpg,WASTE_MANAGEMENT,3
processed/images/WASTE_MANAGEMENT/waste_management_0081.jpg,waste_management_0081.jpg,WASTE_MANAGEMENT,3
processed/images/WATER_DRAINAGE/water_drainage_0065.jpg,water_drainage_0065.jpg,WATER_DRAINAGE,2
processed/images/ROADS/roads_0046.jpg,roads_0046.jpg,ROADS,0
processed/images/ROADS/roads_1557.png,roads_1557.png,ROADS,0
processed/images/ROADS/roads_0248.jpg,roads_0248.jpg,ROADS,0
processed/images/TREES_ENVIRONMENT/trees_environment_0066.jpg,trees_environment_0066.jpg,TREES_ENVIRONMENT,4
processed/images/ROADS/roads_0442.jpg,roads_0442.jpg,ROADS,0
processed/images/STREET_LIGHTING/street_lighting_0453.jpg,street_lighting_0453.jpg,STREET_LIGHTING,1
processed/images/PUBLIC_INFRASTRUCTURE/public_infrastructure_0068.jpg,public_infrastructure_0068.jpg,PUBLIC_INFRASTRUCTURE,5
processed/images/TREES_ENVIRONMENT/trees_environment_0265.jpg,trees_environment_0265.jpg,TREES_ENVIRONMENT,4
processed/images/WASTE_MANAGEMENT/waste_management_0365.jpg,waste_management_0365.jpg,WASTE_MANAGEMENT,3
processed/images/STREET_LIGHTING/street_lighting_0021.jpg,street_lighting_0021.jpg,STREET_LIGHTING,1
processed/images/TREES_ENVIRONMENT/trees_environment_0143.jpg,trees_environment_0143.jpg,TREES_ENVIRONMENT,4
processed/images/TREES_ENVIRONMENT/trees_environment_0089.jpg,trees_environment_0089.jpg,TREES_ENVIRONMENT,4
processed/images/ROADS/roads_0680.jpg,roads_0680.jpg,ROADS,0
processed/images/STREET_LIGHTING/street_lighting_0344.jpg,street_lighting_0344.jpg,STREET_LIGHTING,1
processed/images/TREES_ENVIRONMENT/trees_environment_0522.jpg,trees_environment_0522.jpg,TREES_ENVIRONMENT,4
processed/images/STREET_LIGHTING/street_lighting_0360.jpg,street_lighting_0360.jpg,STREET_LIGHTING,1
processed/images/STREET_LIGHTING/street_lighting_0491.jpg,street_lighting_0491.jpg,STREET_LIGHTING,1
processed/images/ROADS/roads_1432.png,roads_1432.png,ROADS,0
processed/images/WASTE_MANAGEMENT/waste_management_0371.jpg,waste_management_0371.jpg,WASTE_MANAGEMENT,3
processed/images/WASTE_MANAGEMENT/waste_management_0096.jpg,waste_management_0096.jpg,WASTE_MANAGEMENT,3
processed/images/ROADS/roads_0139.jpg,roads_0139.jpg,ROADS,0
processed/images/ROADS/roads_0585.jpg,roads_0585.jpg,ROADS,0
processed/images/ROADS/roads_0567.jpg,roads_0567.jpg,ROADS,0
processed/images/STREET_LIGHTING/street_lighting_0112.jpg,street_lighting_0112.jpg,STREET_LIGHTING,1
processed/images/WASTE_MANAGEMENT/waste_management_0159.jpg,waste_management_0159.jpg,WASTE_MANAGEMENT,3
processed/images/PUBLIC_INFRASTRUCTURE/public_infrastructure_0381.jpg,public_infrastructure_0381.jpg,PUBLIC_INFRASTRUCTURE,5
processed/images/STREET_LIGHTING/street_lighting_0722.jpg,street_lighting_0722.jpg,STREET_LIGHTING,1
processed/images/STREET_LIGHTING/street_lighting_0730.jpg,street_lighting_0730.jpg,STREET_LIGHTING,1
processed/images/WASTE_MANAGEMENT/waste_management_0140.jpg,waste_management_0140.jpg,WASTE_MANAGEMENT,3
processed/images/STREET_LIGHTING/street_lighting_0598.jpg,street_lighting_0598.jpg,STREET_LIGHTING,1
processed/images/ROADS/roads_0099.jpg,roads_0099.jpg,ROADS,0
processed/images/ROADS/roads_0217.jpg,roads_0217.jpg,ROADS,0
processed/images/WATER_DRAINAGE/water_drainage_0142.jpg,water_drainage_0142.jpg,WATER_DRAINAGE,2
processed/images/ROADS/roads_1323.png,roads_1323.png,ROADS,0
processed/images/PUBLIC_INFRASTRUCTURE/public_infrastructure_1321.jpg,public_infrastructure_1321.jpg,PUBLIC_INFRASTRUCTURE,5
processed/images/TREES_ENVIRONMENT/trees_environment_0153.jpg,trees_environment_0153.jpg,TREES_ENVIRONMENT,4
processed/images/TREES_ENVIRONMENT/trees_environment_1200.jpg,trees_environment_1200.jpg,TREES_ENVIRONMENT,4
processed/images/PUBLIC_INFRASTRUCTURE/public_infrastructure_0237.jpg,public_infrastructure_0237.jpg,PUBLIC_INFRASTRUCTURE,5
processed/images/ROADS/roads_1490.png,roads_1490.png,ROADS,0
processed/images/WASTE_MANAGEMENT/waste_management_0608.jpg,waste_management_0608.jpg,WASTE_MANAGEMENT,3
processed/images/TREES_ENVIRONMENT/trees_environment_0856.jpg,trees_environment_0856.jpg,TREES_ENVIRONMENT,4
processed/images/WATER_DRAINAGE/water_drainage_0238.jpg,water_drainage_0238.jpg,WATER_DRAINAGE,2
processed/images/PUBLIC_INFRASTRUCTURE/public_infrastructure_0228.jpg,public_infrastructure_0228.jpg,PUBLIC_INFRASTRUCTURE,5
processed/images/WASTE_MANAGEMENT/waste_management_0289.jpg,waste_management_0289.jpg,WASTE_MANAGEMENT,3
processed/images/WASTE_MANAGEMENT/waste_management_0694.jpg,waste_management_0694.jpg,WASTE_MANAGEMENT,3
processed/images/WASTE_MANAGEMENT/waste_management_0161.jpg,waste_management_0161.jpg,WASTE_MANAGEMENT,3
processed/images/PUBLIC_INFRASTRUCTURE/public_infrastructure_1114.jpg,public_infrastructure_1114.jpg,PUBLIC_INFRASTRUCTURE,5
processed/images/STREET_LIGHTING/street_lighting_0705.jpg,street_lighting_0705.jpg,STREET_LIGHTING,1
processed/images/ROADS/roads_0617.jpg,roads_0617.jpg,ROADS,0
processed/images/STREET_LIGHTING/street_lighting_0945.jpg,street_lighting_0945.jpg,STREET_LIGHTING,1
processed/images/PUBLIC_INFRASTRUCTURE/public_infrastructure_0724.jpg,public_infrastructure_0724.jpg,PUBLIC_INFRASTRUCTURE,5
processed/images/TREES_ENVIRONMENT/trees_environment_0287.jpg,trees_environment_0287.jpg,TREES_ENVIRONMENT,4
processed/images/PUBLIC_INFRASTRUCTURE/public_infrastructure_1468.jpg,public_infrastructure_1468.jpg,PUBLIC_INFRASTRUCTURE,5
processed/images/ROADS/roads_0337.jpg,roads_0337.jpg,ROADS,0
processed/images/TREES_ENVIRONMENT/trees_environment_1211.jpg,trees_environment_1211.jpg,TREES_ENVIRONMENT,4
processed/images/ROADS/roads_1191.jpg,roads_1191.jpg,ROADS,0
processed/images/WASTE_MANAGEMENT/waste_management_0597.jpg,waste_management_0597.jpg,WASTE_MANAGEMENT,3
processed/images/PUBLIC_INFRASTRUCTURE/public_infrastructure_1245.jpg,public_infrastructure_1245.jpg,PUBLIC_INFRASTRUCTURE,5
processed/images/WASTE_MANAGEMENT/waste_management_0882.jpg,waste_management_0882.jpg,WASTE_MANAGEMENT,3
processed/images/WATER_DRAINAGE/water_drainage_0056.jpg,water_drainage_0056.jpg,WATER_DRAINAGE,2
processed/images/STREET_LIGHTING/street_lighting_0584.jpg,street_lighting_0584.jpg,STREET_LIGHTING,1
processed/images/ROADS/roads_0940.jpg,roads_0940.jpg,ROADS,0
processed/images/STREET_LIGHTING/street_lighting_0324.jpg,street_lighting_0324.jpg,STREET_LIGHTING,1
processed/images/STREET_LIGHTING/street_lighting_0484.jpg,street_lighting_0484.jpg,STREET_LIGHTING,1
processed/images/ROADS/roads_1845.png,roads_1845.png,ROADS,0
processed/images/TREES_ENVIRONMENT/trees_environment_0337.jpg,trees_environment_0337.jpg,TREES_ENVIRONMENT,4
processed/images/ROADS/roads_1397.png,roads_1397.png,ROADS,0
processed/images/STREET_LIGHTING/street_lighting_0824.jpg,street_lighting_0824.jpg,STREET_LIGHTING,1
processed/images/TREES_ENVIRONMENT/trees_environment_0634.jpg,trees_environment_0634.jpg,TREES_ENVIRONMENT,4
processed/images/STREET_LIGHTING/street_lighting_0860.jpg,street_lighting_0860.jpg,STREET_LIGHTING,1
processed/images/PUBLIC_INFRASTRUCTURE/public_infrastructure_0048.jpg,public_infrastructure_0048.jpg,PUBLIC_INFRASTRUCTURE,5
processed/images/TREES_ENVIRONMENT/trees_environment_1236.jpg,trees_environment_1236.jpg,TREES_ENVIRONMENT,4
processed/images/TREES_ENVIRONMENT/trees_environment_0605.jpg,trees_environment_0605.jpg,TREES_ENVIRONMENT,4
processed/images/TREES_ENVIRONMENT/trees_environment_1129.jpg,trees_environment_1129.jpg,TREES_ENVIRONMENT,4
processed/images/TREES_ENVIRONMENT/trees_environment_0085.jpg,trees_environment_0085.jpg,TREES_ENVIRONMENT,4
processed/images/WASTE_MANAGEMENT/waste_management_0468.jpg,waste_management_0468.jpg,WASTE_MANAGEMENT,3
processed/images/PUBLIC_INFRASTRUCTURE/public_infrastructure_0902.jpg,public_infrastructure_0902.jpg,PUBLIC_INFRASTRUCTURE,5
processed/images/TREES_ENVIRONMENT/trees_environment_0030.jpg,trees_environment_0030.jpg,TREES_ENVIRONMENT,4
processed/images/ROADS/roads_0684.jpg,roads_0684.jpg,ROADS,0
processed/images/TREES_ENVIRONMENT/trees_environment_1309.jpg,trees_environment_1309.jpg,TREES_ENVIRONMENT,4
processed/images/ROADS/roads_1858.png,roads_1858.png,ROADS,0
processed/images/STREET_LIGHTING/street_lighting_0436.jpg,street_lighting_0436.jpg,STREET_LIGHTING,1
processed/images/WASTE_MANAGEMENT/waste_management_0052.jpg,waste_management_0052.jpg,WASTE_MANAGEMENT,3
processed/images/PUBLIC_INFRASTRUCTURE/public_infrastructure_0441.jpg,public_infrastructure_0441.jpg,PUBLIC_INFRASTRUCTURE,5
processed/images/TREES_ENVIRONMENT/trees_environment_1374.jpg,trees_environment_1374.jpg,TREES_ENVIRONMENT,4
processed/images/TREES_ENVIRONMENT/trees_environment_1270.jpg,trees_environment_1270.jpg,TREES_ENVIRONMENT,4
processed/images/ROADS/roads_0746.jpg,roads_0746.jpg,ROADS,0
processed/images/TREES_ENVIRONMENT/trees_environment_1079.jpg,trees_environment_1079.jpg,TREES_ENVIRONMENT,4
processed/images/PUBLIC_INFRASTRUCTURE/public_infrastructure_1056.jpg,public_infrastructure_1056.jpg,PUBLIC_INFRASTRUCTURE,5
processed/images/WATER_DRAINAGE/water_drainage_0011.jpg,water_drainage_0011.jpg,WATER_DRAINAGE,2
processed/images/STREET_LIGHTING/street_lighting_0968.jpg,street_lighting_0968.jpg,STREET_LIGHTING,1
processed/images/TREES_ENVIRONMENT/trees_environment_0572.jpg,trees_environment_0572.jpg,TREES_ENVIRONMENT,4
processed/images/STREET_LIGHTING/street_lighting_0494.jpg,street_lighting_0494.jpg,STREET_LIGHTING,1
processed/images/WATER_DRAINAGE/water_drainage_0314.jpg,water_drainage_0314.jpg,WATER_DRAINAGE,2
processed/images/ROADS/roads_1091.jpg,roads_1091.jpg,ROADS,0
processed/images/PUBLIC_INFRASTRUCTURE/public_infrastructure_0779.jpg,public_infrastructure_0779.jpg,PUBLIC_INFRASTRUCTURE,5
processed/images/PUBLIC_INFRASTRUCTURE/public_infrastructure_1048.jpg,public_infrastructure_1048.jpg,PUBLIC_INFRASTRUCTURE,5
processed/images/TREES_ENVIRONMENT/trees_environment_0788.jpg,trees_environment_0788.jpg,TREES_ENVIRONMENT,4
processed/images/WASTE_MANAGEMENT/waste_management_0469.jpg,waste_management_0469.jpg,WASTE_MANAGEMENT,3
processed/images/ROADS/roads_1080.jpg,roads_1080.jpg,ROADS,0
processed/images/PUBLIC_INFRASTRUCTURE/public_infrastructure_0766.jpg,public_infrastructure_0766.jpg,PUBLIC_INFRASTRUCTURE,5
processed/images/ROADS/roads_1785.png,roads_1785.png,ROADS,0
processed/images/PUBLIC_INFRASTRUCTURE/public_infrastructure_0305.jpg,public_infrastructure_0305.jpg,PUBLIC_INFRASTRUCTURE,5
processed/images/WATER_DRAINAGE/water_drainage_0061.jpg,water_drainage_0061.jpg,WATER_DRAINAGE,2
processed/images/ROADS/roads_0436.jpg,roads_0436.jpg,ROADS,0
processed/images/STREET_LIGHTING/street_lighting_0548.jpg,street_lighting_0548.jpg,STREET_LIGHTING,1
processed/images/STREET_LIGHTING/street_lighting_0560.jpg,street_lighting_0560.jpg,STREET_LIGHTING,1
processed/images/ROADS/roads_1073.jpg,roads_1073.jpg,ROADS,0
processed/images/ROADS/roads_1710.png,roads_1710.png,ROADS,0
processed/images/ROADS/roads_0880.jpg,roads_0880.jpg,ROADS,0
processed/images/PUBLIC_INFRASTRUCTURE/public_infrastructure_1418.jpg,public_infrastructure_1418.jpg,PUBLIC_INFRASTRUCTURE,5
processed/images/ROADS/roads_1613.png,roads_1613.png,ROADS,0
processed/images/STREET_LIGHTING/street_lighting_0872.jpg,street_lighting_0872.jpg,STREET_LIGHTING,1
processed/images/STREET_LIGHTING/street_lighting_0448.jpg,street_lighting_0448.jpg,STREET_LIGHTING,1
processed/images/WATER_DRAINAGE/water_drainage_0100.jpg,water_drainage_0100.jpg,WATER_DRAINAGE,2
processed/images/TREES_ENVIRONMENT/trees_environment_0900.jpg,trees_environment_0900.jpg,TREES_ENVIRONMENT,4
processed/images/WASTE_MANAGEMENT/waste_management_0645.jpg,waste_management_0645.jpg,WASTE_MANAGEMENT,3
processed/images/TREES_ENVIRONMENT/trees_environment_0800.jpg,trees_environment_0800.jpg,TREES_ENVIRONMENT,4
processed/images/ROADS/roads_1259.jpg,roads_1259.jpg,ROADS,0
processed/images/TREES_ENVIRONMENT/trees_environment_0057.jpg,trees_environment_0057.jpg,TREES_ENVIRONMENT,4
processed/images/WASTE_MANAGEMENT/waste_management_0573.jpg,waste_management_0573.jpg,WASTE_MANAGEMENT,3
processed/images/ROADS/roads_0252.jpg,roads_0252.jpg,ROADS,0
processed/images/PUBLIC_INFRASTRUCTURE/public_infrastructure_0146.jpg,public_infrastructure_0146.jpg,PUBLIC_INFRASTRUCTURE,5
processed/images/ROADS/roads_1793.png,roads_1793.png,ROADS,0
processed/images/WASTE_MANAGEMENT/waste_management_0708.jpg,waste_management_0708.jpg,WASTE_MANAGEMENT,3
processed/images/ROADS/roads_0446.jpg,roads_0446.jpg,ROADS,0
processed/images/PUBLIC_INFRASTRUCTURE/public_infrastructure_0931.jpg,public_infrastructure_0931.jpg,PUBLIC_INFRASTRUCTURE,5
processed/images/STREET_LIGHTING/street_lighting_0373.jpg,street_lighting_0373.jpg,STREET_LIGHTING,1
processed/images/STREET_LIGHTING/street_lighting_0051.jpg,street_lighting_0051.jpg,STREET_LIGHTING,1
processed/images/WASTE_MANAGEMENT/waste_management_0454.jpg,waste_management_0454.jpg,WASTE_MANAGEMENT,3
processed/images/ROADS/roads_0510.jpg,roads_0510.jpg,ROADS,0
processed/images/WASTE_MANAGEMENT/waste_management_0591.jpg,waste_management_0591.jpg,WASTE_MANAGEMENT,3
processed/images/ROADS/roads_0392.jpg,roads_0392.jpg,ROADS,0
processed/images/WASTE_MANAGEMENT/waste_management_0816.jpg,waste_management_0816.jpg,WASTE_MANAGEMENT,3
processed/images/WATER_DRAINAGE/water_drainage_0147.jpg,water_drainage_0147.jpg,WATER_DRAINAGE,2
processed/images/ROADS/roads_1900.png,roads_1900.png,ROADS,0
processed/images/STREET_LIGHTING/street_lighting_0719.jpg,street_lighting_0719.jpg,STREET_LIGHTING,1
processed/images/WASTE_MANAGEMENT/waste_management_0535.jpg,waste_management_0535.jpg,WASTE_MANAGEMENT,3
processed/images/TREES_ENVIRONMENT/trees_environment_0878.jpg,trees_environment_0878.jpg,TREES_ENVIRONMENT,4
processed/images/TREES_ENVIRONMENT/trees_environment_1229.jpg,trees_environment_1229.jpg,TREES_ENVIRONMENT,4
processed/images/PUBLIC_INFRASTRUCTURE/public_infrastructure_1102.jpg,public_infrastructure_1102.jpg,PUBLIC_INFRASTRUCTURE,5
processed/images/TREES_ENVIRONMENT/trees_environment_0180.jpg,trees_environment_0180.jpg,TREES_ENVIRONMENT,4
processed/images/WASTE_MANAGEMENT/waste_management_0338.jpg,waste_management_0338.jpg,WASTE_MANAGEMENT,3
processed/images/WATER_DRAINAGE/water_drainage_0243.jpg,water_drainage_0243.jpg,WATER_DRAINAGE,2
processed/images/ROADS/roads_1765.png,roads_1765.png,ROADS,0
processed/images/ROADS/roads_0272.jpg,roads_0272.jpg,ROADS,0
processed/images/WATER_DRAINAGE/water_drainage_0380.jpg,water_drainage_0380.jpg,WATER_DRAINAGE,2
processed/images/PUBLIC_INFRASTRUCTURE/public_infrastructure_0685.jpg,public_infrastructure_0685.jpg,PUBLIC_INFRASTRUCTURE,5
processed/images/WASTE_MANAGEMENT/waste_management_0064.jpg,waste_management_0064.jpg,WASTE_MANAGEMENT,3
processed/images/ROADS/roads_0702.jpg,roads_0702.jpg,ROADS,0
processed/images/ROADS/roads_0239.jpg,roads_0239.jpg,ROADS,0
processed/images/PUBLIC_INFRASTRUCTURE/public_infrastructure_0883.jpg,public_infrastructure_0883.jpg,PUBLIC_INFRASTRUCTURE,5
processed/images/TREES_ENVIRONMENT/trees_environment_0866.jpg,trees_environment_0866.jpg,TREES_ENVIRONMENT,4
processed/images/ROADS/roads_0648.jpg,roads_0648.jpg,ROADS,0
processed/images/WATER_DRAINAGE/water_drainage_0247.jpg,water_drainage_0247.jpg,WATER_DRAINAGE,2
processed/images/PUBLIC_INFRASTRUCTURE/public_infrastructure_0666.jpg,public_infrastructure_0666.jpg,PUBLIC_INFRASTRUCTURE,5
processed/images/PUBLIC_INFRASTRUCTURE/public_infrastructure_0644.jpg,public_infrastructure_0644.jpg,PUBLIC_INFRASTRUCTURE,5
processed/images/ROADS/roads_0668.jpg,roads_0668.jpg,ROADS,0
processed/images/PUBLIC_INFRASTRUCTURE/public_infrastructure_1167.jpg,public_infrastructure_1167.jpg,PUBLIC_INFRASTRUCTURE,5
processed/images/STREET_LIGHTING/street_lighting_0627.jpg,street_lighting_0627.jpg,STREET_LIGHTING,1
processed/images/ROADS/roads_1615.png,roads_1615.png,ROADS,0
processed/images/PUBLIC_INFRASTRUCTURE/public_infrastructure_0349.jpg,public_infrastructure_0349.jpg,PUBLIC_INFRASTRUCTURE,5
processed/images/STREET_LIGHTING/street_lighting_0795.jpg,street_lighting_0795.jpg,STREET_LIGHTING,1
processed/images/PUBLIC_INFRASTRUCTURE/public_infrastructure_0978.jpg,public_infrastructure_0978.jpg,PUBLIC_INFRASTRUCTURE,5
processed/images/WASTE_MANAGEMENT/waste_management_0353.jpg,waste_management_0353.jpg,WASTE_MANAGEMENT,3
processed/images/TREES_ENVIRONMENT/trees_environment_0243.jpg,trees_environment_0243.jpg,TREES_ENVIRONMENT,4
processed/images/TREES_ENVIRONMENT/trees_environment_0121.jpg,trees_environment_0121.jpg,TREES_ENVIRONMENT,4
processed/images/STREET_LIGHTING/street_lighting_1099.jpg,street_lighting_1099.jpg,STREET_LIGHTING,1
processed/images/ROADS/roads_0018.jpeg,roads_0018.jpeg,ROADS,0
processed/images/ROADS/roads_0320.jpg,roads_0320.jpg,ROADS,0
processed/images/STREET_LIGHTING/street_lighting_0506.jpg,street_lighting_0506.jpg,STREET_LIGHTING,1
processed/images/TREES_ENVIRONMENT/trees_environment_0848.jpg,trees_environment_0848.jpg,TREES_ENVIRONMENT,4
processed/images/STREET_LIGHTING/street_lighting_0578.jpg,street_lighting_0578.jpg,STREET_LIGHTING,1
processed/images/TREES_ENVIRONMENT/trees_environment_0826.jpg,trees_environment_0826.jpg,TREES_ENVIRONMENT,4
processed/images/WASTE_MANAGEMENT/waste_management_0890.jpg,waste_management_0890.jpg,WASTE_MANAGEMENT,3
processed/images/ROADS/roads_0545.jpg,roads_0545.jpg,ROADS,0
processed/images/WASTE_MANAGEMENT/waste_management_0233.jpg,waste_management_0233.jpg,WASTE_MANAGEMENT,3
processed/images/WASTE_MANAGEMENT/waste_management_0416.jpg,waste_management_0416.jpg,WASTE_MANAGEMENT,3
processed/images/TREES_ENVIRONMENT/trees_environment_0710.jpg,trees_environment_0710.jpg,TREES_ENVIRONMENT,4
processed/images/STREET_LIGHTING/street_lighting_0138.jpg,street_lighting_0138.jpg,STREET_LIGHTING,1
processed/images/ROADS/roads_0332.jpg,roads_0332.jpg,ROADS,0
processed/images/WASTE_MANAGEMENT/waste_management_0563.jpg,waste_management_0563.jpg,WASTE_MANAGEMENT,3
processed/images/PUBLIC_INFRASTRUCTURE/public_infrastructure_0921.jpg,public_infrastructure_0921.jpg,PUBLIC_INFRASTRUCTURE,5
processed/images/TREES_ENVIRONMENT/trees_environment_0021.jpg,trees_environment_0021.jpg,TREES_ENVIRONMENT,4
processed/images/STREET_LIGHTING/street_lighting_1035.jpg,street_lighting_1035.jpg,STREET_LIGHTING,1
processed/images/ROADS/roads_1684.png,roads_1684.png,ROADS,0
processed/images/ROADS/roads_0925.jpg,roads_0925.jpg,ROADS,0
processed/images/TREES_ENVIRONMENT/trees_environment_0461.jpg,trees_environment_0461.jpg,TREES_ENVIRONMENT,4
processed/images/WATER_DRAINAGE/water_drainage_0302.jpg,water_drainage_0302.jpg,WATER_DRAINAGE,2
processed/images/PUBLIC_INFRASTRUCTURE/public_infrastructure_0023.jpg,public_infrastructure_0023.jpg,PUBLIC_INFRASTRUCTURE,5
processed/images/ROADS/roads_1883.png,roads_1883.png,ROADS,0
processed/images/ROADS/roads_0743.jpg,roads_0743.jpg,ROADS,0
processed/images/WATER_DRAINAGE/water_drainage_0174.jpg,water_drainage_0174.jpg,WATER_DRAINAGE,2
processed/images/PUBLIC_INFRASTRUCTURE/public_infrastructure_0225.jpg,public_infrastructure_0225.jpg,PUBLIC_INFRASTRUCTURE,5
processed/images/WASTE_MANAGEMENT/waste_management_0576.jpg,waste_management_0576.jpg,WASTE_MANAGEMENT,3
processed/images/ROADS/roads_1173.jpg,roads_1173.jpg,ROADS,0
processed/images/WASTE_MANAGEMENT/waste_management_0055.jpg,waste_management_0055.jpg,WASTE_MANAGEMENT,3
processed/images/TREES_ENVIRONMENT/trees_environment_0759.jpg,trees_environment_0759.jpg,TREES_ENVIRONMENT,4
processed/images/ROADS/roads_1602.png,roads_1602.png,ROADS,0
processed/images/WATER_DRAINAGE/water_drainage_0105.jpg,water_drainage_0105.jpg,WATER_DRAINAGE,2
processed/images/TREES_ENVIRONMENT/trees_environment_0764.jpg,trees_environment_0764.jpg,TREES_ENVIRONMENT,4
processed/images/WASTE_MANAGEMENT/waste_management_0828.jpg,waste_management_0828.jpg,WASTE_MANAGEMENT,3
processed/images/WATER_DRAINAGE/water_drainage_0137.jpg,water_drainage_0137.jpg,WATER_DRAINAGE,2
processed/images/PUBLIC_INFRASTRUCTURE/public_infrastructure_0405.jpg,public_infrastructure_0405.jpg,PUBLIC_INFRASTRUCTURE,5
processed/images/STREET_LIGHTING/street_lighting_0948.jpg,street_lighting_0948.jpg,STREET_LIGHTING,1
processed/images/STREET_LIGHTING/street_lighting_1113.jpg,street_lighting_1113.jpg,STREET_LIGHTING,1
processed/images/WASTE_MANAGEMENT/waste_management_0273.jpg,waste_management_0273.jpg,WASTE_MANAGEMENT,3
processed/images/PUBLIC_INFRASTRUCTURE/public_infrastructure_0757.jpg,public_infrastructure_0757.jpg,PUBLIC_INFRASTRUCTURE,5
processed/images/STREET_LIGHTING/street_lighting_0842.jpg,street_lighting_0842.jpg,STREET_LIGHTING,1
processed/images/STREET_LIGHTING/street_lighting_0115.jpg,street_lighting_0115.jpg,STREET_LIGHTING,1
processed/images/TREES_ENVIRONMENT/trees_environment_0753.jpg,trees_environment_0753.jpg,TREES_ENVIRONMENT,4
processed/images/STREET_LIGHTING/street_lighting_0215.jpg,street_lighting_0215.jpg,STREET_LIGHTING,1
processed/images/TREES_ENVIRONMENT/trees_environment_1397.jpg,trees_environment_1397.jpg,TREES_ENVIRONMENT,4
processed/images/PUBLIC_INFRASTRUCTURE/public_infrastructure_0252.jpg,public_infrastructure_0252.jpg,PUBLIC_INFRASTRUCTURE,5
processed/images/TREES_ENVIRONMENT/trees_environment_0797.jpg,trees_environment_0797.jpg,TREES_ENVIRONMENT,4
processed/images/WATER_DRAINAGE/water_drainage_0023.jpg,water_drainage_0023.jpg,WATER_DRAINAGE,2
processed/images/TREES_ENVIRONMENT/trees_environment_0496.jpg,trees_environment_0496.jpg,TREES_ENVIRONMENT,4
processed/images/TREES_ENVIRONMENT/trees_environment_0433.jpg,trees_environment_0433.jpg,TREES_ENVIRONMENT,4
processed/images/TREES_ENVIRONMENT/trees_environment_0334.jpg,trees_environment_0334.jpg,TREES_ENVIRONMENT,4
processed/images/STREET_LIGHTING/street_lighting_0938.jpg,street_lighting_0938.jpg,STREET_LIGHTING,1
processed/images/TREES_ENVIRONMENT/trees_environment_0349.jpg,trees_environment_0349.jpg,TREES_ENVIRONMENT,4
processed/images/TREES_ENVIRONMENT/trees_environment_0610.jpg,trees_environment_0610.jpg,TREES_ENVIRONMENT,4
processed/images/ROADS/roads_1517.png,roads_1517.png,ROADS,0
processed/images/ROADS/roads_0047.jpg,roads_0047.jpg,ROADS,0
processed/images/ROADS/roads_1545.png,roads_1545.png,ROADS,0
processed/images/TREES_ENVIRONMENT/trees_environment_0552.jpg,trees_environment_0552.jpg,TREES_ENVIRONMENT,4
processed/images/WASTE_MANAGEMENT/waste_management_0425.jpg,waste_management_0425.jpg,WASTE_MANAGEMENT,3
processed/images/WASTE_MANAGEMENT/waste_management_0412.jpg,waste_management_0412.jpg,WASTE_MANAGEMENT,3
processed/images/TREES_ENVIRONMENT/trees_environment_0953.jpg,trees_environment_0953.jpg,TREES_ENVIRONMENT,4
processed/images/TREES_ENVIRONMENT/trees_environment_0478.jpg,trees_environment_0478.jpg,TREES_ENVIRONMENT,4
processed/images/STREET_LIGHTING/street_lighting_0306.jpg,street_lighting_0306.jpg,STREET_LIGHTING,1
processed/images/WATER_DRAINAGE/water_drainage_0130.jpg,water_drainage_0130.jpg,WATER_DRAINAGE,2
processed/images/WASTE_MANAGEMENT/waste_management_0522.jpg,waste_management_0522.jpg,WASTE_MANAGEMENT,3
processed/images/STREET_LIGHTING/street_lighting_0569.jpg,street_lighting_0569.jpg,STREET_LIGHTING,1
processed/images/ROADS/roads_0344.jpg,roads_0344.jpg,ROADS,0
processed/images/PUBLIC_INFRASTRUCTURE/public_infrastructure_0155.jpg,public_infrastructure_0155.jpg,PUBLIC_INFRASTRUCTURE,5
processed/images/WASTE_MANAGEMENT/waste_management_0784.jpg,waste_management_0784.jpg,WASTE_MANAGEMENT,3
processed/images/PUBLIC_INFRASTRUCTURE/public_infrastructure_1377.jpg,public_infrastructure_1377.jpg,PUBLIC_INFRASTRUCTURE,5
processed/images/ROADS/roads_0417.jpg,roads_0417.jpg,ROADS,0
processed/images/PUBLIC_INFRASTRUCTURE/public_infrastructure_0984.jpg,public_infrastructure_0984.jpg,PUBLIC_INFRASTRUCTURE,5
processed/images/TREES_ENVIRONMENT/trees_environment_1372.jpg,trees_environment_1372.jpg,TREES_ENVIRONMENT,4
processed/images/TREES_ENVIRONMENT/trees_environment_0397.jpg,trees_environment_0397.jpg,TREES_ENVIRONMENT,4
processed/images/STREET_LIGHTING/street_lighting_0199.jpg,street_lighting_0199.jpg,STREET_LIGHTING,1
processed/images/TREES_ENVIRONMENT/trees_environment_0102.jpg,trees_environment_0102.jpg,TREES_ENVIRONMENT,4
processed/images/TREES_ENVIRONMENT/trees_environment_0984.jpg,trees_environment_0984.jpg,TREES_ENVIRONMENT,4
processed/images/TREES_ENVIRONMENT/trees_environment_1553.jpg,trees_environment_1553.jpg,TREES_ENVIRONMENT,4
processed/images/ROADS/roads_0042.jpg,roads_0042.jpg,ROADS,0
processed/images/PUBLIC_INFRASTRUCTURE/public_infrastructure_0361.jpg,public_infrastructure_0361.jpg,PUBLIC_INFRASTRUCTURE,5
processed/images/ROADS/roads_1566.png,roads_1566.png,ROADS,0
processed/images/ROADS/roads_0301.jpg,roads_0301.jpg,ROADS,0
processed/images/ROADS/roads_0664.jpg,roads_0664.jpg,ROADS,0
processed/images/TREES_ENVIRONMENT/trees_environment_1430.jpg,trees_environment_1430.jpg,TREES_ENVIRONMENT,4
processed/images/ROADS/roads_0114.jpg,roads_0114.jpg,ROADS,0
processed/images/ROADS/roads_0129.jpg,roads_0129.jpg,ROADS,0
processed/images/STREET_LIGHTING/street_lighting_0458.jpg,street_lighting_0458.jpg,STREET_LIGHTING,1
processed/images/ROADS/roads_1526.png,roads_1526.png,ROADS,0
processed/images/STREET_LIGHTING/street_lighting_0844.jpg,street_lighting_0844.jpg,STREET_LIGHTING,1
processed/images/PUBLIC_INFRASTRUCTURE/public_infrastructure_0691.jpg,public_infrastructure_0691.jpg,PUBLIC_INFRASTRUCTURE,5
processed/images/PUBLIC_INFRASTRUCTURE/public_infrastructure_0739.jpg,public_infrastructure_0739.jpg,PUBLIC_INFRASTRUCTURE,5
processed/images/TREES_ENVIRONMENT/trees_environment_0989.jpg,trees_environment_0989.jpg,TREES_ENVIRONMENT,4
processed/images/STREET_LIGHTING/street_lighting_0058.jpg,street_lighting_0058.jpg,STREET_LIGHTING,1
processed/images/TREES_ENVIRONMENT/trees_environment_1188.jpg,trees_environment_1188.jpg,TREES_ENVIRONMENT,4
processed/images/PUBLIC_INFRASTRUCTURE/public_infrastructure_1362.jpg,public_infrastructure_1362.jpg,PUBLIC_INFRASTRUCTURE,5
processed/images/ROADS/roads_0802.jpg,roads_0802.jpg,ROADS,0
processed/images/PUBLIC_INFRASTRUCTURE/public_infrastructure_0574.jpg,public_infrastructure_0574.jpg,PUBLIC_INFRASTRUCTURE,5
processed/images/ROADS/roads_0599.jpg,roads_0599.jpg,ROADS,0
processed/images/TREES_ENVIRONMENT/trees_environment_1093.jpg,trees_environment_1093.jpg,TREES_ENVIRONMENT,4
processed/images/WATER_DRAINAGE/water_drainage_0342.jpg,water_drainage_0342.jpg,WATER_DRAINAGE,2
processed/images/ROADS/roads_1048.jpg,roads_1048.jpg,ROADS,0
processed/images/ROADS/roads_0550.jpg,roads_0550.jpg,ROADS,0
processed/images/WATER_DRAINAGE/water_drainage_0049.jpg,water_drainage_0049.jpg,WATER_DRAINAGE,2
processed/images/STREET_LIGHTING/street_lighting_0965.jpg,street_lighting_0965.jpg,STREET_LIGHTING,1
processed/images/TREES_ENVIRONMENT/trees_environment_0460.jpg,trees_environment_0460.jpg,TREES_ENVIRONMENT,4
processed/images/ROADS/roads_0965.jpg,roads_0965.jpg,ROADS,0
processed/images/WATER_DRAINAGE/water_drainage_0387.jpg,water_drainage_0387.jpg,WATER_DRAINAGE,2
processed/images/WATER_DRAINAGE/water_drainage_0408.jpg,water_drainage_0408.jpg,WATER_DRAINAGE,2
processed/images/PUBLIC_INFRASTRUCTURE/public_infrastructure_1202.jpg,public_infrastructure_1202.jpg,PUBLIC_INFRASTRUCTURE,5
processed/images/WASTE_MANAGEMENT/waste_management_0676.jpg,waste_management_0676.jpg,WASTE_MANAGEMENT,3
processed/images/PUBLIC_INFRASTRUCTURE/public_infrastructure_0567.jpg,public_infrastructure_0567.jpg,PUBLIC_INFRASTRUCTURE,5
processed/images/PUBLIC_INFRASTRUCTURE/public_infrastructure_1160.jpg,public_infrastructure_1160.jpg,PUBLIC_INFRASTRUCTURE,5
processed/images/STREET_LIGHTING/street_lighting_1078.jpg,street_lighting_1078.jpg,STREET_LIGHTING,1
processed/images/ROADS/roads_1096.jpg,roads_1096.jpg,ROADS,0
processed/images/ROADS/roads_0995.jpg,roads_0995.jpg,ROADS,0
processed/images/TREES_ENVIRONMENT/trees_environment_0971.jpg,trees_environment_0971.jpg,TREES_ENVIRONMENT,4
processed/images/PUBLIC_INFRASTRUCTURE/public_infrastructure_1099.jpg,public_infrastructure_1099.jpg,PUBLIC_INFRASTRUCTURE,5
processed/images/PUBLIC_INFRASTRUCTURE/public_infrastructure_0585.jpg,public_infrastructure_0585.jpg,PUBLIC_INFRASTRUCTURE,5
processed/images/WASTE_MANAGEMENT/waste_management_0420.jpg,waste_management_0420.jpg,WASTE_MANAGEMENT,3
processed/images/PUBLIC_INFRASTRUCTURE/public_infrastructure_1277.jpg,public_infrastructure_1277.jpg,PUBLIC_INFRASTRUCTURE,5
processed/images/WASTE_MANAGEMENT/waste_management_0229.jpg,waste_management_0229.jpg,WASTE_MANAGEMENT,3
processed/images/TREES_ENVIRONMENT/trees_environment_1008.jpg,trees_environment_1008.jpg,TREES_ENVIRONMENT,4
processed/images/TREES_ENVIRONMENT/trees_environment_1316.jpg,trees_environment_1316.jpg,TREES_ENVIRONMENT,4
processed/images/WATER_DRAINAGE/water_drainage_0093.jpg,water_drainage_0093.jpg,WATER_DRAINAGE,2
processed/images/WASTE_MANAGEMENT/waste_management_0644.jpg,waste_management_0644.jpg,WASTE_MANAGEMENT,3
processed/images/WASTE_MANAGEMENT/waste_management_0677.jpg,waste_management_0677.jpg,WASTE_MANAGEMENT,3
processed/images/PUBLIC_INFRASTRUCTURE/public_infrastructure_1498.jpg,public_infrastructure_1498.jpg,PUBLIC_INFRASTRUCTURE,5
processed/images/PUBLIC_INFRASTRUCTURE/public_infrastructure_0174.jpg,public_infrastructure_0174.jpg,PUBLIC_INFRASTRUCTURE,5
processed/images/ROADS/roads_0431.jpg,roads_0431.jpg,ROADS,0
processed/images/ROADS/roads_0146.jpg,roads_0146.jpg,ROADS,0
processed/images/ROADS/roads_0581.jpg,roads_0581.jpg,ROADS,0
processed/images/STREET_LIGHTING/street_lighting_0753.jpg,street_lighting_0753.jpg,STREET_LIGHTING,1
processed/images/TREES_ENVIRONMENT/trees_environment_0362.jpg,trees_environment_0362.jpg,TREES_ENVIRONMENT,4
processed/images/ROADS/roads_0645.jpg,roads_0645.jpg,ROADS,0
processed/images/ROADS/roads_0759.jpg,roads_0759.jpg,ROADS,0
processed/images/STREET_LIGHTING/street_lighting_1118.jpg,street_lighting_1118.jpg,STREET_LIGHTING,1
processed/images/ROADS/roads_1537.png,roads_1537.png,ROADS,0
processed/images/PUBLIC_INFRASTRUCTURE/public_infrastructure_0110.jpg,public_infrastructure_0110.jpg,PUBLIC_INFRASTRUCTURE,5
processed/images/STREET_LIGHTING/street_lighting_0280.jpg,street_lighting_0280.jpg,STREET_LIGHTING,1
processed/images/PUBLIC_INFRASTRUCTURE/public_infrastructure_0325.jpg,public_infrastructure_0325.jpg,PUBLIC_INFRASTRUCTURE,5
processed/images/ROADS/roads_1706.png,roads_1706.png,ROADS,0
processed/images/PUBLIC_INFRASTRUCTURE/public_infrastructure_1304.jpg,public_infrastructure_1304.jpg,PUBLIC_INFRASTRUCTURE,5
processed/images/PUBLIC_INFRASTRUCTURE/public_infrastructure_0965.jpg,public_infrastructure_0965.jpg,PUBLIC_INFRASTRUCTURE,5
processed/images/TREES_ENVIRONMENT/trees_environment_0977.jpg,trees_environment_0977.jpg,TREES_ENVIRONMENT,4
processed/images/STREET_LIGHTING/street_lighting_0947.jpg,street_lighting_0947.jpg,STREET_LIGHTING,1
processed/images/PUBLIC_INFRASTRUCTURE/public_infrastructure_0383.jpg,public_infrastructure_0383.jpg,PUBLIC_INFRASTRUCTURE,5
processed/images/ROADS/roads_1611.png,roads_1611.png,ROADS,0
processed/images/ROADS/roads_0245.jpg,roads_0245.jpg,ROADS,0
processed/images/TREES_ENVIRONMENT/trees_environment_1604.jpg,trees_environment_1604.jpg,TREES_ENVIRONMENT,4
processed/images/PUBLIC_INFRASTRUCTURE/public_infrastructure_0905.jpg,public_infrastructure_0905.jpg,PUBLIC_INFRASTRUCTURE,5
processed/images/PUBLIC_INFRASTRUCTURE/public_infrastructure_0590.jpg,public_infrastructure_0590.jpg,PUBLIC_INFRASTRUCTURE,5
processed/images/ROADS/roads_0612.jpg,roads_0612.jpg,ROADS,0
processed/images/ROADS/roads_1903.png,roads_1903.png,ROADS,0
processed/images/STREET_LIGHTING/street_lighting_0497.jpg,street_lighting_0497.jpg,STREET_LIGHTING,1
processed/images/TREES_ENVIRONMENT/trees_environment_1426.jpg,trees_environment_1426.jpg,TREES_ENVIRONMENT,4
processed/images/STREET_LIGHTING/street_lighting_0662.jpg,street_lighting_0662.jpg,STREET_LIGHTING,1
processed/images/TREES_ENVIRONMENT/trees_environment_1275.jpg,trees_environment_1275.jpg,TREES_ENVIRONMENT,4
processed/images/PUBLIC_INFRASTRUCTURE/public_infrastructure_0471.jpg,public_infrastructure_0471.jpg,PUBLIC_INFRASTRUCTURE,5
processed/images/ROADS/roads_0818.jpg,roads_0818.jpg,ROADS,0
processed/images/STREET_LIGHTING/street_lighting_0608.jpg,street_lighting_0608.jpg,STREET_LIGHTING,1
processed/images/WATER_DRAINAGE/water_drainage_0062.jpg,water_drainage_0062.jpg,WATER_DRAINAGE,2
processed/images/TREES_ENVIRONMENT/trees_environment_1257.jpg,trees_environment_1257.jpg,TREES_ENVIRONMENT,4
processed/images/TREES_ENVIRONMENT/trees_environment_0637.jpg,trees_environment_0637.jpg,TREES_ENVIRONMENT,4
processed/images/TREES_ENVIRONMENT/trees_environment_0653.jpg,trees_environment_0653.jpg,TREES_ENVIRONMENT,4
processed/images/WASTE_MANAGEMENT/waste_management_0760.jpg,waste_management_0760.jpg,WASTE_MANAGEMENT,3
processed/images/ROADS/roads_1140.jpg,roads_1140.jpg,ROADS,0
processed/images/ROADS/roads_1652.png,roads_1652.png,ROADS,0
processed/images/WASTE_MANAGEMENT/waste_management_0912.jpg,waste_management_0912.jpg,WASTE_MANAGEMENT,3
processed/images/PUBLIC_INFRASTRUCTURE/public_infrastructure_1243.jpg,public_infrastructure_1243.jpg,PUBLIC_INFRASTRUCTURE,5
processed/images/STREET_LIGHTING/street_lighting_0120.jpg,street_lighting_0120.jpg,STREET_LIGHTING,1
processed/images/ROADS/roads_1749.png,roads_1749.png,ROADS,0
processed/images/STREET_LIGHTING/street_lighting_0392.jpg,street_lighting_0392.jpg,STREET_LIGHTING,1
processed/images/WATER_DRAINAGE/water_drainage_0173.jpg,water_drainage_0173.jpg,WATER_DRAINAGE,2
processed/images/STREET_LIGHTING/street_lighting_0921.jpg,street_lighting_0921.jpg,STREET_LIGHTING,1
processed/images/TREES_ENVIRONMENT/trees_environment_1059.jpg,trees_environment_1059.jpg,TREES_ENVIRONMENT,4
processed/images/STREET_LIGHTING/street_lighting_0982.jpg,street_lighting_0982.jpg,STREET_LIGHTING,1
processed/images/PUBLIC_INFRASTRUCTURE/public_infrastructure_0632.jpg,public_infrastructure_0632.jpg,PUBLIC_INFRASTRUCTURE,5
processed/images/ROADS/roads_0836.jpg,roads_0836.jpg,ROADS,0
processed/images/WASTE_MANAGEMENT/waste_management_0051.jpg,waste_management_0051.jpg,WASTE_MANAGEMENT,3
processed/images/PUBLIC_INFRASTRUCTURE/public_infrastructure_0157.jpg,public_infrastructure_0157.jpg,PUBLIC_INFRASTRUCTURE,5
processed/images/ROADS/roads_1644.png,roads_1644.png,ROADS,0
processed/images/PUBLIC_INFRASTRUCTURE/public_infrastructure_1234.jpg,public_infrastructure_1234.jpg,PUBLIC_INFRASTRUCTURE,5
processed/images/ROADS/roads_1831.png,roads_1831.png,ROADS,0
processed/images/WASTE_MANAGEMENT/waste_management_0753.jpg,waste_management_0753.jpg,WASTE_MANAGEMENT,3
processed/images/STREET_LIGHTING/street_lighting_0193.jpg,street_lighting_0193.jpg,STREET_LIGHTING,1
processed/images/STREET_LIGHTING/street_lighting_0258.jpg,street_lighting_0258.jpg,STREET_LIGHTING,1
processed/images/PUBLIC_INFRASTRUCTURE/public_infrastructure_0449.jpg,public_infrastructure_0449.jpg,PUBLIC_INFRASTRUCTURE,5
processed/images/ROADS/roads_1139.jpg,roads_1139.jpg,ROADS,0
processed/images/WATER_DRAINAGE/water_drainage_0374.jpg,water_drainage_0374.jpg,WATER_DRAINAGE,2
processed/images/PUBLIC_INFRASTRUCTURE/public_infrastructure_0571.jpg,public_infrastructure_0571.jpg,PUBLIC_INFRASTRUCTURE,5
processed/images/TREES_ENVIRONMENT/trees_environment_0187.jpg,trees_environment_0187.jpg,TREES_ENVIRONMENT,4
processed/images/PUBLIC_INFRASTRUCTURE/public_infrastructure_1275.jpg,public_infrastructure_1275.jpg,PUBLIC_INFRASTRUCTURE,5
processed/images/TREES_ENVIRONMENT/trees_environment_0897.jpg,trees_environment_0897.jpg,TREES_ENVIRONMENT,4
processed/images/PUBLIC_INFRASTRUCTURE/public_infrastructure_1355.jpg,public_infrastructure_1355.jpg,PUBLIC_INFRASTRUCTURE,5
processed/images/ROADS/roads_1656.png,roads_1656.png,ROADS,0
processed/images/STREET_LIGHTING/street_lighting_0191.jpg,street_lighting_0191.jpg,STREET_LIGHTING,1
processed/images/WASTE_MANAGEMENT/waste_management_0157.jpg,waste_management_0157.jpg,WASTE_MANAGEMENT,3
processed/images/TREES_ENVIRONMENT/trees_environment_1233.jpg,trees_environment_1233.jpg,TREES_ENVIRONMENT,4
processed/images/ROADS/roads_0560.jpg,roads_0560.jpg,ROADS,0
processed/images/TREES_ENVIRONMENT/trees_environment_0563.jpg,trees_environment_0563.jpg,TREES_ENVIRONMENT,4
processed/images/TREES_ENVIRONMENT/trees_environment_0132.jpg,trees_environment_0132.jpg,TREES_ENVIRONMENT,4
processed/images/ROADS/roads_1304.png,roads_1304.png,ROADS,0
processed/images/TREES_ENVIRONMENT/trees_environment_0491.jpg,trees_environment_0491.jpg,TREES_ENVIRONMENT,4
processed/images/STREET_LIGHTING/street_lighting_0985.jpg,street_lighting_0985.jpg,STREET_LIGHTING,1
processed/images/ROADS/roads_1508.png,roads_1508.png,ROADS,0
processed/images/TREES_ENVIRONMENT/trees_environment_0852.jpg,trees_environment_0852.jpg,TREES_ENVIRONMENT,4
processed/images/PUBLIC_INFRASTRUCTURE/public_infrastructure_0307.jpg,public_infrastructure_0307.jpg,PUBLIC_INFRASTRUCTURE,5
processed/images/ROADS/roads_0736.jpg,roads_0736.jpg,ROADS,0
processed/images/WASTE_MANAGEMENT/waste_management_0777.jpg,waste_management_0777.jpg,WASTE_MANAGEMENT,3
processed/images/ROADS/roads_1550.png,roads_1550.png,ROADS,0
processed/images/WASTE_MANAGEMENT/waste_management_0490.jpg,waste_management_0490.jpg,WASTE_MANAGEMENT,3
processed/images/ROADS/roads_0061.jpg,roads_0061.jpg,ROADS,0
processed/images/ROADS/roads_0578.jpg,roads_0578.jpg,ROADS,0
processed/images/ROADS/roads_1133.jpg,roads_1133.jpg,ROADS,0
processed/images/WASTE_MANAGEMENT/waste_management_0858.jpg,waste_management_0858.jpg,WASTE_MANAGEMENT,3
processed/images/WASTE_MANAGEMENT/waste_management_0214.jpg,waste_management_0214.jpg,WASTE_MANAGEMENT,3
processed/images/TREES_ENVIRONMENT/trees_environment_0164.jpg,trees_environment_0164.jpg,TREES_ENVIRONMENT,4
processed/images/TREES_ENVIRONMENT/trees_environment_0922.jpg,trees_environment_0922.jpg,TREES_ENVIRONMENT,4
processed/images/ROADS/roads_0615.jpg,roads_0615.jpg,ROADS,0
processed/images/STREET_LIGHTING/street_lighting_0326.jpg,street_lighting_0326.jpg,STREET_LIGHTING,1
processed/images/ROADS/roads_0711.jpg,roads_0711.jpg,ROADS,0
processed/images/TREES_ENVIRONMENT/trees_environment_0934.jpg,trees_environment_0934.jpg,TREES_ENVIRONMENT,4
processed/images/WASTE_MANAGEMENT/waste_management_0553.jpg,waste_management_0553.jpg,WASTE_MANAGEMENT,3
processed/images/ROADS/roads_1269.png,roads_1269.png,ROADS,0
processed/images/WASTE_MANAGEMENT/waste_management_0656.jpg,waste_management_0656.jpg,WASTE_MANAGEMENT,3
processed/images/PUBLIC_INFRASTRUCTURE/public_infrastructure_0698.jpg,public_infrastructure_0698.jpg,PUBLIC_INFRASTRUCTURE,5
processed/images/TREES_ENVIRONMENT/trees_environment_0091.jpg,trees_environment_0091.jpg,TREES_ENVIRONMENT,4
processed/images/WASTE_MANAGEMENT/waste_management_0037.jpg,waste_management_0037.jpg,WASTE_MANAGEMENT,3
processed/images/TREES_ENVIRONMENT/trees_environment_0718.jpg,trees_environment_0718.jpg,TREES_ENVIRONMENT,4
processed/images/STREET_LIGHTING/street_lighting_0338.jpg,street_lighting_0338.jpg,STREET_LIGHTING,1
processed/images/STREET_LIGHTING/street_lighting_0897.jpg,street_lighting_0897.jpg,STREET_LIGHTING,1
processed/images/ROADS/roads_0832.jpg,roads_0832.jpg,ROADS,0
processed/images/WASTE_MANAGEMENT/waste_management_0888.jpg,waste_management_0888.jpg,WASTE_MANAGEMENT,3
processed/images/ROADS/roads_1605.png,roads_1605.png,ROADS,0
processed/images/WASTE_MANAGEMENT/waste_management_0862.jpg,waste_management_0862.jpg,WASTE_MANAGEMENT,3
processed/images/TREES_ENVIRONMENT/trees_environment_0730.jpg,trees_environment_0730.jpg,TREES_ENVIRONMENT,4
processed/images/ROADS/roads_0158.jpg,roads_0158.jpg,ROADS,0
processed/images/STREET_LIGHTING/street_lighting_1123.jpg,street_lighting_1123.jpg,STREET_LIGHTING,1
processed/images/TREES_ENVIRONMENT/trees_environment_0606.jpg,trees_environment_0606.jpg,TREES_ENVIRONMENT,4
processed/images/PUBLIC_INFRASTRUCTURE/public_infrastructure_1019.jpg,public_infrastructure_1019.jpg,PUBLIC_INFRASTRUCTURE,5
processed/images/WATER_DRAINAGE/water_drainage_0221.jpg,water_drainage_0221.jpg,WATER_DRAINAGE,2
processed/images/PUBLIC_INFRASTRUCTURE/public_infrastructure_0245.jpg,public_infrastructure_0245.jpg,PUBLIC_INFRASTRUCTURE,5
processed/images/PUBLIC_INFRASTRUCTURE/public_infrastructure_0472.jpg,public_infrastructure_0472.jpg,PUBLIC_INFRASTRUCTURE,5
processed/images/TREES_ENVIRONMENT/trees_environment_1061.jpg,trees_environment_1061.jpg,TREES_ENVIRONMENT,4
processed/images/STREET_LIGHTING/street_lighting_0315.jpg,street_lighting_0315.jpg,STREET_LIGHTING,1
processed/images/TREES_ENVIRONMENT/trees_environment_0691.jpg,trees_environment_0691.jpg,TREES_ENVIRONMENT,4
processed/images/ROADS/roads_0987.jpg,roads_0987.jpg,ROADS,0
processed/images/TREES_ENVIRONMENT/trees_environment_1192.jpg,trees_environment_1192.jpg,TREES_ENVIRONMENT,4
processed/images/ROADS/roads_0496.jpg,roads_0496.jpg,ROADS,0
processed/images/STREET_LIGHTING/street_lighting_0222.jpg,street_lighting_0222.jpg,STREET_LIGHTING,1
processed/images/WASTE_MANAGEMENT/waste_management_0369.jpg,waste_management_0369.jpg,WASTE_MANAGEMENT,3
processed/images/PUBLIC_INFRASTRUCTURE/public_infrastructure_1264.jpg,public_infrastructure_1264.jpg,PUBLIC_INFRASTRUCTURE,5
processed/images/TREES_ENVIRONMENT/trees_environment_0169.jpg,trees_environment_0169.jpg,TREES_ENVIRONMENT,4
processed/images/PUBLIC_INFRASTRUCTURE/public_infrastructure_0665.jpg,public_infrastructure_0665.jpg,PUBLIC_INFRASTRUCTURE,5
processed/images/WASTE_MANAGEMENT/waste_management_0223.jpg,waste_management_0223.jpg,WASTE_MANAGEMENT,3
processed/images/ROADS/roads_0782.jpg,roads_0782.jpg,ROADS,0
processed/images/TREES_ENVIRONMENT/trees_environment_0684.jpg,trees_environment_0684.jpg,TREES_ENVIRONMENT,4
processed/images/STREET_LIGHTING/street_lighting_0862.jpg,street_lighting_0862.jpg,STREET_LIGHTING,1
processed/images/STREET_LIGHTING/street_lighting_1129.jpg,street_lighting_1129.jpg,STREET_LIGHTING,1
processed/images/ROADS/roads_0547.jpg,roads_0547.jpg,ROADS,0
processed/images/TREES_ENVIRONMENT/trees_environment_0597.jpg,trees_environment_0597.jpg,TREES_ENVIRONMENT,4
processed/images/PUBLIC_INFRASTRUCTURE/public_infrastructure_0362.jpg,public_infrastructure_0362.jpg,PUBLIC_INFRASTRUCTURE,5
processed/images/ROADS/roads_0951.jpg,roads_0951.jpg,ROADS,0
processed/images/ROADS/roads_1645.png,roads_1645.png,ROADS,0
processed/images/STREET_LIGHTING/street_lighting_0768.jpg,street_lighting_0768.jpg,STREET_LIGHTING,1
processed/images/PUBLIC_INFRASTRUCTURE/public_infrastructure_0728.jpg,public_infrastructure_0728.jpg,PUBLIC_INFRASTRUCTURE,5
processed/images/STREET_LIGHTING/street_lighting_0816.jpg,street_lighting_0816.jpg,STREET_LIGHTING,1
processed/images/TREES_ENVIRONMENT/trees_environment_0324.jpg,trees_environment_0324.jpg,TREES_ENVIRONMENT,4
processed/images/STREET_LIGHTING/street_lighting_0644.jpg,street_lighting_0644.jpg,STREET_LIGHTING,1
processed/images/ROADS/roads_0583.jpg,roads_0583.jpg,ROADS,0
processed/images/PUBLIC_INFRASTRUCTURE/public_infrastructure_1141.jpg,public_infrastructure_1141.jpg,PUBLIC_INFRASTRUCTURE,5
processed/images/STREET_LIGHTING/street_lighting_0656.jpg,street_lighting_0656.jpg,STREET_LIGHTING,1
processed/images/PUBLIC_INFRASTRUCTURE/public_infrastructure_0222.jpg,public_infrastructure_0222.jpg,PUBLIC_INFRASTRUCTURE,5
processed/images/WASTE_MANAGEMENT/waste_management_0336.jpg,waste_management_0336.jpg,WASTE_MANAGEMENT,3
processed/images/ROADS/roads_1460.png,roads_1460.png,ROADS,0
processed/images/STREET_LIGHTING/street_lighting_0830.jpg,street_lighting_0830.jpg,STREET_LIGHTING,1
processed/images/ROADS/roads_0396.jpg,roads_0396.jpg,ROADS,0
processed/images/PUBLIC_INFRASTRUCTURE/public_infrastructure_1372.jpg,public_infrastructure_1372.jpg,PUBLIC_INFRASTRUCTURE,5
processed/images/WASTE_MANAGEMENT/waste_management_0301.jpg,waste_management_0301.jpg,WASTE_MANAGEMENT,3
processed/images/ROADS/roads_0817.jpg,roads_0817.jpg,ROADS,0
processed/images/PUBLIC_INFRASTRUCTURE/public_infrastructure_0598.jpg,public_infrastructure_0598.jpg,PUBLIC_INFRASTRUCTURE,5
processed/images/TREES_ENVIRONMENT/trees_environment_1065.jpg,trees_environment_1065.jpg,TREES_ENVIRONMENT,4
processed/images/STREET_LIGHTING/street_lighting_0419.jpg,street_lighting_0419.jpg,STREET_LIGHTING,1
processed/images/ROADS/roads_0494.jpg,roads_0494.jpg,ROADS,0
processed/images/ROADS/roads_1120.jpg,roads_1120.jpg,ROADS,0
processed/images/WASTE_MANAGEMENT/waste_management_0558.jpg,waste_management_0558.jpg,WASTE_MANAGEMENT,3
processed/images/WASTE_MANAGEMENT/waste_management_0720.jpg,waste_management_0720.jpg,WASTE_MANAGEMENT,3
processed/images/ROADS/roads_0885.jpg,roads_0885.jpg,ROADS,0
processed/images/ROADS/roads_0054.jpg,roads_0054.jpg,ROADS,0
processed/images/WASTE_MANAGEMENT/waste_management_0158.jpg,waste_management_0158.jpg,WASTE_MANAGEMENT,3
processed/images/ROADS/roads_0354.jpg,roads_0354.jpg,ROADS,0
processed/images/ROADS/roads_1045.jpg,roads_1045.jpg,ROADS,0
processed/images/WASTE_MANAGEMENT/waste_management_0348.jpg,waste_management_0348.jpg,WASTE_MANAGEMENT,3
processed/images/TREES_ENVIRONMENT/trees_environment_1123.jpg,trees_environment_1123.jpg,TREES_ENVIRONMENT,4
processed/images/ROADS/roads_0264.jpg,roads_0264.jpg,ROADS,0
processed/images/PUBLIC_INFRASTRUCTURE/public_infrastructure_1450.jpg,public_infrastructure_1450.jpg,PUBLIC_INFRASTRUCTURE,5
processed/images/ROADS/roads_1358.png,roads_1358.png,ROADS,0
processed/images/STREET_LIGHTING/street_lighting_0677.jpg,street_lighting_0677.jpg,STREET_LIGHTING,1
processed/images/STREET_LIGHTING/street_lighting_0379.jpg,street_lighting_0379.jpg,STREET_LIGHTING,1
processed/images/TREES_ENVIRONMENT/trees_environment_0258.jpg,trees_environment_0258.jpg,TREES_ENVIRONMENT,4
processed/images/WATER_DRAINAGE/water_drainage_0316.jpg,water_drainage_0316.jpg,WATER_DRAINAGE,2
processed/images/STREET_LIGHTING/street_lighting_0226.jpg,street_lighting_0226.jpg,STREET_LIGHTING,1
processed/images/TREES_ENVIRONMENT/trees_environment_1537.jpg,trees_environment_1537.jpg,TREES_ENVIRONMENT,4
processed/images/TREES_ENVIRONMENT/trees_environment_0793.jpg,trees_environment_0793.jpg,TREES_ENVIRONMENT,4
processed/images/ROADS/roads_0686.jpg,roads_0686.jpg,ROADS,0
processed/images/ROADS/roads_1301.png,roads_1301.png,ROADS,0
processed/images/WATER_DRAINAGE/water_drainage_0347.jpg,water_drainage_0347.jpg,WATER_DRAINAGE,2
processed/images/STREET_LIGHTING/street_lighting_0890.jpg,street_lighting_0890.jpg,STREET_LIGHTING,1
processed/images/STREET_LIGHTING/street_lighting_0718.jpg,street_lighting_0718.jpg,STREET_LIGHTING,1
processed/images/ROADS/roads_1516.png,roads_1516.png,ROADS,0
processed/images/PUBLIC_INFRASTRUCTURE/public_infrastructure_0232.jpg,public_infrastructure_0232.jpg,PUBLIC_INFRASTRUCTURE,5
processed/images/WASTE_MANAGEMENT/waste_management_0124.jpg,waste_management_0124.jpg,WASTE_MANAGEMENT,3
processed/images/TREES_ENVIRONMENT/trees_environment_0408.jpg,trees_environment_0408.jpg,TREES_ENVIRONMENT,4
processed/images/ROADS/roads_0559.jpg,roads_0559.jpg,ROADS,0
processed/images/STREET_LIGHTING/street_lighting_0039.jpg,street_lighting_0039.jpg,STREET_LIGHTING,1
processed/images/STREET_LIGHTING/street_lighting_0697.jpg,street_lighting_0697.jpg,STREET_LIGHTING,1
processed/images/TREES_ENVIRONMENT/trees_environment_0321.jpg,trees_environment_0321.jpg,TREES_ENVIRONMENT,4
processed/images/ROADS/roads_1718.png,roads_1718.png,ROADS,0
processed/images/PUBLIC_INFRASTRUCTURE/public_infrastructure_0340.jpg,public_infrastructure_0340.jpg,PUBLIC_INFRASTRUCTURE,5
processed/images/TREES_ENVIRONMENT/trees_environment_1550.jpg,trees_environment_1550.jpg,TREES_ENVIRONMENT,4
processed/images/TREES_ENVIRONMENT/trees_environment_0007.jpg,trees_environment_0007.jpg,TREES_ENVIRONMENT,4
processed/images/PUBLIC_INFRASTRUCTURE/public_infrastructure_0310.jpg,public_infrastructure_0310.jpg,PUBLIC_INFRASTRUCTURE,5
processed/images/ROADS/roads_0477.jpg,roads_0477.jpg,ROADS,0
processed/images/ROADS/roads_1346.png,roads_1346.png,ROADS,0
processed/images/TREES_ENVIRONMENT/trees_environment_1112.jpg,trees_environment_1112.jpg,TREES_ENVIRONMENT,4
processed/images/PUBLIC_INFRASTRUCTURE/public_infrastructure_0257.jpg,public_infrastructure_0257.jpg,PUBLIC_INFRASTRUCTURE,5
processed/images/STREET_LIGHTING/street_lighting_0481.jpg,street_lighting_0481.jpg,STREET_LIGHTING,1
processed/images/WATER_DRAINAGE/water_drainage_0120.jpg,water_drainage_0120.jpg,WATER_DRAINAGE,2
processed/images/STREET_LIGHTING/street_lighting_1117.jpg,street_lighting_1117.jpg,STREET_LIGHTING,1
processed/images/TREES_ENVIRONMENT/trees_environment_1395.jpg,trees_environment_1395.jpg,TREES_ENVIRONMENT,4
processed/images/TREES_ENVIRONMENT/trees_environment_1486.jpg,trees_environment_1486.jpg,TREES_ENVIRONMENT,4
processed/images/ROADS/roads_1799.png,roads_1799.png,ROADS,0
processed/images/ROADS/roads_1732.png,roads_1732.png,ROADS,0
processed/images/ROADS/roads_0799.jpg,roads_0799.jpg,ROADS,0
processed/images/PUBLIC_INFRASTRUCTURE/public_infrastructure_0686.jpg,public_infrastructure_0686.jpg,PUBLIC_INFRASTRUCTURE,5
processed/images/STREET_LIGHTING/street_lighting_0764.jpg,street_lighting_0764.jpg,STREET_LIGHTING,1
processed/images/TREES_ENVIRONMENT/trees_environment_0524.jpg,trees_environment_0524.jpg,TREES_ENVIRONMENT,4
processed/images/STREET_LIGHTING/street_lighting_0010.jpg,street_lighting_0010.jpg,STREET_LIGHTING,1
processed/images/TREES_ENVIRONMENT/trees_environment_0638.jpg,trees_environment_0638.jpg,TREES_ENVIRONMENT,4
processed/images/STREET_LIGHTING/street_lighting_0249.jpg,street_lighting_0249.jpg,STREET_LIGHTING,1
processed/images/ROADS/roads_1503.png,roads_1503.png,ROADS,0
processed/images/PUBLIC_INFRASTRUCTURE/public_infrastructure_0788.jpg,public_infrastructure_0788.jpg,PUBLIC_INFRASTRUCTURE,5
processed/images/TREES_ENVIRONMENT/trees_environment_1519.jpg,trees_environment_1519.jpg,TREES_ENVIRONMENT,4
processed/images/ROADS/roads_1126.jpg,roads_1126.jpg,ROADS,0
processed/images/TREES_ENVIRONMENT/trees_environment_0656.jpg,trees_environment_0656.jpg,TREES_ENVIRONMENT,4
processed/images/ROADS/roads_1511.png,roads_1511.png,ROADS,0
processed/images/PUBLIC_INFRASTRUCTURE/public_infrastructure_1177.jpg,public_infrastructure_1177.jpg,PUBLIC_INFRASTRUCTURE,5
processed/images/WATER_DRAINAGE/water_drainage_0415.jpg,water_drainage_0415.jpg,WATER_DRAINAGE,2
processed/images/ROADS/roads_0419.jpg,roads_0419.jpg,ROADS,0
processed/images/WASTE_MANAGEMENT/waste_management_0122.jpg,waste_management_0122.jpg,WASTE_MANAGEMENT,3
processed/images/STREET_LIGHTING/street_lighting_0970.jpg,street_lighting_0970.jpg,STREET_LIGHTING,1
processed/images/ROADS/roads_1816.png,roads_1816.png,ROADS,0
processed/images/TREES_ENVIRONMENT/trees_environment_0341.jpg,trees_environment_0341.jpg,TREES_ENVIRONMENT,4
processed/images/STREET_LIGHTING/street_lighting_0108.jpg,street_lighting_0108.jpg,STREET_LIGHTING,1
processed/images/WASTE_MANAGEMENT/waste_management_0636.jpg,waste_management_0636.jpg,WASTE_MANAGEMENT,3
processed/images/TREES_ENVIRONMENT/trees_environment_0163.jpg,trees_environment_0163.jpg,TREES_ENVIRONMENT,4
processed/images/STREET_LIGHTING/street_lighting_0296.jpg,street_lighting_0296.jpg,STREET_LIGHTING,1
processed/images/PUBLIC_INFRASTRUCTURE/public_infrastructure_0945.jpg,public_infrastructure_0945.jpg,PUBLIC_INFRASTRUCTURE,5
processed/images/STREET_LIGHTING/street_lighting_0563.jpg,street_lighting_0563.jpg,STREET_LIGHTING,1
processed/images/ROADS/roads_1372.png,roads_1372.png,ROADS,0
processed/images/TREES_ENVIRONMENT/trees_environment_0079.jpg,trees_environment_0079.jpg,TREES_ENVIRONMENT,4
processed/images/ROADS/roads_0267.jpg,roads_0267.jpg,ROADS,0
processed/images/ROADS/roads_1822.png,roads_1822.png,ROADS,0
processed/images/STREET_LIGHTING/street_lighting_0042.jpg,street_lighting_0042.jpg,STREET_LIGHTING,1
processed/images/STREET_LIGHTING/street_lighting_0291.jpg,street_lighting_0291.jpg,STREET_LIGHTING,1
processed/images/STREET_LIGHTING/street_lighting_0119.jpg,street_lighting_0119.jpg,STREET_LIGHTING,1
processed/images/ROADS/roads_1714.png,roads_1714.png,ROADS,0
processed/images/ROADS/roads_0824.jpg,roads_0824.jpg,ROADS,0
processed/images/TREES_ENVIRONMENT/trees_environment_0906.jpg,trees_environment_0906.jpg,TREES_ENVIRONMENT,4
processed/images/PUBLIC_INFRASTRUCTURE/public_infrastructure_0783.jpg,public_infrastructure_0783.jpg,PUBLIC_INFRASTRUCTURE,5
processed/images/WASTE_MANAGEMENT/waste_management_0187.jpg,waste_management_0187.jpg,WASTE_MANAGEMENT,3
processed/images/ROADS/roads_0416.jpg,roads_0416.jpg,ROADS,0
processed/images/ROADS/roads_0574.jpg,roads_0574.jpg,ROADS,0
processed/images/TREES_ENVIRONMENT/trees_environment_1163.jpg,trees_environment_1163.jpg,TREES_ENVIRONMENT,4
processed/images/PUBLIC_INFRASTRUCTURE/public_infrastructure_0256.jpg,public_infrastructure_0256.jpg,PUBLIC_INFRASTRUCTURE,5
processed/images/PUBLIC_INFRASTRUCTURE/public_infrastructure_0359.jpg,public_infrastructure_0359.jpg,PUBLIC_INFRASTRUCTURE,5
processed/images/STREET_LIGHTING/street_lighting_0622.jpg,street_lighting_0622.jpg,STREET_LIGHTING,1
processed/images/WATER_DRAINAGE/water_drainage_0136.jpg,water_drainage_0136.jpg,WATER_DRAINAGE,2
processed/images/ROADS/roads_0643.jpg,roads_0643.jpg,ROADS,0
processed/images/ROADS/roads_1283.png,roads_1283.png,ROADS,0
processed/images/STREET_LIGHTING/street_lighting_0600.jpg,street_lighting_0600.jpg,STREET_LIGHTING,1
processed/images/STREET_LIGHTING/street_lighting_0179.jpg,street_lighting_0179.jpg,STREET_LIGHTING,1
processed/images/TREES_ENVIRONMENT/trees_environment_0657.jpg,trees_environment_0657.jpg,TREES_ENVIRONMENT,4
processed/images/ROADS/roads_0447.jpg,roads_0447.jpg,ROADS,0
processed/images/TREES_ENVIRONMENT/trees_environment_0025.jpg,trees_environment_0025.jpg,TREES_ENVIRONMENT,4
processed/images/PUBLIC_INFRASTRUCTURE/public_infrastructure_0954.jpg,public_infrastructure_0954.jpg,PUBLIC_INFRASTRUCTURE,5
processed/images/STREET_LIGHTING/street_lighting_0858.jpg,street_lighting_0858.jpg,STREET_LIGHTING,1
processed/images/ROADS/roads_0744.jpg,roads_0744.jpg,ROADS,0
processed/images/PUBLIC_INFRASTRUCTURE/public_infrastructure_0180.jpg,public_infrastructure_0180.jpg,PUBLIC_INFRASTRUCTURE,5
processed/images/STREET_LIGHTING/street_lighting_0270.jpg,street_lighting_0270.jpg,STREET_LIGHTING,1
processed/images/PUBLIC_INFRASTRUCTURE/public_infrastructure_0530.jpg,public_infrastructure_0530.jpg,PUBLIC_INFRASTRUCTURE,5
processed/images/ROADS/roads_1580.png,roads_1580.png,ROADS,0
processed/images/STREET_LIGHTING/street_lighting_0616.jpg,street_lighting_0616.jpg,STREET_LIGHTING,1
processed/images/STREET_LIGHTING/street_lighting_0397.jpg,street_lighting_0397.jpg,STREET_LIGHTING,1
processed/images/ROADS/roads_0033.jpeg,roads_0033.jpeg,ROADS,0
processed/images/PUBLIC_INFRASTRUCTURE/public_infrastructure_1138.jpg,public_infrastructure_1138.jpg,PUBLIC_INFRASTRUCTURE,5
processed/images/ROADS/roads_0768.jpg,roads_0768.jpg,ROADS,0
processed/images/STREET_LIGHTING/street_lighting_0835.jpg,street_lighting_0835.jpg,STREET_LIGHTING,1
processed/images/ROADS/roads_1425.png,roads_1425.png,ROADS,0
processed/images/STREET_LIGHTING/street_lighting_0161.jpg,street_lighting_0161.jpg,STREET_LIGHTING,1
processed/images/ROADS/roads_0292.jpg,roads_0292.jpg,ROADS,0
processed/images/PUBLIC_INFRASTRUCTURE/public_infrastructure_0037.jpg,public_infrastructure_0037.jpg,PUBLIC_INFRASTRUCTURE,5
processed/images/STREET_LIGHTING/street_lighting_0701.jpg,street_lighting_0701.jpg,STREET_LIGHTING,1
processed/images/PUBLIC_INFRASTRUCTURE/public_infrastructure_0367.jpg,public_infrastructure_0367.jpg,PUBLIC_INFRASTRUCTURE,5
processed/images/WASTE_MANAGEMENT/waste_management_0318.jpg,waste_management_0318.jpg,WASTE_MANAGEMENT,3
processed/images/ROADS/roads_1389.png,roads_1389.png,ROADS,0
processed/images/PUBLIC_INFRASTRUCTURE/public_infrastructure_0534.jpg,public_infrastructure_0534.jpg,PUBLIC_INFRASTRUCTURE,5
processed/images/STREET_LIGHTING/street_lighting_0999.jpg,street_lighting_0999.jpg,STREET_LIGHTING,1
processed/images/TREES_ENVIRONMENT/trees_environment_1383.jpg,trees_environment_1383.jpg,TREES_ENVIRONMENT,4
processed/images/WASTE_MANAGEMENT/waste_management_0389.jpg,waste_management_0389.jpg,WASTE_MANAGEMENT,3
processed/images/TREES_ENVIRONMENT/trees_environment_0325.jpg,trees_environment_0325.jpg,TREES_ENVIRONMENT,4
processed/images/STREET_LIGHTING/street_lighting_0520.jpg,street_lighting_0520.jpg,STREET_LIGHTING,1
processed/images/TREES_ENVIRONMENT/trees_environment_0006.jpg,trees_environment_0006.jpg,TREES_ENVIRONMENT,4
processed/images/ROADS/roads_1807.png,roads_1807.png,ROADS,0
processed/images/TREES_ENVIRONMENT/trees_environment_1567.jpg,trees_environment_1567.jpg,TREES_ENVIRONMENT,4
processed/images/PUBLIC_INFRASTRUCTURE/public_infrastructure_1113.jpg,public_infrastructure_1113.jpg,PUBLIC_INFRASTRUCTURE,5
processed/images/PUBLIC_INFRASTRUCTURE/public_infrastructure_0599.jpg,public_infrastructure_0599.jpg,PUBLIC_INFRASTRUCTURE,5
processed/images/ROADS/roads_1591.png,roads_1591.png,ROADS,0
processed/images/PUBLIC_INFRASTRUCTURE/public_infrastructure_0435.jpg,public_infrastructure_0435.jpg,PUBLIC_INFRASTRUCTURE,5
processed/images/ROADS/roads_0790.jpg,roads_0790.jpg,ROADS,0
processed/images/PUBLIC_INFRASTRUCTURE/public_infrastructure_1262.jpg,public_infrastructure_1262.jpg,PUBLIC_INFRASTRUCTURE,5
processed/images/WATER_DRAINAGE/water_drainage_0199.jpg,water_drainage_0199.jpg,WATER_DRAINAGE,2
processed/images/WATER_DRAINAGE/water_drainage_0189.jpg,water_drainage_0189.jpg,WATER_DRAINAGE,2
processed/images/TREES_ENVIRONMENT/trees_environment_0486.jpg,trees_environment_0486.jpg,TREES_ENVIRONMENT,4
processed/images/WASTE_MANAGEMENT/waste_management_0078.jpg,waste_management_0078.jpg,WASTE_MANAGEMENT,3
processed/images/ROADS/roads_1016.jpg,roads_1016.jpg,ROADS,0
processed/images/ROADS/roads_0283.jpg,roads_0283.jpg,ROADS,0
processed/images/WATER_DRAINAGE/water_drainage_0152.jpg,water_drainage_0152.jpg,WATER_DRAINAGE,2
processed/images/ROADS/roads_1081.jpg,roads_1081.jpg,ROADS,0
processed/images/WATER_DRAINAGE/water_drainage_0053.jpg,water_drainage_0053.jpg,WATER_DRAINAGE,2
processed/images/WATER_DRAINAGE/water_drainage_0397.jpg,water_drainage_0397.jpg,WATER_DRAINAGE,2
processed/images/STREET_LIGHTING/street_lighting_0256.jpg,street_lighting_0256.jpg,STREET_LIGHTING,1
processed/images/ROADS/roads_1598.png,roads_1598.png,ROADS,0
processed/images/WATER_DRAINAGE/water_drainage_0265.jpg,water_drainage_0265.jpg,WATER_DRAINAGE,2
processed/images/TREES_ENVIRONMENT/trees_environment_0979.jpg,trees_environment_0979.jpg,TREES_ENVIRONMENT,4
processed/images/WASTE_MANAGEMENT/waste_management_0111.jpg,waste_management_0111.jpg,WASTE_MANAGEMENT,3
processed/images/ROADS/roads_0657.jpg,roads_0657.jpg,ROADS,0
processed/images/WASTE_MANAGEMENT/waste_management_0162.jpg,waste_management_0162.jpg,WASTE_MANAGEMENT,3
processed/images/STREET_LIGHTING/street_lighting_0410.jpg,street_lighting_0410.jpg,STREET_LIGHTING,1
processed/images/ROADS/roads_0783.jpg,roads_0783.jpg,ROADS,0
processed/images/ROADS/roads_0841.jpg,roads_0841.jpg,ROADS,0
processed/images/ROADS/roads_0983.jpg,roads_0983.jpg,ROADS,0
processed/images/WASTE_MANAGEMENT/waste_management_0407.jpg,waste_management_0407.jpg,WASTE_MANAGEMENT,3
processed/images/TREES_ENVIRONMENT/trees_environment_1594.jpg,trees_environment_1594.jpg,TREES_ENVIRONMENT,4
processed/images/STREET_LIGHTING/street_lighting_0752.jpg,street_lighting_0752.jpg,STREET_LIGHTING,1
processed/images/TREES_ENVIRONMENT/trees_environment_0916.jpg,trees_environment_0916.jpg,TREES_ENVIRONMENT,4
processed/images/PUBLIC_INFRASTRUCTURE/public_infrastructure_0627.jpg,public_infrastructure_0627.jpg,PUBLIC_INFRASTRUCTURE,5
processed/images/PUBLIC_INFRASTRUCTURE/public_infrastructure_0753.jpg,public_infrastructure_0753.jpg,PUBLIC_INFRASTRUCTURE,5
processed/images/WASTE_MANAGEMENT/waste_management_0053.jpg,waste_management_0053.jpg,WASTE_MANAGEMENT,3
processed/images/ROADS/roads_0185.jpg,roads_0185.jpg,ROADS,0
processed/images/STREET_LIGHTING/street_lighting_0680.jpg,street_lighting_0680.jpg,STREET_LIGHTING,1
processed/images/ROADS/roads_1130.jpg,roads_1130.jpg,ROADS,0
processed/images/PUBLIC_INFRASTRUCTURE/public_infrastructure_0279.jpg,public_infrastructure_0279.jpg,PUBLIC_INFRASTRUCTURE,5
processed/images/PUBLIC_INFRASTRUCTURE/public_infrastructure_0865.jpg,public_infrastructure_0865.jpg,PUBLIC_INFRASTRUCTURE,5
processed/images/TREES_ENVIRONMENT/trees_environment_0347.jpg,trees_environment_0347.jpg,TREES_ENVIRONMENT,4
processed/images/TREES_ENVIRONMENT/trees_environment_0929.jpg,trees_environment_0929.jpg,TREES_ENVIRONMENT,4
processed/images/PUBLIC_INFRASTRUCTURE/public_infrastructure_0515.jpg,public_infrastructure_0515.jpg,PUBLIC_INFRASTRUCTURE,5
processed/images/STREET_LIGHTING/street_lighting_0500.jpg,street_lighting_0500.jpg,STREET_LIGHTING,1
processed/images/ROADS/roads_0100.jpg,roads_0100.jpg,ROADS,0
processed/images/WASTE_MANAGEMENT/waste_management_0263.jpg,waste_management_0263.jpg,WASTE_MANAGEMENT,3
processed/images/ROADS/roads_0343.jpg,roads_0343.jpg,ROADS,0
processed/images/STREET_LIGHTING/street_lighting_0146.jpg,street_lighting_0146.jpg,STREET_LIGHTING,1
processed/images/ROADS/roads_0162.jpg,roads_0162.jpg,ROADS,0
processed/images/ROADS/roads_0930.jpg,roads_0930.jpg,ROADS,0
processed/images/WASTE_MANAGEMENT/waste_management_0227.jpg,waste_management_0227.jpg,WASTE_MANAGEMENT,3
processed/images/PUBLIC_INFRASTRUCTURE/public_infrastructure_0396.jpg,public_infrastructure_0396.jpg,PUBLIC_INFRASTRUCTURE,5
processed/images/STREET_LIGHTING/street_lighting_0334.jpg,street_lighting_0334.jpg,STREET_LIGHTING,1
processed/images/WATER_DRAINAGE/water_drainage_0223.jpg,water_drainage_0223.jpg,WATER_DRAINAGE,2
processed/images/TREES_ENVIRONMENT/trees_environment_0437.jpg,trees_environment_0437.jpg,TREES_ENVIRONMENT,4
processed/images/ROADS/roads_1243.jpg,roads_1243.jpg,ROADS,0
processed/images/ROADS/roads_1132.jpg,roads_1132.jpg,ROADS,0
processed/images/TREES_ENVIRONMENT/trees_environment_0612.jpg,trees_environment_0612.jpg,TREES_ENVIRONMENT,4
processed/images/PUBLIC_INFRASTRUCTURE/public_infrastructure_0937.jpg,public_infrastructure_0937.jpg,PUBLIC_INFRASTRUCTURE,5
processed/images/PUBLIC_INFRASTRUCTURE/public_infrastructure_0016.jpg,public_infrastructure_0016.jpg,PUBLIC_INFRASTRUCTURE,5
processed/images/ROADS/roads_1527.png,roads_1527.png,ROADS,0
processed/images/WATER_DRAINAGE/water_drainage_0087.jpg,water_drainage_0087.jpg,WATER_DRAINAGE,2
processed/images/TREES_ENVIRONMENT/trees_environment_1044.jpg,trees_environment_1044.jpg,TREES_ENVIRONMENT,4
processed/images/ROADS/roads_0088.jpg,roads_0088.jpg,ROADS,0
processed/images/STREET_LIGHTING/street_lighting_0255.jpg,street_lighting_0255.jpg,STREET_LIGHTING,1
processed/images/ROADS/roads_1078.jpg,roads_1078.jpg,ROADS,0
processed/images/TREES_ENVIRONMENT/trees_environment_0106.jpg,trees_environment_0106.jpg,TREES_ENVIRONMENT,4
processed/images/WASTE_MANAGEMENT/waste_management_0190.jpg,waste_management_0190.jpg,WASTE_MANAGEMENT,3
processed/images/STREET_LIGHTING/street_lighting_0989.jpg,street_lighting_0989.jpg,STREET_LIGHTING,1
processed/images/TREES_ENVIRONMENT/trees_environment_0191.jpg,trees_environment_0191.jpg,TREES_ENVIRONMENT,4
processed/images/WATER_DRAINAGE/water_drainage_0215.jpg,water_drainage_0215.jpg,WATER_DRAINAGE,2
processed/images/WASTE_MANAGEMENT/waste_management_0871.jpg,waste_management_0871.jpg,WASTE_MANAGEMENT,3
processed/images/ROADS/roads_0556.jpg,roads_0556.jpg,ROADS,0
processed/images/STREET_LIGHTING/street_lighting_0846.jpg,street_lighting_0846.jpg,STREET_LIGHTING,1
processed/images/PUBLIC_INFRASTRUCTURE/public_infrastructure_0895.jpg,public_infrastructure_0895.jpg,PUBLIC_INFRASTRUCTURE,5
processed/images/TREES_ENVIRONMENT/trees_environment_0722.jpg,trees_environment_0722.jpg,TREES_ENVIRONMENT,4
processed/images/ROADS/roads_1541.png,roads_1541.png,ROADS,0
processed/images/TREES_ENVIRONMENT/trees_environment_1508.jpg,trees_environment_1508.jpg,TREES_ENVIRONMENT,4
processed/images/TREES_ENVIRONMENT/trees_environment_0488.jpg,trees_environment_0488.jpg,TREES_ENVIRONMENT,4
processed/images/ROADS/roads_0266.jpg,roads_0266.jpg,ROADS,0
processed/images/PUBLIC_INFRASTRUCTURE/public_infrastructure_0440.jpg,public_infrastructure_0440.jpg,PUBLIC_INFRASTRUCTURE,5
processed/images/PUBLIC_INFRASTRUCTURE/public_infrastructure_0369.jpg,public_infrastructure_0369.jpg,PUBLIC_INFRASTRUCTURE,5
processed/images/WASTE_MANAGEMENT/waste_management_0538.jpg,waste_management_0538.jpg,WASTE_MANAGEMENT,3
processed/images/ROADS/roads_0857.jpg,roads_0857.jpg,ROADS,0
processed/images/ROADS/roads_1439.png,roads_1439.png,ROADS,0
processed/images/PUBLIC_INFRASTRUCTURE/public_infrastructure_0941.jpg,public_infrastructure_0941.jpg,PUBLIC_INFRASTRUCTURE,5
processed/images/WASTE_MANAGEMENT/waste_management_0342.jpg,waste_management_0342.jpg,WASTE_MANAGEMENT,3
processed/images/PUBLIC_INFRASTRUCTURE/public_infrastructure_0718.jpg,public_infrastructure_0718.jpg,PUBLIC_INFRASTRUCTURE,5
processed/images/ROADS/roads_0321.jpg,roads_0321.jpg,ROADS,0
processed/images/TREES_ENVIRONMENT/trees_environment_1029.jpg,trees_environment_1029.jpg,TREES_ENVIRONMENT,4
processed/images/TREES_ENVIRONMENT/trees_environment_0342.jpg,trees_environment_0342.jpg,TREES_ENVIRONMENT,4
processed/images/TREES_ENVIRONMENT/trees_environment_0034.jpg,trees_environment_0034.jpg,TREES_ENVIRONMENT,4
processed/images/STREET_LIGHTING/street_lighting_0507.jpg,street_lighting_0507.jpg,STREET_LIGHTING,1
processed/images/WASTE_MANAGEMENT/waste_management_0071.jpg,waste_management_0071.jpg,WASTE_MANAGEMENT,3
processed/images/PUBLIC_INFRASTRUCTURE/public_infrastructure_1428.jpg,public_infrastructure_1428.jpg,PUBLIC_INFRASTRUCTURE,5
processed/images/PUBLIC_INFRASTRUCTURE/public_infrastructure_0474.jpg,public_infrastructure_0474.jpg,PUBLIC_INFRASTRUCTURE,5
processed/images/ROADS/roads_0204.jpg,roads_0204.jpg,ROADS,0
processed/images/WASTE_MANAGEMENT/waste_management_0671.jpg,waste_management_0671.jpg,WASTE_MANAGEMENT,3
processed/images/WASTE_MANAGEMENT/waste_management_0278.jpg,waste_management_0278.jpg,WASTE_MANAGEMENT,3
processed/images/STREET_LIGHTING/street_lighting_1124.jpg,street_lighting_1124.jpg,STREET_LIGHTING,1
processed/images/PUBLIC_INFRASTRUCTURE/public_infrastructure_1207.jpg,public_infrastructure_1207.jpg,PUBLIC_INFRASTRUCTURE,5
processed/images/PUBLIC_INFRASTRUCTURE/public_infrastructure_1178.jpg,public_infrastructure_1178.jpg,PUBLIC_INFRASTRUCTURE,5
processed/images/PUBLIC_INFRASTRUCTURE/public_infrastructure_0168.jpg,public_infrastructure_0168.jpg,PUBLIC_INFRASTRUCTURE,5
processed/images/PUBLIC_INFRASTRUCTURE/public_infrastructure_0986.jpg,public_infrastructure_0986.jpg,PUBLIC_INFRASTRUCTURE,5
processed/images/ROADS/roads_1730.png,roads_1730.png,ROADS,0
processed/images/WASTE_MANAGEMENT/waste_management_0637.jpg,waste_management_0637.jpg,WASTE_MANAGEMENT,3
processed/images/STREET_LIGHTING/street_lighting_1004.jpg,street_lighting_1004.jpg,STREET_LIGHTING,1
processed/images/PUBLIC_INFRASTRUCTURE/public_infrastructure_0213.jpg,public_infrastructure_0213.jpg,PUBLIC_INFRASTRUCTURE,5
processed/images/ROADS/roads_0602.jpg,roads_0602.jpg,ROADS,0
processed/images/STREET_LIGHTING/street_lighting_0314.jpg,street_lighting_0314.jpg,STREET_LIGHTING,1
processed/images/ROADS/roads_0543.jpg,roads_0543.jpg,ROADS,0
processed/images/WASTE_MANAGEMENT/waste_management_0360.jpg,waste_management_0360.jpg,WASTE_MANAGEMENT,3
processed/images/WASTE_MANAGEMENT/waste_management_0387.jpg,waste_management_0387.jpg,WASTE_MANAGEMENT,3
processed/images/TREES_ENVIRONMENT/trees_environment_0387.jpg,trees_environment_0387.jpg,TREES_ENVIRONMENT,4
processed/images/WASTE_MANAGEMENT/waste_management_0831.jpg,waste_management_0831.jpg,WASTE_MANAGEMENT,3
processed/images/TREES_ENVIRONMENT/trees_environment_1505.jpg,trees_environment_1505.jpg,TREES_ENVIRONMENT,4
processed/images/PUBLIC_INFRASTRUCTURE/public_infrastructure_0387.jpg,public_infrastructure_0387.jpg,PUBLIC_INFRASTRUCTURE,5
processed/images/ROADS/roads_0230.jpg,roads_0230.jpg,ROADS,0
processed/images/ROADS/roads_1161.jpg,roads_1161.jpg,ROADS,0
processed/images/STREET_LIGHTING/street_lighting_0797.jpg,street_lighting_0797.jpg,STREET_LIGHTING,1
processed/images/TREES_ENVIRONMENT/trees_environment_1581.jpg,trees_environment_1581.jpg,TREES_ENVIRONMENT,4
processed/images/WASTE_MANAGEMENT/waste_management_0532.jpg,waste_management_0532.jpg,WASTE_MANAGEMENT,3
processed/images/STREET_LIGHTING/street_lighting_0062.jpg,street_lighting_0062.jpg,STREET_LIGHTING,1
processed/images/PUBLIC_INFRASTRUCTURE/public_infrastructure_0234.jpg,public_infrastructure_0234.jpg,PUBLIC_INFRASTRUCTURE,5
processed/images/STREET_LIGHTING/street_lighting_0328.jpg,street_lighting_0328.jpg,STREET_LIGHTING,1
processed/images/ROADS/roads_0020.jpeg,roads_0020.jpeg,ROADS,0
processed/images/PUBLIC_INFRASTRUCTURE/public_infrastructure_0076.jpg,public_infrastructure_0076.jpg,PUBLIC_INFRASTRUCTURE,5
processed/images/WASTE_MANAGEMENT/waste_management_0865.jpg,waste_management_0865.jpg,WASTE_MANAGEMENT,3
processed/images/ROADS/roads_1087.jpg,roads_1087.jpg,ROADS,0
processed/images/ROADS/roads_1103.jpg,roads_1103.jpg,ROADS,0
processed/images/TREES_ENVIRONMENT/trees_environment_1287.jpg,trees_environment_1287.jpg,TREES_ENVIRONMENT,4
processed/images/PUBLIC_INFRASTRUCTURE/public_infrastructure_0702.jpg,public_infrastructure_0702.jpg,PUBLIC_INFRASTRUCTURE,5
processed/images/STREET_LIGHTING/street_lighting_0641.jpg,street_lighting_0641.jpg,STREET_LIGHTING,1
processed/images/STREET_LIGHTING/street_lighting_1086.jpg,street_lighting_1086.jpg,STREET_LIGHTING,1
processed/images/TREES_ENVIRONMENT/trees_environment_0941.jpg,trees_environment_0941.jpg,TREES_ENVIRONMENT,4
processed/images/ROADS/roads_1680.png,roads_1680.png,ROADS,0
processed/images/PUBLIC_INFRASTRUCTURE/public_infrastructure_0823.jpg,public_infrastructure_0823.jpg,PUBLIC_INFRASTRUCTURE,5
processed/images/TREES_ENVIRONMENT/trees_environment_1563.jpg,trees_environment_1563.jpg,TREES_ENVIRONMENT,4
processed/images/WASTE_MANAGEMENT/waste_management_0794.jpg,waste_management_0794.jpg,WASTE_MANAGEMENT,3
processed/images/PUBLIC_INFRASTRUCTURE/public_infrastructure_0053.jpg,public_infrastructure_0053.jpg,PUBLIC_INFRASTRUCTURE,5
processed/images/PUBLIC_INFRASTRUCTURE/public_infrastructure_0962.jpg,public_infrastructure_0962.jpg,PUBLIC_INFRASTRUCTURE,5
processed/images/PUBLIC_INFRASTRUCTURE/public_infrastructure_0268.jpg,public_infrastructure_0268.jpg,PUBLIC_INFRASTRUCTURE,5
processed/images/TREES_ENVIRONMENT/trees_environment_0998.jpg,trees_environment_0998.jpg,TREES_ENVIRONMENT,4
processed/images/TREES_ENVIRONMENT/trees_environment_1489.jpg,trees_environment_1489.jpg,TREES_ENVIRONMENT,4
processed/images/ROADS/roads_1736.png,roads_1736.png,ROADS,0
processed/images/PUBLIC_INFRASTRUCTURE/public_infrastructure_0233.jpg,public_infrastructure_0233.jpg,PUBLIC_INFRASTRUCTURE,5
processed/images/TREES_ENVIRONMENT/trees_environment_0779.jpg,trees_environment_0779.jpg,TREES_ENVIRONMENT,4
processed/images/STREET_LIGHTING/street_lighting_0991.jpg,street_lighting_0991.jpg,STREET_LIGHTING,1
processed/images/WASTE_MANAGEMENT/waste_management_0129.jpg,waste_management_0129.jpg,WASTE_MANAGEMENT,3
processed/images/TREES_ENVIRONMENT/trees_environment_0566.jpg,trees_environment_0566.jpg,TREES_ENVIRONMENT,4
processed/images/PUBLIC_INFRASTRUCTURE/public_infrastructure_0810.jpg,public_infrastructure_0810.jpg,PUBLIC_INFRASTRUCTURE,5
processed/images/WATER_DRAINAGE/water_drainage_0249.jpg,water_drainage_0249.jpg,WATER_DRAINAGE,2
processed/images/TREES_ENVIRONMENT/trees_environment_0229.jpg,trees_environment_0229.jpg,TREES_ENVIRONMENT,4
processed/images/ROADS/roads_1264.png,roads_1264.png,ROADS,0
processed/images/ROADS/roads_1836.png,roads_1836.png,ROADS,0
processed/images/STREET_LIGHTING/street_lighting_1132.jpg,street_lighting_1132.jpg,STREET_LIGHTING,1
processed/images/STREET_LIGHTING/street_lighting_0895.jpg,street_lighting_0895.jpg,STREET_LIGHTING,1
processed/images/STREET_LIGHTING/street_lighting_0817.jpg,street_lighting_0817.jpg,STREET_LIGHTING,1
processed/images/PUBLIC_INFRASTRUCTURE/public_infrastructure_0139.jpg,public_infrastructure_0139.jpg,PUBLIC_INFRASTRUCTURE,5
processed/images/TREES_ENVIRONMENT/trees_environment_1478.jpg,trees_environment_1478.jpg,TREES_ENVIRONMENT,4
processed/images/ROADS/roads_1865.png,roads_1865.png,ROADS,0
processed/images/ROADS/roads_0371.jpg,roads_0371.jpg,ROADS,0
processed/images/ROADS/roads_1332.png,roads_1332.png,ROADS,0
processed/images/TREES_ENVIRONMENT/trees_environment_1119.jpg,trees_environment_1119.jpg,TREES_ENVIRONMENT,4
processed/images/PUBLIC_INFRASTRUCTURE/public_infrastructure_0915.jpg,public_infrastructure_0915.jpg,PUBLIC_INFRASTRUCTURE,5
processed/images/STREET_LIGHTING/street_lighting_0424.jpg,street_lighting_0424.jpg,STREET_LIGHTING,1
processed/images/STREET_LIGHTING/street_lighting_0347.jpg,street_lighting_0347.jpg,STREET_LIGHTING,1
processed/images/TREES_ENVIRONMENT/trees_environment_1243.jpg,trees_environment_1243.jpg,TREES_ENVIRONMENT,4
processed/images/TREES_ENVIRONMENT/trees_environment_1207.jpg,trees_environment_1207.jpg,TREES_ENVIRONMENT,4
processed/images/TREES_ENVIRONMENT/trees_environment_1334.jpg,trees_environment_1334.jpg,TREES_ENVIRONMENT,4
processed/images/ROADS/roads_0957.jpg,roads_0957.jpg,ROADS,0
processed/images/ROADS/roads_0113.jpg,roads_0113.jpg,ROADS,0
processed/images/TREES_ENVIRONMENT/trees_environment_1034.jpg,trees_environment_1034.jpg,TREES_ENVIRONMENT,4
processed/images/ROADS/roads_0048.jpg,roads_0048.jpg,ROADS,0
processed/images/STREET_LIGHTING/street_lighting_0637.jpg,street_lighting_0637.jpg,STREET_LIGHTING,1
processed/images/WATER_DRAINAGE/water_drainage_0020.jpg,water_drainage_0020.jpg,WATER_DRAINAGE,2
processed/images/TREES_ENVIRONMENT/trees_environment_0249.jpg,trees_environment_0249.jpg,TREES_ENVIRONMENT,4
processed/images/STREET_LIGHTING/street_lighting_0242.jpg,street_lighting_0242.jpg,STREET_LIGHTING,1
processed/images/WASTE_MANAGEMENT/waste_management_0782.jpg,waste_management_0782.jpg,WASTE_MANAGEMENT,3
processed/images/WATER_DRAINAGE/water_drainage_0301.jpg,water_drainage_0301.jpg,WATER_DRAINAGE,2
processed/images/WASTE_MANAGEMENT/waste_management_0018.jpg,waste_management_0018.jpg,WASTE_MANAGEMENT,3
processed/images/ROADS/roads_0771.jpg,roads_0771.jpg,ROADS,0
processed/images/PUBLIC_INFRASTRUCTURE/public_infrastructure_0186.jpg,public_infrastructure_0186.jpg,PUBLIC_INFRASTRUCTURE,5
processed/images/PUBLIC_INFRASTRUCTURE/public_infrastructure_1084.jpg,public_infrastructure_1084.jpg,PUBLIC_INFRASTRUCTURE,5
processed/images/STREET_LIGHTING/street_lighting_0381.jpg,street_lighting_0381.jpg,STREET_LIGHTING,1
processed/images/WATER_DRAINAGE/water_drainage_0166.jpg,water_drainage_0166.jpg,WATER_DRAINAGE,2
processed/images/TREES_ENVIRONMENT/trees_environment_0281.jpg,trees_environment_0281.jpg,TREES_ENVIRONMENT,4
processed/images/PUBLIC_INFRASTRUCTURE/public_infrastructure_0936.jpg,public_infrastructure_0936.jpg,PUBLIC_INFRASTRUCTURE,5
processed/images/ROADS/roads_0155.jpg,roads_0155.jpg,ROADS,0
processed/images/PUBLIC_INFRASTRUCTURE/public_infrastructure_1090.jpg,public_infrastructure_1090.jpg,PUBLIC_INFRASTRUCTURE,5
processed/images/ROADS/roads_1501.png,roads_1501.png,ROADS,0
processed/images/STREET_LIGHTING/street_lighting_0570.jpg,street_lighting_0570.jpg,STREET_LIGHTING,1
processed/images/ROADS/roads_0119.jpg,roads_0119.jpg,ROADS,0
processed/images/TREES_ENVIRONMENT/trees_environment_0786.jpg,trees_environment_0786.jpg,TREES_ENVIRONMENT,4
processed/images/WASTE_MANAGEMENT/waste_management_0471.jpg,waste_management_0471.jpg,WASTE_MANAGEMENT,3
processed/images/WASTE_MANAGEMENT/waste_management_0453.jpg,waste_management_0453.jpg,WASTE_MANAGEMENT,3
processed/images/PUBLIC_INFRASTRUCTURE/public_infrastructure_0778.jpg,public_infrastructure_0778.jpg,PUBLIC_INFRASTRUCTURE,5
processed/images/PUBLIC_INFRASTRUCTURE/public_infrastructure_1182.jpg,public_infrastructure_1182.jpg,PUBLIC_INFRASTRUCTURE,5
processed/images/PUBLIC_INFRASTRUCTURE/public_infrastructure_1058.jpg,public_infrastructure_1058.jpg,PUBLIC_INFRASTRUCTURE,5
processed/images/ROADS/roads_1450.png,roads_1450.png,ROADS,0
processed/images/ROADS/roads_1043.jpg,roads_1043.jpg,ROADS,0
processed/images/PUBLIC_INFRASTRUCTURE/public_infrastructure_0327.jpg,public_infrastructure_0327.jpg,PUBLIC_INFRASTRUCTURE,5
processed/images/TREES_ENVIRONMENT/trees_environment_1132.jpg,trees_environment_1132.jpg,TREES_ENVIRONMENT,4
processed/images/ROADS/roads_1040.jpg,roads_1040.jpg,ROADS,0
processed/images/PUBLIC_INFRASTRUCTURE/public_infrastructure_0721.jpg,public_infrastructure_0721.jpg,PUBLIC_INFRASTRUCTURE,5
processed/images/PUBLIC_INFRASTRUCTURE/public_infrastructure_0940.jpg,public_infrastructure_0940.jpg,PUBLIC_INFRASTRUCTURE,5
processed/images/STREET_LIGHTING/street_lighting_0055.jpg,street_lighting_0055.jpg,STREET_LIGHTING,1
processed/images/ROADS/roads_0969.jpg,roads_0969.jpg,ROADS,0
processed/images/TREES_ENVIRONMENT/trees_environment_0874.jpg,trees_environment_0874.jpg,TREES_ENVIRONMENT,4
processed/images/TREES_ENVIRONMENT/trees_environment_1134.jpg,trees_environment_1134.jpg,TREES_ENVIRONMENT,4
processed/images/ROADS/roads_1727.png,roads_1727.png,ROADS,0
processed/images/PUBLIC_INFRASTRUCTURE/public_infrastructure_0553.jpg,public_infrastructure_0553.jpg,PUBLIC_INFRASTRUCTURE,5
processed/images/STREET_LIGHTING/street_lighting_0587.jpg,street_lighting_0587.jpg,STREET_LIGHTING,1
processed/images/TREES_ENVIRONMENT/trees_environment_0272.jpg,trees_environment_0272.jpg,TREES_ENVIRONMENT,4
processed/images/WATER_DRAINAGE/water_drainage_0359.jpg,water_drainage_0359.jpg,WATER_DRAINAGE,2
processed/images/ROADS/roads_0261.jpg,roads_0261.jpg,ROADS,0
processed/images/TREES_ENVIRONMENT/trees_environment_0841.jpg,trees_environment_0841.jpg,TREES_ENVIRONMENT,4
processed/images/STREET_LIGHTING/street_lighting_0638.jpg,street_lighting_0638.jpg,STREET_LIGHTING,1
processed/images/WASTE_MANAGEMENT/waste_management_0339.jpg,waste_management_0339.jpg,WASTE_MANAGEMENT,3
processed/images/PUBLIC_INFRASTRUCTURE/public_infrastructure_0667.jpg,public_infrastructure_0667.jpg,PUBLIC_INFRASTRUCTURE,5
processed/images/TREES_ENVIRONMENT/trees_environment_1108.jpg,trees_environment_1108.jpg,TREES_ENVIRONMENT,4
processed/images/PUBLIC_INFRASTRUCTURE/public_infrastructure_1118.jpg,public_infrastructure_1118.jpg,PUBLIC_INFRASTRUCTURE,5
processed/images/WATER_DRAINAGE/water_drainage_0424.jpg,water_drainage_0424.jpg,WATER_DRAINAGE,2
processed/images/TREES_ENVIRONMENT/trees_environment_1226.jpg,trees_environment_1226.jpg,TREES_ENVIRONMENT,4
processed/images/PUBLIC_INFRASTRUCTURE/public_infrastructure_0934.jpg,public_infrastructure_0934.jpg,PUBLIC_INFRASTRUCTURE,5
processed/images/ROADS/roads_1633.png,roads_1633.png,ROADS,0
processed/images/TREES_ENVIRONMENT/trees_environment_0140.jpg,trees_environment_0140.jpg,TREES_ENVIRONMENT,4
processed/images/STREET_LIGHTING/street_lighting_0131.jpg,street_lighting_0131.jpg,STREET_LIGHTING,1
processed/images/ROADS/roads_1875.png,roads_1875.png,ROADS,0
processed/images/TREES_ENVIRONMENT/trees_environment_0743.jpg,trees_environment_0743.jpg,TREES_ENVIRONMENT,4
processed/images/WASTE_MANAGEMENT/waste_management_0661.jpg,waste_management_0661.jpg,WASTE_MANAGEMENT,3
processed/images/PUBLIC_INFRASTRUCTURE/public_infrastructure_0882.jpg,public_infrastructure_0882.jpg,PUBLIC_INFRASTRUCTURE,5
processed/images/TREES_ENVIRONMENT/trees_environment_0393.jpg,trees_environment_0393.jpg,TREES_ENVIRONMENT,4
processed/images/PUBLIC_INFRASTRUCTURE/public_infrastructure_0127.jpg,public_infrastructure_0127.jpg,PUBLIC_INFRASTRUCTURE,5
processed/images/ROADS/roads_0540.jpg,roads_0540.jpg,ROADS,0
processed/images/WATER_DRAINAGE/water_drainage_0398.jpg,water_drainage_0398.jpg,WATER_DRAINAGE,2
processed/images/ROADS/roads_0398.jpg,roads_0398.jpg,ROADS,0
processed/images/ROADS/roads_0163.jpg,roads_0163.jpg,ROADS,0
processed/images/PUBLIC_INFRASTRUCTURE/public_infrastructure_1395.jpg,public_infrastructure_1395.jpg,PUBLIC_INFRASTRUCTURE,5
processed/images/ROADS/roads_1796.png,roads_1796.png,ROADS,0
processed/images/ROADS/roads_1223.jpg,roads_1223.jpg,ROADS,0
processed/images/ROADS/roads_0120.jpg,roads_0120.jpg,ROADS,0
processed/images/ROADS/roads_1459.png,roads_1459.png,ROADS,0
processed/images/PUBLIC_INFRASTRUCTURE/public_infrastructure_0352.jpg,public_infrastructure_0352.jpg,PUBLIC_INFRASTRUCTURE,5
processed/images/PUBLIC_INFRASTRUCTURE/public_infrastructure_1407.jpg,public_infrastructure_1407.jpg,PUBLIC_INFRASTRUCTURE,5
processed/images/TREES_ENVIRONMENT/trees_environment_1605.jpg,trees_environment_1605.jpg,TREES_ENVIRONMENT,4
processed/images/PUBLIC_INFRASTRUCTURE/public_infrastructure_0888.jpg,public_infrastructure_0888.jpg,PUBLIC_INFRASTRUCTURE,5
processed/images/ROADS/roads_0314.jpg,roads_0314.jpg,ROADS,0
processed/images/WATER_DRAINAGE/water_drainage_0168.jpg,water_drainage_0168.jpg,WATER_DRAINAGE,2
processed/images/TREES_ENVIRONMENT/trees_environment_1003.jpg,trees_environment_1003.jpg,TREES_ENVIRONMENT,4
processed/images/TREES_ENVIRONMENT/trees_environment_1443.jpg,trees_environment_1443.jpg,TREES_ENVIRONMENT,4
processed/images/PUBLIC_INFRASTRUCTURE/public_infrastructure_0273.jpg,public_infrastructure_0273.jpg,PUBLIC_INFRASTRUCTURE,5
processed/images/ROADS/roads_1163.jpg,roads_1163.jpg,ROADS,0
processed/images/TREES_ENVIRONMENT/trees_environment_0725.jpg,trees_environment_0725.jpg,TREES_ENVIRONMENT,4
processed/images/PUBLIC_INFRASTRUCTURE/public_infrastructure_0189.jpg,public_infrastructure_0189.jpg,PUBLIC_INFRASTRUCTURE,5
processed/images/TREES_ENVIRONMENT/trees_environment_0097.jpg,trees_environment_0097.jpg,TREES_ENVIRONMENT,4
processed/images/WATER_DRAINAGE/water_drainage_0426.jpg,water_drainage_0426.jpg,WATER_DRAINAGE,2
processed/images/ROADS/roads_0076.jpg,roads_0076.jpg,ROADS,0
processed/images/ROADS/roads_1402.png,roads_1402.png,ROADS,0
processed/images/ROADS/roads_0405.jpg,roads_0405.jpg,ROADS,0
processed/images/ROADS/roads_0626.jpg,roads_0626.jpg,ROADS,0
processed/images/PUBLIC_INFRASTRUCTURE/public_infrastructure_1143.jpg,public_infrastructure_1143.jpg,PUBLIC_INFRASTRUCTURE,5
processed/images/ROADS/roads_0803.jpg,roads_0803.jpg,ROADS,0
processed/images/TREES_ENVIRONMENT/trees_environment_0308.jpg,trees_environment_0308.jpg,TREES_ENVIRONMENT,4
processed/images/WASTE_MANAGEMENT/waste_management_0510.jpg,waste_management_0510.jpg,WASTE_MANAGEMENT,3
processed/images/TREES_ENVIRONMENT/trees_environment_1552.jpg,trees_environment_1552.jpg,TREES_ENVIRONMENT,4
processed/images/WASTE_MANAGEMENT/waste_management_0737.jpg,waste_management_0737.jpg,WASTE_MANAGEMENT,3
processed/images/WASTE_MANAGEMENT/waste_management_0866.jpg,waste_management_0866.jpg,WASTE_MANAGEMENT,3
processed/images/WASTE_MANAGEMENT/waste_management_0212.jpg,waste_management_0212.jpg,WASTE_MANAGEMENT,3
processed/images/TREES_ENVIRONMENT/trees_environment_1104.jpg,trees_environment_1104.jpg,TREES_ENVIRONMENT,4
processed/images/TREES_ENVIRONMENT/trees_environment_0717.jpg,trees_environment_0717.jpg,TREES_ENVIRONMENT,4
processed/images/PUBLIC_INFRASTRUCTURE/public_infrastructure_0173.jpg,public_infrastructure_0173.jpg,PUBLIC_INFRASTRUCTURE,5
processed/images/WASTE_MANAGEMENT/waste_management_0116.jpg,waste_management_0116.jpg,WASTE_MANAGEMENT,3
processed/images/ROADS/roads_1737.png,roads_1737.png,ROADS,0
processed/images/ROADS/roads_1404.png,roads_1404.png,ROADS,0
processed/images/PUBLIC_INFRASTRUCTURE/public_infrastructure_0394.jpg,public_infrastructure_0394.jpg,PUBLIC_INFRASTRUCTURE,5
processed/images/PUBLIC_INFRASTRUCTURE/public_infrastructure_1054.jpg,public_infrastructure_1054.jpg,PUBLIC_INFRASTRUCTURE,5
processed/images/STREET_LIGHTING/street_lighting_0804.jpg,street_lighting_0804.jpg,STREET_LIGHTING,1
processed/images/ROADS/roads_1852.png,roads_1852.png,ROADS,0
processed/images/PUBLIC_INFRASTRUCTURE/public_infrastructure_1357.jpg,public_infrastructure_1357.jpg,PUBLIC_INFRASTRUCTURE,5
processed/images/PUBLIC_INFRASTRUCTURE/public_infrastructure_0912.jpg,public_infrastructure_0912.jpg,PUBLIC_INFRASTRUCTURE,5
processed/images/TREES_ENVIRONMENT/trees_environment_1370.jpg,trees_environment_1370.jpg,TREES_ENVIRONMENT,4
processed/images/ROADS/roads_0727.jpg,roads_0727.jpg,ROADS,0
processed/images/ROADS/roads_1442.png,roads_1442.png,ROADS,0
processed/images/STREET_LIGHTING/street_lighting_0552.jpg,street_lighting_0552.jpg,STREET_LIGHTING,1
processed/images/PUBLIC_INFRASTRUCTURE/public_infrastructure_0827.jpg,public_infrastructure_0827.jpg,PUBLIC_INFRASTRUCTURE,5
processed/images/STREET_LIGHTING/street_lighting_0007.jpg,street_lighting_0007.jpg,STREET_LIGHTING,1
processed/images/WASTE_MANAGEMENT/waste_management_0887.jpg,waste_management_0887.jpg,WASTE_MANAGEMENT,3
processed/images/PUBLIC_INFRASTRUCTURE/public_infrastructure_0479.jpg,public_infrastructure_0479.jpg,PUBLIC_INFRASTRUCTURE,5
processed/images/PUBLIC_INFRASTRUCTURE/public_infrastructure_0259.jpg,public_infrastructure_0259.jpg,PUBLIC_INFRASTRUCTURE,5
processed/images/PUBLIC_INFRASTRUCTURE/public_infrastructure_0619.jpg,public_infrastructure_0619.jpg,PUBLIC_INFRASTRUCTURE,5
processed/images/WASTE_MANAGEMENT/waste_management_0436.jpg,waste_management_0436.jpg,WASTE_MANAGEMENT,3
processed/images/WASTE_MANAGEMENT/waste_management_0762.jpg,waste_management_0762.jpg,WASTE_MANAGEMENT,3
processed/images/ROADS/roads_0776.jpg,roads_0776.jpg,ROADS,0
processed/images/TREES_ENVIRONMENT/trees_environment_0233.jpg,trees_environment_0233.jpg,TREES_ENVIRONMENT,4
processed/images/ROADS/roads_0144.jpg,roads_0144.jpg,ROADS,0
processed/images/ROADS/roads_1345.png,roads_1345.png,ROADS,0
processed/images/ROADS/roads_1504.png,roads_1504.png,ROADS,0
processed/images/WASTE_MANAGEMENT/waste_management_0835.jpg,waste_management_0835.jpg,WASTE_MANAGEMENT,3
processed/images/TREES_ENVIRONMENT/trees_environment_0586.jpg,trees_environment_0586.jpg,TREES_ENVIRONMENT,4
processed/images/TREES_ENVIRONMENT/trees_environment_1224.jpg,trees_environment_1224.jpg,TREES_ENVIRONMENT,4
processed/images/PUBLIC_INFRASTRUCTURE/public_infrastructure_0787.jpg,public_infrastructure_0787.jpg,PUBLIC_INFRASTRUCTURE,5
processed/images/ROADS/roads_0692.jpg,roads_0692.jpg,ROADS,0
processed/images/TREES_ENVIRONMENT/trees_environment_1152.jpg,trees_environment_1152.jpg,TREES_ENVIRONMENT,4
processed/images/PUBLIC_INFRASTRUCTURE/public_infrastructure_0058.jpg,public_infrastructure_0058.jpg,PUBLIC_INFRASTRUCTURE,5
processed/images/ROADS/roads_0507.jpg,roads_0507.jpg,ROADS,0
processed/images/STREET_LIGHTING/street_lighting_0396.jpg,street_lighting_0396.jpg,STREET_LIGHTING,1
processed/images/TREES_ENVIRONMENT/trees_environment_0004.jpg,trees_environment_0004.jpg,TREES_ENVIRONMENT,4
processed/images/TREES_ENVIRONMENT/trees_environment_1542.jpg,trees_environment_1542.jpg,TREES_ENVIRONMENT,4
processed/images/TREES_ENVIRONMENT/trees_environment_0355.jpg,trees_environment_0355.jpg,TREES_ENVIRONMENT,4
processed/images/WASTE_MANAGEMENT/waste_management_0801.jpg,waste_management_0801.jpg,WASTE_MANAGEMENT,3
processed/images/STREET_LIGHTING/street_lighting_0865.jpg,street_lighting_0865.jpg,STREET_LIGHTING,1
processed/images/TREES_ENVIRONMENT/trees_environment_0667.jpg,trees_environment_0667.jpg,TREES_ENVIRONMENT,4
processed/images/STREET_LIGHTING/street_lighting_0594.jpg,street_lighting_0594.jpg,STREET_LIGHTING,1
processed/images/PUBLIC_INFRASTRUCTURE/public_infrastructure_0250.jpg,public_infrastructure_0250.jpg,PUBLIC_INFRASTRUCTURE,5
processed/images/STREET_LIGHTING/street_lighting_0311.jpg,street_lighting_0311.jpg,STREET_LIGHTING,1
processed/images/ROADS/roads_1665.png,roads_1665.png,ROADS,0
processed/images/ROADS/roads_1708.png,roads_1708.png,ROADS,0
processed/images/ROADS/roads_1543.png,roads_1543.png,ROADS,0
processed/images/TREES_ENVIRONMENT/trees_environment_1031.jpg,trees_environment_1031.jpg,TREES_ENVIRONMENT,4
processed/images/PUBLIC_INFRASTRUCTURE/public_infrastructure_0042.jpg,public_infrastructure_0042.jpg,PUBLIC_INFRASTRUCTURE,5
processed/images/WASTE_MANAGEMENT/waste_management_0790.jpg,waste_management_0790.jpg,WASTE_MANAGEMENT,3
processed/images/PUBLIC_INFRASTRUCTURE/public_infrastructure_1299.jpg,public_infrastructure_1299.jpg,PUBLIC_INFRASTRUCTURE,5
processed/images/PUBLIC_INFRASTRUCTURE/public_infrastructure_0274.jpg,public_infrastructure_0274.jpg,PUBLIC_INFRASTRUCTURE,5
processed/images/ROADS/roads_1553.png,roads_1553.png,ROADS,0
processed/images/TREES_ENVIRONMENT/trees_environment_0283.jpg,trees_environment_0283.jpg,TREES_ENVIRONMENT,4
processed/images/TREES_ENVIRONMENT/trees_environment_0361.jpg,trees_environment_0361.jpg,TREES_ENVIRONMENT,4
processed/images/TREES_ENVIRONMENT/trees_environment_0777.jpg,trees_environment_0777.jpg,TREES_ENVIRONMENT,4
processed/images/WASTE_MANAGEMENT/waste_management_0896.jpg,waste_management_0896.jpg,WASTE_MANAGEMENT,3
processed/images/PUBLIC_INFRASTRUCTURE/public_infrastructure_0763.jpg,public_infrastructure_0763.jpg,PUBLIC_INFRASTRUCTURE,5
processed/images/ROADS/roads_1672.png,roads_1672.png,ROADS,0
processed/images/PUBLIC_INFRASTRUCTURE/public_infrastructure_0916.jpg,public_infrastructure_0916.jpg,PUBLIC_INFRASTRUCTURE,5
processed/images/PUBLIC_INFRASTRUCTURE/public_infrastructure_0417.jpg,public_infrastructure_0417.jpg,PUBLIC_INFRASTRUCTURE,5
processed/images/TREES_ENVIRONMENT/trees_environment_1198.jpg,trees_environment_1198.jpg,TREES_ENVIRONMENT,4
processed/images/TREES_ENVIRONMENT/trees_environment_1630.jpg,trees_environment_1630.jpg,TREES_ENVIRONMENT,4
processed/images/STREET_LIGHTING/street_lighting_0571.jpg,street_lighting_0571.jpg,STREET_LIGHTING,1
processed/images/WASTE_MANAGEMENT/waste_management_0729.jpg,waste_management_0729.jpg,WASTE_MANAGEMENT,3
processed/images/TREES_ENVIRONMENT/trees_environment_1544.jpg,trees_environment_1544.jpg,TREES_ENVIRONMENT,4
processed/images/TREES_ENVIRONMENT/trees_environment_1396.jpg,trees_environment_1396.jpg,TREES_ENVIRONMENT,4
processed/images/ROADS/roads_1075.jpg,roads_1075.jpg,ROADS,0
processed/images/TREES_ENVIRONMENT/trees_environment_0498.jpg,trees_environment_0498.jpg,TREES_ENVIRONMENT,4
processed/images/TREES_ENVIRONMENT/trees_environment_1333.jpg,trees_environment_1333.jpg,TREES_ENVIRONMENT,4
processed/images/WASTE_MANAGEMENT/waste_management_0765.jpg,waste_management_0765.jpg,WASTE_MANAGEMENT,3
processed/images/PUBLIC_INFRASTRUCTURE/public_infrastructure_0244.jpg,public_infrastructure_0244.jpg,PUBLIC_INFRASTRUCTURE,5
processed/images/ROADS/roads_0523.jpg,roads_0523.jpg,ROADS,0
processed/images/TREES_ENVIRONMENT/trees_environment_0705.jpg,trees_environment_0705.jpg,TREES_ENVIRONMENT,4
processed/images/ROADS/roads_1002.jpg,roads_1002.jpg,ROADS,0
processed/images/ROADS/roads_1218.jpg,roads_1218.jpg,ROADS,0
processed/images/WASTE_MANAGEMENT/waste_management_0313.jpg,waste_management_0313.jpg,WASTE_MANAGEMENT,3
processed/images/TREES_ENVIRONMENT/trees_environment_1210.jpg,trees_environment_1210.jpg,TREES_ENVIRONMENT,4
processed/images/TREES_ENVIRONMENT/trees_environment_1558.jpg,trees_environment_1558.jpg,TREES_ENVIRONMENT,4
processed/images/PUBLIC_INFRASTRUCTURE/public_infrastructure_0132.jpg,public_infrastructure_0132.jpg,PUBLIC_INFRASTRUCTURE,5
processed/images/PUBLIC_INFRASTRUCTURE/public_infrastructure_0251.jpg,public_infrastructure_0251.jpg,PUBLIC_INFRASTRUCTURE,5
processed/images/PUBLIC_INFRASTRUCTURE/public_infrastructure_0889.jpg,public_infrastructure_0889.jpg,PUBLIC_INFRASTRUCTURE,5
processed/images/ROADS/roads_0171.jpg,roads_0171.jpg,ROADS,0
processed/images/PUBLIC_INFRASTRUCTURE/public_infrastructure_0920.jpg,public_infrastructure_0920.jpg,PUBLIC_INFRASTRUCTURE,5
processed/images/STREET_LIGHTING/street_lighting_0212.jpg,street_lighting_0212.jpg,STREET_LIGHTING,1
processed/images/STREET_LIGHTING/street_lighting_0572.jpg,street_lighting_0572.jpg,STREET_LIGHTING,1
processed/images/WASTE_MANAGEMENT/waste_management_0181.jpg,waste_management_0181.jpg,WASTE_MANAGEMENT,3
processed/images/PUBLIC_INFRASTRUCTURE/public_infrastructure_0756.jpg,public_infrastructure_0756.jpg,PUBLIC_INFRASTRUCTURE,5
processed/images/TREES_ENVIRONMENT/trees_environment_0026.jpg,trees_environment_0026.jpg,TREES_ENVIRONMENT,4
processed/images/STREET_LIGHTING/street_lighting_0843.jpg,street_lighting_0843.jpg,STREET_LIGHTING,1
processed/images/PUBLIC_INFRASTRUCTURE/public_infrastructure_0271.jpg,public_infrastructure_0271.jpg,PUBLIC_INFRASTRUCTURE,5
processed/images/ROADS/roads_0991.jpg,roads_0991.jpg,ROADS,0
processed/images/ROADS/roads_1153.jpg,roads_1153.jpg,ROADS,0
processed/images/PUBLIC_INFRASTRUCTURE/public_infrastructure_0089.jpg,public_infrastructure_0089.jpg,PUBLIC_INFRASTRUCTURE,5
processed/images/WATER_DRAINAGE/water_drainage_0262.jpg,water_drainage_0262.jpg,WATER_DRAINAGE,2
processed/images/TREES_ENVIRONMENT/trees_environment_1095.jpg,trees_environment_1095.jpg,TREES_ENVIRONMENT,4
processed/images/ROADS/roads_0752.jpg,roads_0752.jpg,ROADS,0
processed/images/STREET_LIGHTING/street_lighting_0063.jpg,street_lighting_0063.jpg,STREET_LIGHTING,1
processed/images/PUBLIC_INFRASTRUCTURE/public_infrastructure_0120.jpg,public_infrastructure_0120.jpg,PUBLIC_INFRASTRUCTURE,5
processed/images/TREES_ENVIRONMENT/trees_environment_0871.jpg,trees_environment_0871.jpg,TREES_ENVIRONMENT,4
processed/images/PUBLIC_INFRASTRUCTURE/public_infrastructure_0856.jpg,public_infrastructure_0856.jpg,PUBLIC_INFRASTRUCTURE,5
processed/images/PUBLIC_INFRASTRUCTURE/public_infrastructure_0109.jpg,public_infrastructure_0109.jpg,PUBLIC_INFRASTRUCTURE,5
processed/images/TREES_ENVIRONMENT/trees_environment_1584.jpg,trees_environment_1584.jpg,TREES_ENVIRONMENT,4
processed/images/ROADS/roads_1914.png,roads_1914.png,ROADS,0
processed/images/STREET_LIGHTING/street_lighting_0470.jpg,street_lighting_0470.jpg,STREET_LIGHTING,1
processed/images/STREET_LIGHTING/street_lighting_0909.jpg,street_lighting_0909.jpg,STREET_LIGHTING,1
processed/images/STREET_LIGHTING/street_lighting_0284.jpg,street_lighting_0284.jpg,STREET_LIGHTING,1
processed/images/PUBLIC_INFRASTRUCTURE/public_infrastructure_0674.jpg,public_infrastructure_0674.jpg,PUBLIC_INFRASTRUCTURE,5
processed/images/TREES_ENVIRONMENT/trees_environment_0821.jpg,trees_environment_0821.jpg,TREES_ENVIRONMENT,4
processed/images/ROADS/roads_1830.png,roads_1830.png,ROADS,0
processed/images/WASTE_MANAGEMENT/waste_management_0304.jpg,waste_management_0304.jpg,WASTE_MANAGEMENT,3
processed/images/STREET_LIGHTING/street_lighting_0174.jpg,street_lighting_0174.jpg,STREET_LIGHTING,1
processed/images/ROADS/roads_1306.png,roads_1306.png,ROADS,0
processed/images/TREES_ENVIRONMENT/trees_environment_1522.jpg,trees_environment_1522.jpg,TREES_ENVIRONMENT,4
processed/images/TREES_ENVIRONMENT/trees_environment_1312.jpg,trees_environment_1312.jpg,TREES_ENVIRONMENT,4
processed/images/TREES_ENVIRONMENT/trees_environment_1607.jpg,trees_environment_1607.jpg,TREES_ENVIRONMENT,4
processed/images/TREES_ENVIRONMENT/trees_environment_0327.jpg,trees_environment_0327.jpg,TREES_ENVIRONMENT,4
processed/images/STREET_LIGHTING/street_lighting_0251.jpg,street_lighting_0251.jpg,STREET_LIGHTING,1
processed/images/PUBLIC_INFRASTRUCTURE/public_infrastructure_1120.jpg,public_infrastructure_1120.jpg,PUBLIC_INFRASTRUCTURE,5
processed/images/ROADS/roads_1534.png,roads_1534.png,ROADS,0
processed/images/TREES_ENVIRONMENT/trees_environment_1408.jpg,trees_environment_1408.jpg,TREES_ENVIRONMENT,4
processed/images/PUBLIC_INFRASTRUCTURE/public_infrastructure_0800.jpg,public_infrastructure_0800.jpg,PUBLIC_INFRASTRUCTURE,5
processed/images/WATER_DRAINAGE/water_drainage_0033.jpg,water_drainage_0033.jpg,WATER_DRAINAGE,2
processed/images/TREES_ENVIRONMENT/trees_environment_0539.jpg,trees_environment_0539.jpg,TREES_ENVIRONMENT,4
processed/images/WATER_DRAINAGE/water_drainage_0115.jpg,water_drainage_0115.jpg,WATER_DRAINAGE,2
processed/images/WATER_DRAINAGE/water_drainage_0036.jpg,water_drainage_0036.jpg,WATER_DRAINAGE,2
processed/images/ROADS/roads_1428.png,roads_1428.png,ROADS,0
processed/images/TREES_ENVIRONMENT/trees_environment_0149.jpg,trees_environment_0149.jpg,TREES_ENVIRONMENT,4
processed/images/PUBLIC_INFRASTRUCTURE/public_infrastructure_1441.jpg,public_infrastructure_1441.jpg,PUBLIC_INFRASTRUCTURE,5
processed/images/ROADS/roads_0311.jpg,roads_0311.jpg,ROADS,0
processed/images/TREES_ENVIRONMENT/trees_environment_1267.jpg,trees_environment_1267.jpg,TREES_ENVIRONMENT,4
processed/images/WASTE_MANAGEMENT/waste_management_0068.jpg,waste_management_0068.jpg,WASTE_MANAGEMENT,3
processed/images/STREET_LIGHTING/street_lighting_0118.jpg,street_lighting_0118.jpg,STREET_LIGHTING,1
processed/images/TREES_ENVIRONMENT/trees_environment_0266.jpg,trees_environment_0266.jpg,TREES_ENVIRONMENT,4
processed/images/STREET_LIGHTING/street_lighting_0724.jpg,street_lighting_0724.jpg,STREET_LIGHTING,1
processed/images/ROADS/roads_0522.jpg,roads_0522.jpg,ROADS,0
processed/images/ROADS/roads_0056.jpg,roads_0056.jpg,ROADS,0
processed/images/PUBLIC_INFRASTRUCTURE/public_infrastructure_1279.jpg,public_infrastructure_1279.jpg,PUBLIC_INFRASTRUCTURE,5
processed/images/TREES_ENVIRONMENT/trees_environment_0115.jpg,trees_environment_0115.jpg,TREES_ENVIRONMENT,4
processed/images/TREES_ENVIRONMENT/trees_environment_1465.jpg,trees_environment_1465.jpg,TREES_ENVIRONMENT,4
processed/images/WASTE_MANAGEMENT/waste_management_0578.jpg,waste_management_0578.jpg,WASTE_MANAGEMENT,3
processed/images/PUBLIC_INFRASTRUCTURE/public_infrastructure_1316.jpg,public_infrastructure_1316.jpg,PUBLIC_INFRASTRUCTURE,5
processed/images/STREET_LIGHTING/street_lighting_0898.jpg,street_lighting_0898.jpg,STREET_LIGHTING,1
processed/images/PUBLIC_INFRASTRUCTURE/public_infrastructure_0003.jpg,public_infrastructure_0003.jpg,PUBLIC_INFRASTRUCTURE,5
processed/images/TREES_ENVIRONMENT/trees_environment_0008.jpg,trees_environment_0008.jpg,TREES_ENVIRONMENT,4
processed/images/TREES_ENVIRONMENT/trees_environment_1024.jpg,trees_environment_1024.jpg,TREES_ENVIRONMENT,4
processed/images/WASTE_MANAGEMENT/waste_management_0832.jpg,waste_management_0832.jpg,WASTE_MANAGEMENT,3
processed/images/STREET_LIGHTING/street_lighting_0189.jpg,street_lighting_0189.jpg,STREET_LIGHTING,1
processed/images/WASTE_MANAGEMENT/waste_management_0359.jpg,waste_management_0359.jpg,WASTE_MANAGEMENT,3
processed/images/WASTE_MANAGEMENT/waste_management_0324.jpg,waste_management_0324.jpg,WASTE_MANAGEMENT,3
processed/images/TREES_ENVIRONMENT/trees_environment_0403.jpg,trees_environment_0403.jpg,TREES_ENVIRONMENT,4
processed/images/TREES_ENVIRONMENT/trees_environment_0173.jpg,trees_environment_0173.jpg,TREES_ENVIRONMENT,4
processed/images/ROADS/roads_0256.jpg,roads_0256.jpg,ROADS,0
processed/images/PUBLIC_INFRASTRUCTURE/public_infrastructure_0514.jpg,public_infrastructure_0514.jpg,PUBLIC_INFRASTRUCTURE,5
processed/images/PUBLIC_INFRASTRUCTURE/public_infrastructure_1330.jpg,public_infrastructure_1330.jpg,PUBLIC_INFRASTRUCTURE,5
processed/images/ROADS/roads_0324.jpg,roads_0324.jpg,ROADS,0
processed/images/ROADS/roads_1863.png,roads_1863.png,ROADS,0
processed/images/PUBLIC_INFRASTRUCTURE/public_infrastructure_1398.jpg,public_infrastructure_1398.jpg,PUBLIC_INFRASTRUCTURE,5
processed/images/ROADS/roads_1209.jpg,roads_1209.jpg,ROADS,0
processed/images/TREES_ENVIRONMENT/trees_environment_1329.jpg,trees_environment_1329.jpg,TREES_ENVIRONMENT,4
processed/images/TREES_ENVIRONMENT/trees_environment_0924.jpg,trees_environment_0924.jpg,TREES_ENVIRONMENT,4
processed/images/ROADS/roads_0246.jpg,roads_0246.jpg,ROADS,0
processed/images/STREET_LIGHTING/street_lighting_0388.jpg,street_lighting_0388.jpg,STREET_LIGHTING,1
processed/images/TREES_ENVIRONMENT/trees_environment_1087.jpg,trees_environment_1087.jpg,TREES_ENVIRONMENT,4
processed/images/PUBLIC_INFRASTRUCTURE/public_infrastructure_0275.jpg,public_infrastructure_0275.jpg,PUBLIC_INFRASTRUCTURE,5
processed/images/PUBLIC_INFRASTRUCTURE/public_infrastructure_1402.jpg,public_infrastructure_1402.jpg,PUBLIC_INFRASTRUCTURE,5
processed/images/PUBLIC_INFRASTRUCTURE/public_infrastructure_0523.jpg,public_infrastructure_0523.jpg,PUBLIC_INFRASTRUCTURE,5
processed/images/WASTE_MANAGEMENT/waste_management_0390.jpg,waste_management_0390.jpg,WASTE_MANAGEMENT,3
processed/images/TREES_ENVIRONMENT/trees_environment_0254.jpg,trees_environment_0254.jpg,TREES_ENVIRONMENT,4
processed/images/PUBLIC_INFRASTRUCTURE/public_infrastructure_0504.jpg,public_infrastructure_0504.jpg,PUBLIC_INFRASTRUCTURE,5
processed/images/WASTE_MANAGEMENT/waste_management_0512.jpg,waste_management_0512.jpg,WASTE_MANAGEMENT,3
processed/images/STREET_LIGHTING/street_lighting_0775.jpg,street_lighting_0775.jpg,STREET_LIGHTING,1
processed/images/WASTE_MANAGEMENT/waste_management_0571.jpg,waste_management_0571.jpg,WASTE_MANAGEMENT,3
processed/images/TREES_ENVIRONMENT/trees_environment_1472.jpg,trees_environment_1472.jpg,TREES_ENVIRONMENT,4
processed/images/TREES_ENVIRONMENT/trees_environment_0295.jpg,trees_environment_0295.jpg,TREES_ENVIRONMENT,4
processed/images/STREET_LIGHTING/street_lighting_0922.jpg,street_lighting_0922.jpg,STREET_LIGHTING,1
processed/images/WASTE_MANAGEMENT/waste_management_0593.jpg,waste_management_0593.jpg,WASTE_MANAGEMENT,3
processed/images/PUBLIC_INFRASTRUCTURE/public_infrastructure_0983.jpg,public_infrastructure_0983.jpg,PUBLIC_INFRASTRUCTURE,5
processed/images/STREET_LIGHTING/street_lighting_1067.jpg,street_lighting_1067.jpg,STREET_LIGHTING,1
processed/images/ROADS/roads_0281.jpg,roads_0281.jpg,ROADS,0
processed/images/WASTE_MANAGEMENT/waste_management_0583.jpg,waste_management_0583.jpg,WASTE_MANAGEMENT,3
processed/images/PUBLIC_INFRASTRUCTURE/public_infrastructure_0164.jpg,public_infrastructure_0164.jpg,PUBLIC_INFRASTRUCTURE,5
processed/images/ROADS/roads_0772.jpg,roads_0772.jpg,ROADS,0
processed/images/ROADS/roads_0465.jpg,roads_0465.jpg,ROADS,0
processed/images/STREET_LIGHTING/street_lighting_0285.jpg,street_lighting_0285.jpg,STREET_LIGHTING,1
processed/images/STREET_LIGHTING/street_lighting_0186.jpg,street_lighting_0186.jpg,STREET_LIGHTING,1
processed/images/PUBLIC_INFRASTRUCTURE/public_infrastructure_0098.jpg,public_infrastructure_0098.jpg,PUBLIC_INFRASTRUCTURE,5
processed/images/TREES_ENVIRONMENT/trees_environment_0286.jpg,trees_environment_0286.jpg,TREES_ENVIRONMENT,4
processed/images/TREES_ENVIRONMENT/trees_environment_0570.jpg,trees_environment_0570.jpg,TREES_ENVIRONMENT,4
processed/images/PUBLIC_INFRASTRUCTURE/public_infrastructure_1310.jpg,public_infrastructure_1310.jpg,PUBLIC_INFRASTRUCTURE,5
processed/images/ROADS/roads_1819.png,roads_1819.png,ROADS,0
processed/images/PUBLIC_INFRASTRUCTURE/public_infrastructure_0610.jpg,public_infrastructure_0610.jpg,PUBLIC_INFRASTRUCTURE,5
processed/images/TREES_ENVIRONMENT/trees_environment_0264.jpg,trees_environment_0264.jpg,TREES_ENVIRONMENT,4
processed/images/PUBLIC_INFRASTRUCTURE/public_infrastructure_0747.jpg,public_infrastructure_0747.jpg,PUBLIC_INFRASTRUCTURE,5
processed/images/ROADS/roads_1379.png,roads_1379.png,ROADS,0
processed/images/TREES_ENVIRONMENT/trees_environment_0578.jpg,trees_environment_0578.jpg,TREES_ENVIRONMENT,4
processed/images/TREES_ENVIRONMENT/trees_environment_0213.jpg,trees_environment_0213.jpg,TREES_ENVIRONMENT,4
processed/images/WASTE_MANAGEMENT/waste_management_0046.jpg,waste_management_0046.jpg,WASTE_MANAGEMENT,3
processed/images/TREES_ENVIRONMENT/trees_environment_0228.jpg,trees_environment_0228.jpg,TREES_ENVIRONMENT,4
processed/images/PUBLIC_INFRASTRUCTURE/public_infrastructure_1030.jpg,public_infrastructure_1030.jpg,PUBLIC_INFRASTRUCTURE,5
processed/images/ROADS/roads_0870.jpg,roads_0870.jpg,ROADS,0
processed/images/ROADS/roads_0165.jpg,roads_0165.jpg,ROADS,0
processed/images/WATER_DRAINAGE/water_drainage_0119.jpg,water_drainage_0119.jpg,WATER_DRAINAGE,2
processed/images/ROADS/roads_0827.jpg,roads_0827.jpg,ROADS,0
processed/images/ROADS/roads_0050.jpg,roads_0050.jpg,ROADS,0
processed/images/ROADS/roads_0868.jpg,roads_0868.jpg,ROADS,0
processed/images/PUBLIC_INFRASTRUCTURE/public_infrastructure_0849.jpg,public_infrastructure_0849.jpg,PUBLIC_INFRASTRUCTURE,5
processed/images/TREES_ENVIRONMENT/trees_environment_0762.jpg,trees_environment_0762.jpg,TREES_ENVIRONMENT,4
processed/images/PUBLIC_INFRASTRUCTURE/public_infrastructure_1387.jpg,public_infrastructure_1387.jpg,PUBLIC_INFRASTRUCTURE,5
processed/images/WASTE_MANAGEMENT/waste_management_0426.jpg,waste_management_0426.jpg,WASTE_MANAGEMENT,3
processed/images/PUBLIC_INFRASTRUCTURE/public_infrastructure_0789.jpg,public_infrastructure_0789.jpg,PUBLIC_INFRASTRUCTURE,5
processed/images/STREET_LIGHTING/street_lighting_0413.jpg,street_lighting_0413.jpg,STREET_LIGHTING,1
processed/images/STREET_LIGHTING/street_lighting_0391.jpg,street_lighting_0391.jpg,STREET_LIGHTING,1
processed/images/TREES_ENVIRONMENT/trees_environment_0668.jpg,trees_environment_0668.jpg,TREES_ENVIRONMENT,4
processed/images/WATER_DRAINAGE/water_drainage_0006.jpg,water_drainage_0006.jpg,WATER_DRAINAGE,2
processed/images/TREES_ENVIRONMENT/trees_environment_0231.jpg,trees_environment_0231.jpg,TREES_ENVIRONMENT,4
processed/images/WATER_DRAINAGE/water_drainage_0418.jpg,water_drainage_0418.jpg,WATER_DRAINAGE,2
processed/images/TREES_ENVIRONMENT/trees_environment_0326.jpg,trees_environment_0326.jpg,TREES_ENVIRONMENT,4
processed/images/PUBLIC_INFRASTRUCTURE/public_infrastructure_1139.jpg,public_infrastructure_1139.jpg,PUBLIC_INFRASTRUCTURE,5
processed/images/PUBLIC_INFRASTRUCTURE/public_infrastructure_1027.jpg,public_infrastructure_1027.jpg,PUBLIC_INFRASTRUCTURE,5
processed/images/PUBLIC_INFRASTRUCTURE/public_infrastructure_0314.jpg,public_infrastructure_0314.jpg,PUBLIC_INFRASTRUCTURE,5
processed/images/ROADS/roads_0346.jpg,roads_0346.jpg,ROADS,0
processed/images/ROADS/roads_0402.jpg,roads_0402.jpg,ROADS,0
processed/images/STREET_LIGHTING/street_lighting_0962.jpg,street_lighting_0962.jpg,STREET_LIGHTING,1
processed/images/ROADS/roads_1824.png,roads_1824.png,ROADS,0
processed/images/STREET_LIGHTING/street_lighting_0176.jpg,street_lighting_0176.jpg,STREET_LIGHTING,1
processed/images/STREET_LIGHTING/street_lighting_0848.jpg,street_lighting_0848.jpg,STREET_LIGHTING,1
processed/images/TREES_ENVIRONMENT/trees_environment_1131.jpg,trees_environment_1131.jpg,TREES_ENVIRONMENT,4
processed/images/ROADS/roads_1485.png,roads_1485.png,ROADS,0
processed/images/WATER_DRAINAGE/water_drainage_0295.jpg,water_drainage_0295.jpg,WATER_DRAINAGE,2
processed/images/PUBLIC_INFRASTRUCTURE/public_infrastructure_1036.jpg,public_infrastructure_1036.jpg,PUBLIC_INFRASTRUCTURE,5
processed/images/PUBLIC_INFRASTRUCTURE/public_infrastructure_1272.jpg,public_infrastructure_1272.jpg,PUBLIC_INFRASTRUCTURE,5
processed/images/WASTE_MANAGEMENT/waste_management_0114.jpg,waste_management_0114.jpg,WASTE_MANAGEMENT,3
processed/images/WATER_DRAINAGE/water_drainage_0092.jpg,water_drainage_0092.jpg,WATER_DRAINAGE,2
processed/images/PUBLIC_INFRASTRUCTURE/public_infrastructure_0142.jpg,public_infrastructure_0142.jpg,PUBLIC_INFRASTRUCTURE,5
processed/images/ROADS/roads_0141.jpg,roads_0141.jpg,ROADS,0
processed/images/PUBLIC_INFRASTRUCTURE/public_infrastructure_1294.jpg,public_infrastructure_1294.jpg,PUBLIC_INFRASTRUCTURE,5
processed/images/ROADS/roads_1878.png,roads_1878.png,ROADS,0
processed/images/STREET_LIGHTING/street_lighting_1101.jpg,street_lighting_1101.jpg,STREET_LIGHTING,1
processed/images/TREES_ENVIRONMENT/trees_environment_1091.jpg,trees_environment_1091.jpg,TREES_ENVIRONMENT,4
processed/images/WASTE_MANAGEMENT/waste_management_0312.jpg,waste_management_0312.jpg,WASTE_MANAGEMENT,3
processed/images/WASTE_MANAGEMENT/waste_management_0565.jpg,waste_management_0565.jpg,WASTE_MANAGEMENT,3
processed/images/WATER_DRAINAGE/water_drainage_0009.jpg,water_drainage_0009.jpg,WATER_DRAINAGE,2
processed/images/ROADS/roads_0620.jpg,roads_0620.jpg,ROADS,0
processed/images/ROADS/roads_1311.png,roads_1311.png,ROADS,0
processed/images/TREES_ENVIRONMENT/trees_environment_0245.jpg,trees_environment_0245.jpg,TREES_ENVIRONMENT,4
processed/images/TREES_ENVIRONMENT/trees_environment_0864.jpg,trees_environment_0864.jpg,TREES_ENVIRONMENT,4
processed/images/PUBLIC_INFRASTRUCTURE/public_infrastructure_0508.jpg,public_infrastructure_0508.jpg,PUBLIC_INFRASTRUCTURE,5
processed/images/ROADS/roads_0840.jpg,roads_0840.jpg,ROADS,0
processed/images/PUBLIC_INFRASTRUCTURE/public_infrastructure_0298.jpg,public_infrastructure_0298.jpg,PUBLIC_INFRASTRUCTURE,5
processed/images/PUBLIC_INFRASTRUCTURE/public_infrastructure_1203.jpg,public_infrastructure_1203.jpg,PUBLIC_INFRASTRUCTURE,5
processed/images/PUBLIC_INFRASTRUCTURE/public_infrastructure_1108.jpg,public_infrastructure_1108.jpg,PUBLIC_INFRASTRUCTURE,5
processed/images/ROADS/roads_0135.jpg,roads_0135.jpg,ROADS,0
processed/images/ROADS/roads_0341.jpg,roads_0341.jpg,ROADS,0
processed/images/TREES_ENVIRONMENT/trees_environment_0374.jpg,trees_environment_0374.jpg,TREES_ENVIRONMENT,4
processed/images/PUBLIC_INFRASTRUCTURE/public_infrastructure_0063.jpg,public_infrastructure_0063.jpg,PUBLIC_INFRASTRUCTURE,5
processed/images/TREES_ENVIRONMENT/trees_environment_0399.jpg,trees_environment_0399.jpg,TREES_ENVIRONMENT,4
processed/images/TREES_ENVIRONMENT/trees_environment_0005.jpg,trees_environment_0005.jpg,TREES_ENVIRONMENT,4
processed/images/TREES_ENVIRONMENT/trees_environment_0867.jpg,trees_environment_0867.jpg,TREES_ENVIRONMENT,4
processed/images/ROADS/roads_1620.png,roads_1620.png,ROADS,0
processed/images/PUBLIC_INFRASTRUCTURE/public_infrastructure_0661.jpg,public_infrastructure_0661.jpg,PUBLIC_INFRASTRUCTURE,5
processed/images/WASTE_MANAGEMENT/waste_management_0295.jpg,waste_management_0295.jpg,WASTE_MANAGEMENT,3
processed/images/WATER_DRAINAGE/water_drainage_0159.jpg,water_drainage_0159.jpg,WATER_DRAINAGE,2
processed/images/TREES_ENVIRONMENT/trees_environment_0256.jpg,trees_environment_0256.jpg,TREES_ENVIRONMENT,4
processed/images/STREET_LIGHTING/street_lighting_0244.jpg,street_lighting_0244.jpg,STREET_LIGHTING,1
processed/images/TREES_ENVIRONMENT/trees_environment_1135.jpg,trees_environment_1135.jpg,TREES_ENVIRONMENT,4
processed/images/TREES_ENVIRONMENT/trees_environment_0824.jpg,trees_environment_0824.jpg,TREES_ENVIRONMENT,4
processed/images/ROADS/roads_0753.jpg,roads_0753.jpg,ROADS,0
processed/images/ROADS/roads_0963.jpg,roads_0963.jpg,ROADS,0
processed/images/PUBLIC_INFRASTRUCTURE/public_infrastructure_0018.jpg,public_infrastructure_0018.jpg,PUBLIC_INFRASTRUCTURE,5
processed/images/ROADS/roads_1343.png,roads_1343.png,ROADS,0
processed/images/ROADS/roads_0569.jpg,roads_0569.jpg,ROADS,0
processed/images/STREET_LIGHTING/street_lighting_0387.jpg,street_lighting_0387.jpg,STREET_LIGHTING,1
processed/images/ROADS/roads_0958.jpg,roads_0958.jpg,ROADS,0
processed/images/WASTE_MANAGEMENT/waste_management_0027.jpg,waste_management_0027.jpg,WASTE_MANAGEMENT,3
processed/images/ROADS/roads_0625.jpg,roads_0625.jpg,ROADS,0
processed/images/ROADS/roads_0390.jpg,roads_0390.jpg,ROADS,0
processed/images/TREES_ENVIRONMENT/trees_environment_0402.jpg,trees_environment_0402.jpg,TREES_ENVIRONMENT,4
processed/images/ROADS/roads_1529.png,roads_1529.png,ROADS,0
processed/images/PUBLIC_INFRASTRUCTURE/public_infrastructure_0617.jpg,public_infrastructure_0617.jpg,PUBLIC_INFRASTRUCTURE,5
processed/images/TREES_ENVIRONMENT/trees_environment_0476.jpg,trees_environment_0476.jpg,TREES_ENVIRONMENT,4
processed/images/TREES_ENVIRONMENT/trees_environment_0546.jpg,trees_environment_0546.jpg,TREES_ENVIRONMENT,4
processed/images/PUBLIC_INFRASTRUCTURE/public_infrastructure_1465.jpg,public_infrastructure_1465.jpg,PUBLIC_INFRASTRUCTURE,5
processed/images/WASTE_MANAGEMENT/waste_management_0792.jpg,waste_management_0792.jpg,WASTE_MANAGEMENT,3
processed/images/WASTE_MANAGEMENT/waste_management_0193.jpg,waste_management_0193.jpg,WASTE_MANAGEMENT,3
processed/images/TREES_ENVIRONMENT/trees_environment_0064.jpg,trees_environment_0064.jpg,TREES_ENVIRONMENT,4
processed/images/TREES_ENVIRONMENT/trees_environment_0109.jpg,trees_environment_0109.jpg,TREES_ENVIRONMENT,4
processed/images/ROADS/roads_1056.jpg,roads_1056.jpg,ROADS,0
processed/images/STREET_LIGHTING/street_lighting_0432.jpg,street_lighting_0432.jpg,STREET_LIGHTING,1
processed/images/WASTE_MANAGEMENT/waste_management_0020.jpg,waste_management_0020.jpg,WASTE_MANAGEMENT,3
processed/images/ROADS/roads_1314.png,roads_1314.png,ROADS,0
processed/images/TREES_ENVIRONMENT/trees_environment_1195.jpg,trees_environment_1195.jpg,TREES_ENVIRONMENT,4
processed/images/WATER_DRAINAGE/water_drainage_0227.jpg,water_drainage_0227.jpg,WATER_DRAINAGE,2
processed/images/TREES_ENVIRONMENT/trees_environment_0482.jpg,trees_environment_0482.jpg,TREES_ENVIRONMENT,4
processed/images/ROADS/roads_0357.jpg,roads_0357.jpg,ROADS,0
processed/images/TREES_ENVIRONMENT/trees_environment_1576.jpg,trees_environment_1576.jpg,TREES_ENVIRONMENT,4
processed/images/ROADS/roads_0368.jpg,roads_0368.jpg,ROADS,0
processed/images/STREET_LIGHTING/street_lighting_0796.jpg,street_lighting_0796.jpg,STREET_LIGHTING,1
processed/images/STREET_LIGHTING/street_lighting_0339.jpg,street_lighting_0339.jpg,STREET_LIGHTING,1
processed/images/TREES_ENVIRONMENT/trees_environment_0075.jpg,trees_environment_0075.jpg,TREES_ENVIRONMENT,4
processed/images/PUBLIC_INFRASTRUCTURE/public_infrastructure_0835.jpg,public_infrastructure_0835.jpg,PUBLIC_INFRASTRUCTURE,5
processed/images/PUBLIC_INFRASTRUCTURE/public_infrastructure_1132.jpg,public_infrastructure_1132.jpg,PUBLIC_INFRASTRUCTURE,5
processed/images/PUBLIC_INFRASTRUCTURE/public_infrastructure_0373.jpg,public_infrastructure_0373.jpg,PUBLIC_INFRASTRUCTURE,5
processed/images/ROADS/roads_1253.jpg,roads_1253.jpg,ROADS,0
processed/images/TREES_ENVIRONMENT/trees_environment_0014.jpg,trees_environment_0014.jpg,TREES_ENVIRONMENT,4
processed/images/WASTE_MANAGEMENT/waste_management_0041.jpg,waste_management_0041.jpg,WASTE_MANAGEMENT,3
processed/images/PUBLIC_INFRASTRUCTURE/public_infrastructure_0771.jpg,public_infrastructure_0771.jpg,PUBLIC_INFRASTRUCTURE,5
processed/images/WASTE_MANAGEMENT/waste_management_0722.jpg,waste_management_0722.jpg,WASTE_MANAGEMENT,3
processed/images/ROADS/roads_0377.jpg,roads_0377.jpg,ROADS,0
processed/images/ROADS/roads_1690.png,roads_1690.png,ROADS,0
processed/images/WATER_DRAINAGE/water_drainage_0401.jpg,water_drainage_0401.jpg,WATER_DRAINAGE,2
processed/images/PUBLIC_INFRASTRUCTURE/public_infrastructure_0428.jpg,public_infrastructure_0428.jpg,PUBLIC_INFRASTRUCTURE,5
processed/images/ROADS/roads_0600.jpg,roads_0600.jpg,ROADS,0
processed/images/TREES_ENVIRONMENT/trees_environment_0543.jpg,trees_environment_0543.jpg,TREES_ENVIRONMENT,4
processed/images/TREES_ENVIRONMENT/trees_environment_0359.jpg,trees_environment_0359.jpg,TREES_ENVIRONMENT,4
processed/images/TREES_ENVIRONMENT/trees_environment_1498.jpg,trees_environment_1498.jpg,TREES_ENVIRONMENT,4
processed/images/WATER_DRAINAGE/water_drainage_0078.jpg,water_drainage_0078.jpg,WATER_DRAINAGE,2
processed/images/TREES_ENVIRONMENT/trees_environment_1027.jpg,trees_environment_1027.jpg,TREES_ENVIRONMENT,4
processed/images/ROADS/roads_1102.jpg,roads_1102.jpg,ROADS,0
processed/images/TREES_ENVIRONMENT/trees_environment_0110.jpg,trees_environment_0110.jpg,TREES_ENVIRONMENT,4
processed/images/STREET_LIGHTING/street_lighting_0980.jpg,street_lighting_0980.jpg,STREET_LIGHTING,1
processed/images/ROADS/roads_1188.jpg,roads_1188.jpg,ROADS,0
processed/images/ROADS/roads_1594.png,roads_1594.png,ROADS,0
processed/images/WASTE_MANAGEMENT/waste_management_0176.jpg,waste_management_0176.jpg,WASTE_MANAGEMENT,3
processed/images/TREES_ENVIRONMENT/trees_environment_0808.jpg,trees_environment_0808.jpg,TREES_ENVIRONMENT,4
processed/images/TREES_ENVIRONMENT/trees_environment_1409.jpg,trees_environment_1409.jpg,TREES_ENVIRONMENT,4
processed/images/PUBLIC_INFRASTRUCTURE/public_infrastructure_1117.jpg,public_infrastructure_1117.jpg,PUBLIC_INFRASTRUCTURE,5
processed/images/STREET_LIGHTING/street_lighting_0165.jpg,street_lighting_0165.jpg,STREET_LIGHTING,1
processed/images/TREES_ENVIRONMENT/trees_environment_0930.jpg,trees_environment_0930.jpg,TREES_ENVIRONMENT,4
processed/images/STREET_LIGHTING/street_lighting_0953.jpg,street_lighting_0953.jpg,STREET_LIGHTING,1
processed/images/ROADS/roads_0394.jpg,roads_0394.jpg,ROADS,0
processed/images/ROADS/roads_1373.png,roads_1373.png,ROADS,0
processed/images/STREET_LIGHTING/street_lighting_0475.jpg,street_lighting_0475.jpg,STREET_LIGHTING,1
processed/images/WASTE_MANAGEMENT/waste_management_0399.jpg,waste_management_0399.jpg,WASTE_MANAGEMENT,3
processed/images/ROADS/roads_1181.jpg,roads_1181.jpg,ROADS,0
processed/images/PUBLIC_INFRASTRUCTURE/public_infrastructure_0350.jpg,public_infrastructure_0350.jpg,PUBLIC_INFRASTRUCTURE,5
processed/images/TREES_ENVIRONMENT/trees_environment_0112.jpg,trees_environment_0112.jpg,TREES_ENVIRONMENT,4
processed/images/TREES_ENVIRONMENT/trees_environment_1183.jpg,trees_environment_1183.jpg,TREES_ENVIRONMENT,4
processed/images/ROADS/roads_0169.jpg,roads_0169.jpg,ROADS,0
processed/images/ROADS/roads_0630.jpg,roads_0630.jpg,ROADS,0
processed/images/PUBLIC_INFRASTRUCTURE/public_infrastructure_1453.jpg,public_infrastructure_1453.jpg,PUBLIC_INFRASTRUCTURE,5
processed/images/ROADS/roads_0537.jpg,roads_0537.jpg,ROADS,0
processed/images/PUBLIC_INFRASTRUCTURE/public_infrastructure_1472.jpg,public_infrastructure_1472.jpg,PUBLIC_INFRASTRUCTURE,5
processed/images/ROADS/roads_0906.jpg,roads_0906.jpg,ROADS,0
processed/images/STREET_LIGHTING/street_lighting_0971.jpg,street_lighting_0971.jpg,STREET_LIGHTING,1
processed/images/PUBLIC_INFRASTRUCTURE/public_infrastructure_0859.jpg,public_infrastructure_0859.jpg,PUBLIC_INFRASTRUCTURE,5
processed/images/TREES_ENVIRONMENT/trees_environment_0937.jpg,trees_environment_0937.jpg,TREES_ENVIRONMENT,4
processed/images/ROADS/roads_1788.png,roads_1788.png,ROADS,0
processed/images/STREET_LIGHTING/street_lighting_0132.jpg,street_lighting_0132.jpg,STREET_LIGHTING,1
processed/images/TREES_ENVIRONMENT/trees_environment_0877.jpg,trees_environment_0877.jpg,TREES_ENVIRONMENT,4
processed/images/ROADS/roads_1885.png,roads_1885.png,ROADS,0
processed/images/ROADS/roads_0497.jpg,roads_0497.jpg,ROADS,0
processed/images/PUBLIC_INFRASTRUCTURE/public_infrastructure_0522.jpg,public_infrastructure_0522.jpg,PUBLIC_INFRASTRUCTURE,5
processed/images/ROADS/roads_0740.jpg,roads_0740.jpg,ROADS,0
processed/images/WASTE_MANAGEMENT/waste_management_0647.jpg,waste_management_0647.jpg,WASTE_MANAGEMENT,3
processed/images/PUBLIC_INFRASTRUCTURE/public_infrastructure_0694.jpg,public_infrastructure_0694.jpg,PUBLIC_INFRASTRUCTURE,5
processed/images/WATER_DRAINAGE/water_drainage_0209.jpg,water_drainage_0209.jpg,WATER_DRAINAGE,2
processed/images/PUBLIC_INFRASTRUCTURE/public_infrastructure_0913.jpg,public_infrastructure_0913.jpg,PUBLIC_INFRASTRUCTURE,5
processed/images/WATER_DRAINAGE/water_drainage_0096.jpg,water_drainage_0096.jpg,WATER_DRAINAGE,2
processed/images/ROADS/roads_1355.png,roads_1355.png,ROADS,0
processed/images/STREET_LIGHTING/street_lighting_1046.jpg,street_lighting_1046.jpg,STREET_LIGHTING,1
processed/images/TREES_ENVIRONMENT/trees_environment_0702.jpg,trees_environment_0702.jpg,TREES_ENVIRONMENT,4
processed/images/STREET_LIGHTING/street_lighting_0359.jpg,street_lighting_0359.jpg,STREET_LIGHTING,1
processed/images/ROADS/roads_0845.jpg,roads_0845.jpg,ROADS,0
processed/images/PUBLIC_INFRASTRUCTURE/public_infrastructure_0301.jpg,public_infrastructure_0301.jpg,PUBLIC_INFRASTRUCTURE,5
processed/images/STREET_LIGHTING/street_lighting_0663.jpg,street_lighting_0663.jpg,STREET_LIGHTING,1
processed/images/WASTE_MANAGEMENT/waste_management_0519.jpg,waste_management_0519.jpg,WASTE_MANAGEMENT,3
processed/images/WASTE_MANAGEMENT/waste_management_0458.jpg,waste_management_0458.jpg,WASTE_MANAGEMENT,3
processed/images/PUBLIC_INFRASTRUCTURE/public_infrastructure_0148.jpg,public_infrastructure_0148.jpg,PUBLIC_INFRASTRUCTURE,5
processed/images/TREES_ENVIRONMENT/trees_environment_0520.jpg,trees_environment_0520.jpg,TREES_ENVIRONMENT,4
processed/images/ROADS/roads_0445.jpg,roads_0445.jpg,ROADS,0
processed/images/ROADS/roads_1716.png,roads_1716.png,ROADS,0
processed/images/ROADS/roads_0389.jpg,roads_0389.jpg,ROADS,0
processed/images/WASTE_MANAGEMENT/waste_management_0103.jpg,waste_management_0103.jpg,WASTE_MANAGEMENT,3
processed/images/TREES_ENVIRONMENT/trees_environment_1573.jpg,trees_environment_1573.jpg,TREES_ENVIRONMENT,4
processed/images/PUBLIC_INFRASTRUCTURE/public_infrastructure_1220.jpg,public_infrastructure_1220.jpg,PUBLIC_INFRASTRUCTURE,5
processed/images/PUBLIC_INFRASTRUCTURE/public_infrastructure_0919.jpg,public_infrastructure_0919.jpg,PUBLIC_INFRASTRUCTURE,5
processed/images/STREET_LIGHTING/street_lighting_1107.jpg,street_lighting_1107.jpg,STREET_LIGHTING,1
processed/images/ROADS/roads_1262.png,roads_1262.png,ROADS,0
processed/images/WASTE_MANAGEMENT/waste_management_0552.jpg,waste_management_0552.jpg,WASTE_MANAGEMENT,3
processed/images/PUBLIC_INFRASTRUCTURE/public_infrastructure_0556.jpg,public_infrastructure_0556.jpg,PUBLIC_INFRASTRUCTURE,5
processed/images/TREES_ENVIRONMENT/trees_environment_0752.jpg,trees_environment_0752.jpg,TREES_ENVIRONMENT,4
processed/images/PUBLIC_INFRASTRUCTURE/public_infrastructure_0004.jpg,public_infrastructure_0004.jpg,PUBLIC_INFRASTRUCTURE,5
processed/images/PUBLIC_INFRASTRUCTURE/public_infrastructure_0997.jpg,public_infrastructure_0997.jpg,PUBLIC_INFRASTRUCTURE,5
processed/images/TREES_ENVIRONMENT/trees_environment_0171.jpg,trees_environment_0171.jpg,TREES_ENVIRONMENT,4
processed/images/PUBLIC_INFRASTRUCTURE/public_infrastructure_0652.jpg,public_infrastructure_0652.jpg,PUBLIC_INFRASTRUCTURE,5
processed/images/STREET_LIGHTING/street_lighting_0708.jpg,street_lighting_0708.jpg,STREET_LIGHTING,1
processed/images/WATER_DRAINAGE/water_drainage_0413.jpg,water_drainage_0413.jpg,WATER_DRAINAGE,2
processed/images/PUBLIC_INFRASTRUCTURE/public_infrastructure_1169.jpg,public_infrastructure_1169.jpg,PUBLIC_INFRASTRUCTURE,5
processed/images/TREES_ENVIRONMENT/trees_environment_1352.jpg,trees_environment_1352.jpg,TREES_ENVIRONMENT,4
processed/images/WATER_DRAINAGE/water_drainage_0048.jpg,water_drainage_0048.jpg,WATER_DRAINAGE,2
processed/images/WATER_DRAINAGE/water_drainage_0375.jpg,water_drainage_0375.jpg,WATER_DRAINAGE,2
processed/images/ROADS/roads_1475.png,roads_1475.png,ROADS,0
processed/images/ROADS/roads_0247.jpg,roads_0247.jpg,ROADS,0
processed/images/TREES_ENVIRONMENT/trees_environment_1587.jpg,trees_environment_1587.jpg,TREES_ENVIRONMENT,4
processed/images/TREES_ENVIRONMENT/trees_environment_0889.jpg,trees_environment_0889.jpg,TREES_ENVIRONMENT,4
processed/images/PUBLIC_INFRASTRUCTURE/public_infrastructure_0073.jpg,public_infrastructure_0073.jpg,PUBLIC_INFRASTRUCTURE,5
processed/images/STREET_LIGHTING/street_lighting_0964.jpg,street_lighting_0964.jpg,STREET_LIGHTING,1
processed/images/PUBLIC_INFRASTRUCTURE/public_infrastructure_0549.jpg,public_infrastructure_0549.jpg,PUBLIC_INFRASTRUCTURE,5
processed/images/PUBLIC_INFRASTRUCTURE/public_infrastructure_0227.jpg,public_infrastructure_0227.jpg,PUBLIC_INFRASTRUCTURE,5
processed/images/STREET_LIGHTING/street_lighting_0557.jpg,street_lighting_0557.jpg,STREET_LIGHTING,1
processed/images/ROADS/roads_1059.jpg,roads_1059.jpg,ROADS,0
processed/images/TREES_ENVIRONMENT/trees_environment_1122.jpg,trees_environment_1122.jpg,TREES_ENVIRONMENT,4
processed/images/ROADS/roads_0696.jpg,roads_0696.jpg,ROADS,0
processed/images/TREES_ENVIRONMENT/trees_environment_1006.jpg,trees_environment_1006.jpg,TREES_ENVIRONMENT,4
processed/images/ROADS/roads_1679.png,roads_1679.png,ROADS,0
processed/images/ROADS/roads_1198.jpg,roads_1198.jpg,ROADS,0
processed/images/WATER_DRAINAGE/water_drainage_0101.jpg,water_drainage_0101.jpg,WATER_DRAINAGE,2
processed/images/STREET_LIGHTING/street_lighting_0236.jpg,street_lighting_0236.jpg,STREET_LIGHTING,1
processed/images/STREET_LIGHTING/street_lighting_0369.jpg,street_lighting_0369.jpg,STREET_LIGHTING,1
processed/images/WASTE_MANAGEMENT/waste_management_0392.jpg,waste_management_0392.jpg,WASTE_MANAGEMENT,3
processed/images/WATER_DRAINAGE/water_drainage_0083.jpg,water_drainage_0083.jpg,WATER_DRAINAGE,2
processed/images/ROADS/roads_1300.png,roads_1300.png,ROADS,0
processed/images/STREET_LIGHTING/street_lighting_0129.jpg,street_lighting_0129.jpg,STREET_LIGHTING,1
processed/images/ROADS/roads_0608.jpg,roads_0608.jpg,ROADS,0
processed/images/ROADS/roads_1733.png,roads_1733.png,ROADS,0
processed/images/ROADS/roads_0359.jpg,roads_0359.jpg,ROADS,0
processed/images/PUBLIC_INFRASTRUCTURE/public_infrastructure_1222.jpg,public_infrastructure_1222.jpg,PUBLIC_INFRASTRUCTURE,5
processed/images/ROADS/roads_0150.jpg,roads_0150.jpg,ROADS,0
processed/images/ROADS/roads_1474.png,roads_1474.png,ROADS,0
processed/images/STREET_LIGHTING/street_lighting_0345.jpg,street_lighting_0345.jpg,STREET_LIGHTING,1
processed/images/WASTE_MANAGEMENT/waste_management_0655.jpg,waste_management_0655.jpg,WASTE_MANAGEMENT,3
processed/images/WASTE_MANAGEMENT/waste_management_0541.jpg,waste_management_0541.jpg,WASTE_MANAGEMENT,3
processed/images/TREES_ENVIRONMENT/trees_environment_1269.jpg,trees_environment_1269.jpg,TREES_ENVIRONMENT,4
processed/images/ROADS/roads_0227.jpg,roads_0227.jpg,ROADS,0
processed/images/STREET_LIGHTING/street_lighting_0430.jpg,street_lighting_0430.jpg,STREET_LIGHTING,1
processed/images/ROADS/roads_1646.png,roads_1646.png,ROADS,0
processed/images/ROADS/roads_1005.jpg,roads_1005.jpg,ROADS,0
processed/images/TREES_ENVIRONMENT/trees_environment_0851.jpg,trees_environment_0851.jpg,TREES_ENVIRONMENT,4
processed/images/PUBLIC_INFRASTRUCTURE/public_infrastructure_1050.jpg,public_infrastructure_1050.jpg,PUBLIC_INFRASTRUCTURE,5
processed/images/WASTE_MANAGEMENT/waste_management_0843.jpg,waste_management_0843.jpg,WASTE_MANAGEMENT,3
processed/images/ROADS/roads_1702.png,roads_1702.png,ROADS,0
processed/images/ROADS/roads_0130.jpg,roads_0130.jpg,ROADS,0
processed/images/ROADS/roads_1038.jpg,roads_1038.jpg,ROADS,0
processed/images/TREES_ENVIRONMENT/trees_environment_1242.jpg,trees_environment_1242.jpg,TREES_ENVIRONMENT,4
processed/images/ROADS/roads_0458.jpg,roads_0458.jpg,ROADS,0
processed/images/PUBLIC_INFRASTRUCTURE/public_infrastructure_0693.jpg,public_infrastructure_0693.jpg,PUBLIC_INFRASTRUCTURE,5
processed/images/WATER_DRAINAGE/water_drainage_0132.jpg,water_drainage_0132.jpg,WATER_DRAINAGE,2
processed/images/ROADS/roads_0678.jpg,roads_0678.jpg,ROADS,0
processed/images/WASTE_MANAGEMENT/waste_management_0767.jpg,waste_management_0767.jpg,WASTE_MANAGEMENT,3
processed/images/ROADS/roads_1076.jpg,roads_1076.jpg,ROADS,0
processed/images/STREET_LIGHTING/street_lighting_0869.jpg,street_lighting_0869.jpg,STREET_LIGHTING,1
processed/images/ROADS/roads_1147.jpg,roads_1147.jpg,ROADS,0
processed/images/ROADS/roads_1086.jpg,roads_1086.jpg,ROADS,0
processed/images/PUBLIC_INFRASTRUCTURE/public_infrastructure_0400.jpg,public_infrastructure_0400.jpg,PUBLIC_INFRASTRUCTURE,5
processed/images/PUBLIC_INFRASTRUCTURE/public_infrastructure_1329.jpg,public_infrastructure_1329.jpg,PUBLIC_INFRASTRUCTURE,5
processed/images/ROADS/roads_0751.jpg,roads_0751.jpg,ROADS,0
processed/images/STREET_LIGHTING/street_lighting_0378.jpg,street_lighting_0378.jpg,STREET_LIGHTING,1
processed/images/ROADS/roads_1899.png,roads_1899.png,ROADS,0
processed/images/TREES_ENVIRONMENT/trees_environment_0037.jpg,trees_environment_0037.jpg,TREES_ENVIRONMENT,4
processed/images/TREES_ENVIRONMENT/trees_environment_1166.jpg,trees_environment_1166.jpg,TREES_ENVIRONMENT,4
processed/images/WASTE_MANAGEMENT/waste_management_0374.jpg,waste_management_0374.jpg,WASTE_MANAGEMENT,3
processed/images/TREES_ENVIRONMENT/trees_environment_0205.jpg,trees_environment_0205.jpg,TREES_ENVIRONMENT,4
processed/images/STREET_LIGHTING/street_lighting_0394.jpg,street_lighting_0394.jpg,STREET_LIGHTING,1
processed/images/ROADS/roads_0897.jpg,roads_0897.jpg,ROADS,0
processed/images/STREET_LIGHTING/street_lighting_0153.jpg,street_lighting_0153.jpg,STREET_LIGHTING,1
processed/images/PUBLIC_INFRASTRUCTURE/public_infrastructure_1473.jpg,public_infrastructure_1473.jpg,PUBLIC_INFRASTRUCTURE,5
processed/images/WASTE_MANAGEMENT/waste_management_0141.jpg,waste_management_0141.jpg,WASTE_MANAGEMENT,3
processed/images/ROADS/roads_1507.png,roads_1507.png,ROADS,0
processed/images/ROADS/roads_1357.png,roads_1357.png,ROADS,0
processed/images/WASTE_MANAGEMENT/waste_management_0561.jpg,waste_management_0561.jpg,WASTE_MANAGEMENT,3
processed/images/WASTE_MANAGEMENT/waste_management_0279.jpg,waste_management_0279.jpg,WASTE_MANAGEMENT,3
processed/images/WATER_DRAINAGE/water_drainage_0121.jpg,water_drainage_0121.jpg,WATER_DRAINAGE,2
processed/images/ROADS/roads_0361.jpg,roads_0361.jpg,ROADS,0
processed/images/TREES_ENVIRONMENT/trees_environment_1337.jpg,trees_environment_1337.jpg,TREES_ENVIRONMENT,4
processed/images/PUBLIC_INFRASTRUCTURE/public_infrastructure_0052.jpg,public_infrastructure_0052.jpg,PUBLIC_INFRASTRUCTURE,5
processed/images/TREES_ENVIRONMENT/trees_environment_0576.jpg,trees_environment_0576.jpg,TREES_ENVIRONMENT,4
processed/images/TREES_ENVIRONMENT/trees_environment_1060.jpg,trees_environment_1060.jpg,TREES_ENVIRONMENT,4
processed/images/WASTE_MANAGEMENT/waste_management_0624.jpg,waste_management_0624.jpg,WASTE_MANAGEMENT,3
processed/images/STREET_LIGHTING/street_lighting_0995.jpg,street_lighting_0995.jpg,STREET_LIGHTING,1
processed/images/ROADS/roads_1491.png,roads_1491.png,ROADS,0
processed/images/TREES_ENVIRONMENT/trees_environment_0686.jpg,trees_environment_0686.jpg,TREES_ENVIRONMENT,4
processed/images/PUBLIC_INFRASTRUCTURE/public_infrastructure_0572.jpg,public_infrastructure_0572.jpg,PUBLIC_INFRASTRUCTURE,5
processed/images/ROADS/roads_0023.jpeg,roads_0023.jpeg,ROADS,0
processed/images/STREET_LIGHTING/street_lighting_0920.jpg,street_lighting_0920.jpg,STREET_LIGHTING,1
processed/images/TREES_ENVIRONMENT/trees_environment_1017.jpg,trees_environment_1017.jpg,TREES_ENVIRONMENT,4
processed/images/ROADS/roads_0010.jpeg,roads_0010.jpeg,ROADS,0
processed/images/TREES_ENVIRONMENT/trees_environment_1619.jpg,trees_environment_1619.jpg,TREES_ENVIRONMENT,4
processed/images/STREET_LIGHTING/street_lighting_0538.jpg,street_lighting_0538.jpg,STREET_LIGHTING,1
processed/images/PUBLIC_INFRASTRUCTURE/public_infrastructure_1218.jpg,public_infrastructure_1218.jpg,PUBLIC_INFRASTRUCTURE,5
processed/images/ROADS/roads_1185.jpg,roads_1185.jpg,ROADS,0
processed/images/WASTE_MANAGEMENT/waste_management_0317.jpg,waste_management_0317.jpg,WASTE_MANAGEMENT,3
processed/images/PUBLIC_INFRASTRUCTURE/public_infrastructure_0074.jpg,public_infrastructure_0074.jpg,PUBLIC_INFRASTRUCTURE,5
processed/images/PUBLIC_INFRASTRUCTURE/public_infrastructure_0606.jpg,public_infrastructure_0606.jpg,PUBLIC_INFRASTRUCTURE,5
processed/images/PUBLIC_INFRASTRUCTURE/public_infrastructure_0964.jpg,public_infrastructure_0964.jpg,PUBLIC_INFRASTRUCTURE,5
processed/images/ROADS/roads_0927.jpg,roads_0927.jpg,ROADS,0
processed/images/STREET_LIGHTING/street_lighting_1073.jpg,street_lighting_1073.jpg,STREET_LIGHTING,1
processed/images/STREET_LIGHTING/street_lighting_0225.jpg,street_lighting_0225.jpg,STREET_LIGHTING,1
processed/images/TREES_ENVIRONMENT/trees_environment_1432.jpg,trees_environment_1432.jpg,TREES_ENVIRONMENT,4
processed/images/ROADS/roads_1921.png,roads_1921.png,ROADS,0
processed/images/ROADS/roads_0490.jpg,roads_0490.jpg,ROADS,0
processed/images/TREES_ENVIRONMENT/trees_environment_0137.jpg,trees_environment_0137.jpg,TREES_ENVIRONMENT,4
processed/images/PUBLIC_INFRASTRUCTURE/public_infrastructure_0324.jpg,public_infrastructure_0324.jpg,PUBLIC_INFRASTRUCTURE,5
processed/images/WATER_DRAINAGE/water_drainage_0138.jpg,water_drainage_0138.jpg,WATER_DRAINAGE,2
processed/images/STREET_LIGHTING/street_lighting_0098.jpg,street_lighting_0098.jpg,STREET_LIGHTING,1
processed/images/TREES_ENVIRONMENT/trees_environment_0081.jpg,trees_environment_0081.jpg,TREES_ENVIRONMENT,4
processed/images/TREES_ENVIRONMENT/trees_environment_1416.jpg,trees_environment_1416.jpg,TREES_ENVIRONMENT,4
processed/images/STREET_LIGHTING/street_lighting_0981.jpg,street_lighting_0981.jpg,STREET_LIGHTING,1
processed/images/WATER_DRAINAGE/water_drainage_0075.jpg,water_drainage_0075.jpg,WATER_DRAINAGE,2
processed/images/ROADS/roads_0677.jpg,roads_0677.jpg,ROADS,0
processed/images/ROADS/roads_0891.jpg,roads_0891.jpg,ROADS,0
processed/images/ROADS/roads_0280.jpg,roads_0280.jpg,ROADS,0
processed/images/ROADS/roads_1801.png,roads_1801.png,ROADS,0
processed/images/TREES_ENVIRONMENT/trees_environment_0504.jpg,trees_environment_0504.jpg,TREES_ENVIRONMENT,4
processed/images/PUBLIC_INFRASTRUCTURE/public_infrastructure_1339.jpg,public_infrastructure_1339.jpg,PUBLIC_INFRASTRUCTURE,5
processed/images/PUBLIC_INFRASTRUCTURE/public_infrastructure_0559.jpg,public_infrastructure_0559.jpg,PUBLIC_INFRASTRUCTURE,5
processed/images/PUBLIC_INFRASTRUCTURE/public_infrastructure_0873.jpg,public_infrastructure_0873.jpg,PUBLIC_INFRASTRUCTURE,5
processed/images/ROADS/roads_0663.jpg,roads_0663.jpg,ROADS,0
processed/images/TREES_ENVIRONMENT/trees_environment_1139.jpg,trees_environment_1139.jpg,TREES_ENVIRONMENT,4
processed/images/PUBLIC_INFRASTRUCTURE/public_infrastructure_0124.jpg,public_infrastructure_0124.jpg,PUBLIC_INFRASTRUCTURE,5
processed/images/ROADS/roads_1090.jpg,roads_1090.jpg,ROADS,0
processed/images/TREES_ENVIRONMENT/trees_environment_1078.jpg,trees_environment_1078.jpg,TREES_ENVIRONMENT,4
processed/images/STREET_LIGHTING/street_lighting_0682.jpg,street_lighting_0682.jpg,STREET_LIGHTING,1
processed/images/STREET_LIGHTING/street_lighting_0069.jpg,street_lighting_0069.jpg,STREET_LIGHTING,1
processed/images/ROADS/roads_1806.png,roads_1806.png,ROADS,0
processed/images/TREES_ENVIRONMENT/trees_environment_1378.jpg,trees_environment_1378.jpg,TREES_ENVIRONMENT,4
processed/images/WATER_DRAINAGE/water_drainage_0407.jpg,water_drainage_0407.jpg,WATER_DRAINAGE,2
processed/images/ROADS/roads_1354.png,roads_1354.png,ROADS,0
processed/images/ROADS/roads_1222.jpg,roads_1222.jpg,ROADS,0
processed/images/STREET_LIGHTING/street_lighting_0078.jpg,street_lighting_0078.jpg,STREET_LIGHTING,1
processed/images/ROADS/roads_0839.jpg,roads_0839.jpg,ROADS,0
processed/images/STREET_LIGHTING/street_lighting_0602.jpg,street_lighting_0602.jpg,STREET_LIGHTING,1
processed/images/WASTE_MANAGEMENT/waste_management_0530.jpg,waste_management_0530.jpg,WASTE_MANAGEMENT,3
processed/images/STREET_LIGHTING/street_lighting_0575.jpg,street_lighting_0575.jpg,STREET_LIGHTING,1
processed/images/WASTE_MANAGEMENT/waste_management_0378.jpg,waste_management_0378.jpg,WASTE_MANAGEMENT,3
processed/images/PUBLIC_INFRASTRUCTURE/public_infrastructure_0008.jpg,public_infrastructure_0008.jpg,PUBLIC_INFRASTRUCTURE,5
processed/images/PUBLIC_INFRASTRUCTURE/public_infrastructure_0195.jpg,public_infrastructure_0195.jpg,PUBLIC_INFRASTRUCTURE,5
processed/images/ROADS/roads_0125.jpg,roads_0125.jpg,ROADS,0
processed/images/WASTE_MANAGEMENT/waste_management_0024.jpg,waste_management_0024.jpg,WASTE_MANAGEMENT,3
processed/images/STREET_LIGHTING/street_lighting_0142.jpg,street_lighting_0142.jpg,STREET_LIGHTING,1
processed/images/ROADS/roads_0071.jpg,roads_0071.jpg,ROADS,0
processed/images/ROADS/roads_1392.png,roads_1392.png,ROADS,0
processed/images/WASTE_MANAGEMENT/waste_management_0002.jpg,waste_management_0002.jpg,WASTE_MANAGEMENT,3
processed/images/ROADS/roads_0669.jpg,roads_0669.jpg,ROADS,0
processed/images/WATER_DRAINAGE/water_drainage_0214.jpg,water_drainage_0214.jpg,WATER_DRAINAGE,2
processed/images/STREET_LIGHTING/street_lighting_0780.jpg,street_lighting_0780.jpg,STREET_LIGHTING,1
processed/images/TREES_ENVIRONMENT/trees_environment_1569.jpg,trees_environment_1569.jpg,TREES_ENVIRONMENT,4
processed/images/PUBLIC_INFRASTRUCTURE/public_infrastructure_0482.jpg,public_infrastructure_0482.jpg,PUBLIC_INFRASTRUCTURE,5
processed/images/WASTE_MANAGEMENT/waste_management_0414.jpg,waste_management_0414.jpg,WASTE_MANAGEMENT,3
processed/images/TREES_ENVIRONMENT/trees_environment_0728.jpg,trees_environment_0728.jpg,TREES_ENVIRONMENT,4
processed/images/PUBLIC_INFRASTRUCTURE/public_infrastructure_0843.jpg,public_infrastructure_0843.jpg,PUBLIC_INFRASTRUCTURE,5
processed/images/ROADS/roads_1740.png,roads_1740.png,ROADS,0
processed/images/ROADS/roads_1116.jpg,roads_1116.jpg,ROADS,0
processed/images/ROADS/roads_0609.jpg,roads_0609.jpg,ROADS,0
processed/images/TREES_ENVIRONMENT/trees_environment_0737.jpg,trees_environment_0737.jpg,TREES_ENVIRONMENT,4
processed/images/PUBLIC_INFRASTRUCTURE/public_infrastructure_0480.jpg,public_infrastructure_0480.jpg,PUBLIC_INFRASTRUCTURE,5
processed/images/WASTE_MANAGEMENT/waste_management_0211.jpg,waste_management_0211.jpg,WASTE_MANAGEMENT,3
processed/images/STREET_LIGHTING/street_lighting_0002.jpg,street_lighting_0002.jpg,STREET_LIGHTING,1
processed/images/ROADS/roads_0835.jpg,roads_0835.jpg,ROADS,0
processed/images/ROADS/roads_1252.jpg,roads_1252.jpg,ROADS,0
processed/images/PUBLIC_INFRASTRUCTURE/public_infrastructure_0199.jpg,public_infrastructure_0199.jpg,PUBLIC_INFRASTRUCTURE,5
processed/images/ROADS/roads_0270.jpg,roads_0270.jpg,ROADS,0
processed/images/PUBLIC_INFRASTRUCTURE/public_infrastructure_0906.jpg,public_infrastructure_0906.jpg,PUBLIC_INFRASTRUCTURE,5
processed/images/TREES_ENVIRONMENT/trees_environment_1125.jpg,trees_environment_1125.jpg,TREES_ENVIRONMENT,4
processed/images/TREES_ENVIRONMENT/trees_environment_0677.jpg,trees_environment_0677.jpg,TREES_ENVIRONMENT,4
processed/images/WASTE_MANAGEMENT/waste_management_0108.jpg,waste_management_0108.jpg,WASTE_MANAGEMENT,3
processed/images/PUBLIC_INFRASTRUCTURE/public_infrastructure_0722.jpg,public_infrastructure_0722.jpg,PUBLIC_INFRASTRUCTURE,5
processed/images/ROADS/roads_1784.png,roads_1784.png,ROADS,0
processed/images/ROADS/roads_0308.jpg,roads_0308.jpg,ROADS,0
processed/images/STREET_LIGHTING/street_lighting_0521.jpg,street_lighting_0521.jpg,STREET_LIGHTING,1
processed/images/TREES_ENVIRONMENT/trees_environment_0364.jpg,trees_environment_0364.jpg,TREES_ENVIRONMENT,4
processed/images/ROADS/roads_0148.jpg,roads_0148.jpg,ROADS,0
processed/images/PUBLIC_INFRASTRUCTURE/public_infrastructure_0283.jpg,public_infrastructure_0283.jpg,PUBLIC_INFRASTRUCTURE,5
processed/images/STREET_LIGHTING/street_lighting_0885.jpg,street_lighting_0885.jpg,STREET_LIGHTING,1
processed/images/WASTE_MANAGEMENT/waste_management_0612.jpg,waste_management_0612.jpg,WASTE_MANAGEMENT,3
processed/images/ROADS/roads_0013.jpeg,roads_0013.jpeg,ROADS,0
processed/images/STREET_LIGHTING/street_lighting_0916.jpg,street_lighting_0916.jpg,STREET_LIGHTING,1
processed/images/TREES_ENVIRONMENT/trees_environment_0996.jpg,trees_environment_0996.jpg,TREES_ENVIRONMENT,4
processed/images/TREES_ENVIRONMENT/trees_environment_1350.jpg,trees_environment_1350.jpg,TREES_ENVIRONMENT,4
processed/images/WATER_DRAINAGE/water_drainage_0233.jpg,water_drainage_0233.jpg,WATER_DRAINAGE,2
processed/images/WASTE_MANAGEMENT/waste_management_0266.jpg,waste_management_0266.jpg,WASTE_MANAGEMENT,3
processed/images/PUBLIC_INFRASTRUCTURE/public_infrastructure_0342.jpg,public_infrastructure_0342.jpg,PUBLIC_INFRASTRUCTURE,5
processed/images/PUBLIC_INFRASTRUCTURE/public_infrastructure_0604.jpg,public_infrastructure_0604.jpg,PUBLIC_INFRASTRUCTURE,5
processed/images/WASTE_MANAGEMENT/waste_management_0719.jpg,waste_management_0719.jpg,WASTE_MANAGEMENT,3
processed/images/PUBLIC_INFRASTRUCTURE/public_infrastructure_0842.jpg,public_infrastructure_0842.jpg,PUBLIC_INFRASTRUCTURE,5
processed/images/ROADS/roads_1361.png,roads_1361.png,ROADS,0
processed/images/WASTE_MANAGEMENT/waste_management_0648.jpg,waste_management_0648.jpg,WASTE_MANAGEMENT,3
processed/images/WATER_DRAINAGE/water_drainage_0185.jpg,water_drainage_0185.jpg,WATER_DRAINAGE,2
processed/images/PUBLIC_INFRASTRUCTURE/public_infrastructure_1424.jpg,public_infrastructure_1424.jpg,PUBLIC_INFRASTRUCTURE,5
processed/images/TREES_ENVIRONMENT/trees_environment_1023.jpg,trees_environment_1023.jpg,TREES_ENVIRONMENT,4
processed/images/PUBLIC_INFRASTRUCTURE/public_infrastructure_1436.jpg,public_infrastructure_1436.jpg,PUBLIC_INFRASTRUCTURE,5
processed/images/WASTE_MANAGEMENT/waste_management_0427.jpg,waste_management_0427.jpg,WASTE_MANAGEMENT,3
processed/images/ROADS/roads_0860.jpg,roads_0860.jpg,ROADS,0
processed/images/TREES_ENVIRONMENT/trees_environment_0094.jpg,trees_environment_0094.jpg,TREES_ENVIRONMENT,4
processed/images/TREES_ENVIRONMENT/trees_environment_1385.jpg,trees_environment_1385.jpg,TREES_ENVIRONMENT,4
processed/images/TREES_ENVIRONMENT/trees_environment_1082.jpg,trees_environment_1082.jpg,TREES_ENVIRONMENT,4
processed/images/STREET_LIGHTING/street_lighting_0037.jpg,street_lighting_0037.jpg,STREET_LIGHTING,1
processed/images/TREES_ENVIRONMENT/trees_environment_0043.jpg,trees_environment_0043.jpg,TREES_ENVIRONMENT,4
processed/images/ROADS/roads_1221.jpg,roads_1221.jpg,ROADS,0
processed/images/PUBLIC_INFRASTRUCTURE/public_infrastructure_0102.jpg,public_infrastructure_0102.jpg,PUBLIC_INFRASTRUCTURE,5
processed/images/PUBLIC_INFRASTRUCTURE/public_infrastructure_1486.jpg,public_infrastructure_1486.jpg,PUBLIC_INFRASTRUCTURE,5
processed/images/TREES_ENVIRONMENT/trees_environment_0594.jpg,trees_environment_0594.jpg,TREES_ENVIRONMENT,4
processed/images/ROADS/roads_0473.jpg,roads_0473.jpg,ROADS,0
processed/images/WASTE_MANAGEMENT/waste_management_0689.jpg,waste_management_0689.jpg,WASTE_MANAGEMENT,3
processed/images/PUBLIC_INFRASTRUCTURE/public_infrastructure_0320.jpg,public_infrastructure_0320.jpg,PUBLIC_INFRASTRUCTURE,5
processed/images/ROADS/roads_0096.jpg,roads_0096.jpg,ROADS,0
processed/images/ROADS/roads_1505.png,roads_1505.png,ROADS,0
processed/images/PUBLIC_INFRASTRUCTURE/public_infrastructure_0994.jpg,public_infrastructure_0994.jpg,PUBLIC_INFRASTRUCTURE,5
processed/images/ROADS/roads_0730.jpg,roads_0730.jpg,ROADS,0
processed/images/PUBLIC_INFRASTRUCTURE/public_infrastructure_0071.jpg,public_infrastructure_0071.jpg,PUBLIC_INFRASTRUCTURE,5
processed/images/PUBLIC_INFRASTRUCTURE/public_infrastructure_1502.jpg,public_infrastructure_1502.jpg,PUBLIC_INFRASTRUCTURE,5
processed/images/TREES_ENVIRONMENT/trees_environment_0648.jpg,trees_environment_0648.jpg,TREES_ENVIRONMENT,4
processed/images/WASTE_MANAGEMENT/waste_management_0262.jpg,waste_management_0262.jpg,WASTE_MANAGEMENT,3
processed/images/ROADS/roads_1689.png,roads_1689.png,ROADS,0
processed/images/PUBLIC_INFRASTRUCTURE/public_infrastructure_0487.jpg,public_infrastructure_0487.jpg,PUBLIC_INFRASTRUCTURE,5
processed/images/ROADS/roads_1540.png,roads_1540.png,ROADS,0
processed/images/TREES_ENVIRONMENT/trees_environment_1181.jpg,trees_environment_1181.jpg,TREES_ENVIRONMENT,4
processed/images/ROADS/roads_1603.png,roads_1603.png,ROADS,0
processed/images/PUBLIC_INFRASTRUCTURE/public_infrastructure_0315.jpg,public_infrastructure_0315.jpg,PUBLIC_INFRASTRUCTURE,5
processed/images/STREET_LIGHTING/street_lighting_0930.jpg,street_lighting_0930.jpg,STREET_LIGHTING,1
processed/images/ROADS/roads_1701.png,roads_1701.png,ROADS,0
processed/images/PUBLIC_INFRASTRUCTURE/public_infrastructure_0006.jpg,public_infrastructure_0006.jpg,PUBLIC_INFRASTRUCTURE,5
processed/images/TREES_ENVIRONMENT/trees_environment_0873.jpg,trees_environment_0873.jpg,TREES_ENVIRONMENT,4
processed/images/STREET_LIGHTING/street_lighting_0041.jpg,street_lighting_0041.jpg,STREET_LIGHTING,1
processed/images/WASTE_MANAGEMENT/waste_management_0710.jpg,waste_management_0710.jpg,WASTE_MANAGEMENT,3
processed/images/WASTE_MANAGEMENT/waste_management_0292.jpg,waste_management_0292.jpg,WASTE_MANAGEMENT,3
processed/images/PUBLIC_INFRASTRUCTURE/public_infrastructure_0200.jpg,public_infrastructure_0200.jpg,PUBLIC_INFRASTRUCTURE,5
processed/images/PUBLIC_INFRASTRUCTURE/public_infrastructure_0595.jpg,public_infrastructure_0595.jpg,PUBLIC_INFRASTRUCTURE,5
processed/images/TREES_ENVIRONMENT/trees_environment_0420.jpg,trees_environment_0420.jpg,TREES_ENVIRONMENT,4
processed/images/WASTE_MANAGEMENT/waste_management_0059.jpg,waste_management_0059.jpg,WASTE_MANAGEMENT,3
processed/images/WASTE_MANAGEMENT/waste_management_0712.jpg,waste_management_0712.jpg,WASTE_MANAGEMENT,3
processed/images/PUBLIC_INFRASTRUCTURE/public_infrastructure_1069.jpg,public_infrastructure_1069.jpg,PUBLIC_INFRASTRUCTURE,5
processed/images/TREES_ENVIRONMENT/trees_environment_0069.jpg,trees_environment_0069.jpg,TREES_ENVIRONMENT,4
processed/images/TREES_ENVIRONMENT/trees_environment_0892.jpg,trees_environment_0892.jpg,TREES_ENVIRONMENT,4
processed/images/STREET_LIGHTING/street_lighting_0384.jpg,street_lighting_0384.jpg,STREET_LIGHTING,1
processed/images/PUBLIC_INFRASTRUCTURE/public_infrastructure_0948.jpg,public_infrastructure_0948.jpg,PUBLIC_INFRASTRUCTURE,5
processed/images/ROADS/roads_0067.jpg,roads_0067.jpg,ROADS,0
processed/images/ROADS/roads_1462.png,roads_1462.png,ROADS,0
processed/images/STREET_LIGHTING/street_lighting_1097.jpg,street_lighting_1097.jpg,STREET_LIGHTING,1
processed/images/ROADS/roads_1208.jpg,roads_1208.jpg,ROADS,0
processed/images/ROADS/roads_0715.jpg,roads_0715.jpg,ROADS,0
processed/images/PUBLIC_INFRASTRUCTURE/public_infrastructure_0215.jpg,public_infrastructure_0215.jpg,PUBLIC_INFRASTRUCTURE,5
processed/images/PUBLIC_INFRASTRUCTURE/public_infrastructure_1353.jpg,public_infrastructure_1353.jpg,PUBLIC_INFRASTRUCTURE,5
processed/images/ROADS/roads_1743.png,roads_1743.png,ROADS,0
processed/images/STREET_LIGHTING/street_lighting_1052.jpg,street_lighting_1052.jpg,STREET_LIGHTING,1
processed/images/ROADS/roads_0489.jpg,roads_0489.jpg,ROADS,0
processed/images/TREES_ENVIRONMENT/trees_environment_0047.jpg,trees_environment_0047.jpg,TREES_ENVIRONMENT,4
processed/images/ROADS/roads_1240.jpg,roads_1240.jpg,ROADS,0
processed/images/WATER_DRAINAGE/water_drainage_0195.jpg,water_drainage_0195.jpg,WATER_DRAINAGE,2
processed/images/TREES_ENVIRONMENT/trees_environment_0018.jpg,trees_environment_0018.jpg,TREES_ENVIRONMENT,4
processed/images/ROADS/roads_0844.jpg,roads_0844.jpg,ROADS,0
processed/images/TREES_ENVIRONMENT/trees_environment_0880.jpg,trees_environment_0880.jpg,TREES_ENVIRONMENT,4
processed/images/WATER_DRAINAGE/water_drainage_0134.jpg,water_drainage_0134.jpg,WATER_DRAINAGE,2
processed/images/TREES_ENVIRONMENT/trees_environment_1386.jpg,trees_environment_1386.jpg,TREES_ENVIRONMENT,4
processed/images/WASTE_MANAGEMENT/waste_management_0472.jpg,waste_management_0472.jpg,WASTE_MANAGEMENT,3
processed/images/ROADS/roads_0254.jpg,roads_0254.jpg,ROADS,0
processed/images/STREET_LIGHTING/street_lighting_0530.jpg,street_lighting_0530.jpg,STREET_LIGHTING,1
processed/images/PUBLIC_INFRASTRUCTURE/public_infrastructure_1455.jpg,public_infrastructure_1455.jpg,PUBLIC_INFRASTRUCTURE,5
processed/images/WASTE_MANAGEMENT/waste_management_0341.jpg,waste_management_0341.jpg,WASTE_MANAGEMENT,3
processed/images/TREES_ENVIRONMENT/trees_environment_0275.jpg,trees_environment_0275.jpg,TREES_ENVIRONMENT,4
processed/images/TREES_ENVIRONMENT/trees_environment_0724.jpg,trees_environment_0724.jpg,TREES_ENVIRONMENT,4
processed/images/ROADS/roads_1299.png,roads_1299.png,ROADS,0
processed/images/PUBLIC_INFRASTRUCTURE/public_infrastructure_1474.jpg,public_infrastructure_1474.jpg,PUBLIC_INFRASTRUCTURE,5
processed/images/PUBLIC_INFRASTRUCTURE/public_infrastructure_1459.jpg,public_infrastructure_1459.jpg,PUBLIC_INFRASTRUCTURE,5
processed/images/PUBLIC_INFRASTRUCTURE/public_infrastructure_0676.jpg,public_infrastructure_0676.jpg,PUBLIC_INFRASTRUCTURE,5
processed/images/STREET_LIGHTING/street_lighting_0340.jpg,street_lighting_0340.jpg,STREET_LIGHTING,1
processed/images/ROADS/roads_1496.png,roads_1496.png,ROADS,0
processed/images/TREES_ENVIRONMENT/trees_environment_0870.jpg,trees_environment_0870.jpg,TREES_ENVIRONMENT,4
processed/images/ROADS/roads_0441.jpg,roads_0441.jpg,ROADS,0
processed/images/PUBLIC_INFRASTRUCTURE/public_infrastructure_1171.jpg,public_infrastructure_1171.jpg,PUBLIC_INFRASTRUCTURE,5
processed/images/PUBLIC_INFRASTRUCTURE/public_infrastructure_1063.jpg,public_infrastructure_1063.jpg,PUBLIC_INFRASTRUCTURE,5
processed/images/TREES_ENVIRONMENT/trees_environment_0352.jpg,trees_environment_0352.jpg,TREES_ENVIRONMENT,4
processed/images/ROADS/roads_0413.jpg,roads_0413.jpg,ROADS,0
processed/images/WATER_DRAINAGE/water_drainage_0074.jpg,water_drainage_0074.jpg,WATER_DRAINAGE,2
processed/images/TREES_ENVIRONMENT/trees_environment_0184.jpg,trees_environment_0184.jpg,TREES_ENVIRONMENT,4
processed/images/ROADS/roads_1159.jpg,roads_1159.jpg,ROADS,0
processed/images/TREES_ENVIRONMENT/trees_environment_0823.jpg,trees_environment_0823.jpg,TREES_ENVIRONMENT,4
processed/images/TREES_ENVIRONMENT/trees_environment_0963.jpg,trees_environment_0963.jpg,TREES_ENVIRONMENT,4
processed/images/WATER_DRAINAGE/water_drainage_0125.jpg,water_drainage_0125.jpg,WATER_DRAINAGE,2
processed/images/WASTE_MANAGEMENT/waste_management_0744.jpg,waste_management_0744.jpg,WASTE_MANAGEMENT,3
processed/images/ROADS/roads_1621.png,roads_1621.png,ROADS,0
processed/images/STREET_LIGHTING/street_lighting_0107.jpg,street_lighting_0107.jpg,STREET_LIGHTING,1
processed/images/PUBLIC_INFRASTRUCTURE/public_infrastructure_0741.jpg,public_infrastructure_0741.jpg,PUBLIC_INFRASTRUCTURE,5
processed/images/STREET_LIGHTING/street_lighting_0777.jpg,street_lighting_0777.jpg,STREET_LIGHTING,1
processed/images/PUBLIC_INFRASTRUCTURE/public_infrastructure_0696.jpg,public_infrastructure_0696.jpg,PUBLIC_INFRASTRUCTURE,5
processed/images/WASTE_MANAGEMENT/waste_management_0351.jpg,waste_management_0351.jpg,WASTE_MANAGEMENT,3
processed/images/STREET_LIGHTING/street_lighting_1080.jpg,street_lighting_1080.jpg,STREET_LIGHTING,1
processed/images/TREES_ENVIRONMENT/trees_environment_1046.jpg,trees_environment_1046.jpg,TREES_ENVIRONMENT,4
processed/images/STREET_LIGHTING/street_lighting_0327.jpg,street_lighting_0327.jpg,STREET_LIGHTING,1
processed/images/WASTE_MANAGEMENT/waste_management_0184.jpg,waste_management_0184.jpg,WASTE_MANAGEMENT,3
processed/images/ROADS/roads_1619.png,roads_1619.png,ROADS,0
processed/images/ROADS/roads_0788.jpg,roads_0788.jpg,ROADS,0
processed/images/WATER_DRAINAGE/water_drainage_0098.jpg,water_drainage_0098.jpg,WATER_DRAINAGE,2
processed/images/STREET_LIGHTING/street_lighting_1053.jpg,street_lighting_1053.jpg,STREET_LIGHTING,1
processed/images/TREES_ENVIRONMENT/trees_environment_0247.jpg,trees_environment_0247.jpg,TREES_ENVIRONMENT,4
processed/images/STREET_LIGHTING/street_lighting_0180.jpg,street_lighting_0180.jpg,STREET_LIGHTING,1
processed/images/TREES_ENVIRONMENT/trees_environment_0376.jpg,trees_environment_0376.jpg,TREES_ENVIRONMENT,4
processed/images/ROADS/roads_0053.jpg,roads_0053.jpg,ROADS,0
processed/images/TREES_ENVIRONMENT/trees_environment_1613.jpg,trees_environment_1613.jpg,TREES_ENVIRONMENT,4
processed/images/PUBLIC_INFRASTRUCTURE/public_infrastructure_0951.jpg,public_infrastructure_0951.jpg,PUBLIC_INFRASTRUCTURE,5
processed/images/PUBLIC_INFRASTRUCTURE/public_infrastructure_1392.jpg,public_infrastructure_1392.jpg,PUBLIC_INFRASTRUCTURE,5
processed/images/PUBLIC_INFRASTRUCTURE/public_infrastructure_0165.jpg,public_infrastructure_0165.jpg,PUBLIC_INFRASTRUCTURE,5
processed/images/PUBLIC_INFRASTRUCTURE/public_infrastructure_0007.jpg,public_infrastructure_0007.jpg,PUBLIC_INFRASTRUCTURE,5
processed/images/PUBLIC_INFRASTRUCTURE/public_infrastructure_0605.jpg,public_infrastructure_0605.jpg,PUBLIC_INFRASTRUCTURE,5
processed/images/TREES_ENVIRONMENT/trees_environment_1388.jpg,trees_environment_1388.jpg,TREES_ENVIRONMENT,4
processed/images/WATER_DRAINAGE/water_drainage_0145.jpg,water_drainage_0145.jpg,WATER_DRAINAGE,2
processed/images/ROADS/roads_0621.jpg,roads_0621.jpg,ROADS,0
processed/images/ROADS/roads_0881.jpg,roads_0881.jpg,ROADS,0
processed/images/ROADS/roads_1013.jpg,roads_1013.jpg,ROADS,0
processed/images/STREET_LIGHTING/street_lighting_0749.jpg,street_lighting_0749.jpg,STREET_LIGHTING,1
processed/images/STREET_LIGHTING/street_lighting_0841.jpg,street_lighting_0841.jpg,STREET_LIGHTING,1
processed/images/ROADS/roads_1444.png,roads_1444.png,ROADS,0
processed/images/WATER_DRAINAGE/water_drainage_0015.jpg,water_drainage_0015.jpg,WATER_DRAINAGE,2
processed/images/TREES_ENVIRONMENT/trees_environment_1268.jpg,trees_environment_1268.jpg,TREES_ENVIRONMENT,4
processed/images/TREES_ENVIRONMENT/trees_environment_0581.jpg,trees_environment_0581.jpg,TREES_ENVIRONMENT,4
processed/images/ROADS/roads_1623.png,roads_1623.png,ROADS,0
processed/images/WATER_DRAINAGE/water_drainage_0284.jpg,water_drainage_0284.jpg,WATER_DRAINAGE,2
processed/images/PUBLIC_INFRASTRUCTURE/public_infrastructure_1312.jpg,public_infrastructure_1312.jpg,PUBLIC_INFRASTRUCTURE,5
processed/images/STREET_LIGHTING/street_lighting_1116.jpg,street_lighting_1116.jpg,STREET_LIGHTING,1
processed/images/WASTE_MANAGEMENT/waste_management_0754.jpg,waste_management_0754.jpg,WASTE_MANAGEMENT,3
processed/images/STREET_LIGHTING/street_lighting_0248.jpg,street_lighting_0248.jpg,STREET_LIGHTING,1
processed/images/STREET_LIGHTING/street_lighting_0068.jpg,street_lighting_0068.jpg,STREET_LIGHTING,1
processed/images/ROADS/roads_1107.jpg,roads_1107.jpg,ROADS,0
processed/images/STREET_LIGHTING/street_lighting_0905.jpg,street_lighting_0905.jpg,STREET_LIGHTING,1
processed/images/WASTE_MANAGEMENT/waste_management_0761.jpg,waste_management_0761.jpg,WASTE_MANAGEMENT,3
processed/images/STREET_LIGHTING/street_lighting_0464.jpg,street_lighting_0464.jpg,STREET_LIGHTING,1
processed/images/ROADS/roads_0910.jpg,roads_0910.jpg,ROADS,0
processed/images/TREES_ENVIRONMENT/trees_environment_1081.jpg,trees_environment_1081.jpg,TREES_ENVIRONMENT,4
processed/images/WASTE_MANAGEMENT/waste_management_0440.jpg,waste_management_0440.jpg,WASTE_MANAGEMENT,3
processed/images/ROADS/roads_0719.jpg,roads_0719.jpg,ROADS,0
processed/images/WASTE_MANAGEMENT/waste_management_0598.jpg,waste_management_0598.jpg,WASTE_MANAGEMENT,3
processed/images/PUBLIC_INFRASTRUCTURE/public_infrastructure_1250.jpg,public_infrastructure_1250.jpg,PUBLIC_INFRASTRUCTURE,5
processed/images/WASTE_MANAGEMENT/waste_management_0291.jpg,waste_management_0291.jpg,WASTE_MANAGEMENT,3
processed/images/ROADS/roads_0202.jpg,roads_0202.jpg,ROADS,0
processed/images/PUBLIC_INFRASTRUCTURE/public_infrastructure_1363.jpg,public_infrastructure_1363.jpg,PUBLIC_INFRASTRUCTURE,5
processed/images/ROADS/roads_1241.jpg,roads_1241.jpg,ROADS,0
processed/images/STREET_LIGHTING/street_lighting_0562.jpg,street_lighting_0562.jpg,STREET_LIGHTING,1
processed/images/STREET_LIGHTING/street_lighting_0425.jpg,street_lighting_0425.jpg,STREET_LIGHTING,1
processed/images/ROADS/roads_0493.jpg,roads_0493.jpg,ROADS,0
processed/images/TREES_ENVIRONMENT/trees_environment_0400.jpg,trees_environment_0400.jpg,TREES_ENVIRONMENT,4
processed/images/STREET_LIGHTING/street_lighting_0027.jpg,street_lighting_0027.jpg,STREET_LIGHTING,1
processed/images/WASTE_MANAGEMENT/waste_management_0906.jpg,waste_management_0906.jpg,WASTE_MANAGEMENT,3
processed/images/WASTE_MANAGEMENT/waste_management_0180.jpg,waste_management_0180.jpg,WASTE_MANAGEMENT,3
processed/images/ROADS/roads_0757.jpg,roads_0757.jpg,ROADS,0
processed/images/ROADS/roads_0351.jpg,roads_0351.jpg,ROADS,0
processed/images/TREES_ENVIRONMENT/trees_environment_1464.jpg,trees_environment_1464.jpg,TREES_ENVIRONMENT,4
processed/images/WATER_DRAINAGE/water_drainage_0235.jpg,water_drainage_0235.jpg,WATER_DRAINAGE,2
processed/images/STREET_LIGHTING/street_lighting_0393.jpg,street_lighting_0393.jpg,STREET_LIGHTING,1
processed/images/TREES_ENVIRONMENT/trees_environment_0538.jpg,trees_environment_0538.jpg,TREES_ENVIRONMENT,4
processed/images/PUBLIC_INFRASTRUCTURE/public_infrastructure_0542.jpg,public_infrastructure_0542.jpg,PUBLIC_INFRASTRUCTURE,5
processed/images/PUBLIC_INFRASTRUCTURE/public_infrastructure_0529.jpg,public_infrastructure_0529.jpg,PUBLIC_INFRASTRUCTURE,5
processed/images/ROADS/roads_1902.png,roads_1902.png,ROADS,0
processed/images/TREES_ENVIRONMENT/trees_environment_1602.jpg,trees_environment_1602.jpg,TREES_ENVIRONMENT,4
processed/images/ROADS/roads_1236.jpg,roads_1236.jpg,ROADS,0
processed/images/ROADS/roads_1405.png,roads_1405.png,ROADS,0
processed/images/ROADS/roads_1077.jpg,roads_1077.jpg,ROADS,0
processed/images/STREET_LIGHTING/street_lighting_1028.jpg,street_lighting_1028.jpg,STREET_LIGHTING,1
processed/images/STREET_LIGHTING/street_lighting_1013.jpg,street_lighting_1013.jpg,STREET_LIGHTING,1
processed/images/TREES_ENVIRONMENT/trees_environment_0533.jpg,trees_environment_0533.jpg,TREES_ENVIRONMENT,4
processed/images/ROADS/roads_1886.png,roads_1886.png,ROADS,0
processed/images/ROADS/roads_1767.png,roads_1767.png,ROADS,0
processed/images/PUBLIC_INFRASTRUCTURE/public_infrastructure_1179.jpg,public_infrastructure_1179.jpg,PUBLIC_INFRASTRUCTURE,5
processed/images/PUBLIC_INFRASTRUCTURE/public_infrastructure_0775.jpg,public_infrastructure_0775.jpg,PUBLIC_INFRASTRUCTURE,5
processed/images/PUBLIC_INFRASTRUCTURE/public_infrastructure_0573.jpg,public_infrastructure_0573.jpg,PUBLIC_INFRASTRUCTURE,5
processed/images/TREES_ENVIRONMENT/trees_environment_0894.jpg,trees_environment_0894.jpg,TREES_ENVIRONMENT,4
processed/images/ROADS/roads_1443.png,roads_1443.png,ROADS,0
processed/images/TREES_ENVIRONMENT/trees_environment_0280.jpg,trees_environment_0280.jpg,TREES_ENVIRONMENT,4
processed/images/PUBLIC_INFRASTRUCTURE/public_infrastructure_0731.jpg,public_infrastructure_0731.jpg,PUBLIC_INFRASTRUCTURE,5
processed/images/ROADS/roads_1911.png,roads_1911.png,ROADS,0
processed/images/WATER_DRAINAGE/water_drainage_0367.jpg,water_drainage_0367.jpg,WATER_DRAINAGE,2
processed/images/WATER_DRAINAGE/water_drainage_0027.jpg,water_drainage_0027.jpg,WATER_DRAINAGE,2
processed/images/PUBLIC_INFRASTRUCTURE/public_infrastructure_1318.jpg,public_infrastructure_1318.jpg,PUBLIC_INFRASTRUCTURE,5
processed/images/TREES_ENVIRONMENT/trees_environment_0353.jpg,trees_environment_0353.jpg,TREES_ENVIRONMENT,4
processed/images/WASTE_MANAGEMENT/waste_management_0908.jpg,waste_management_0908.jpg,WASTE_MANAGEMENT,3
processed/images/TREES_ENVIRONMENT/trees_environment_0966.jpg,trees_environment_0966.jpg,TREES_ENVIRONMENT,4
processed/images/ROADS/roads_1588.png,roads_1588.png,ROADS,0
processed/images/PUBLIC_INFRASTRUCTURE/public_infrastructure_1491.jpg,public_infrastructure_1491.jpg,PUBLIC_INFRASTRUCTURE,5
processed/images/STREET_LIGHTING/street_lighting_0433.jpg,street_lighting_0433.jpg,STREET_LIGHTING,1
processed/images/STREET_LIGHTING/street_lighting_0389.jpg,street_lighting_0389.jpg,STREET_LIGHTING,1
processed/images/ROADS/roads_0358.jpg,roads_0358.jpg,ROADS,0
processed/images/STREET_LIGHTING/street_lighting_0028.jpg,street_lighting_0028.jpg,STREET_LIGHTING,1
processed/images/ROADS/roads_0865.jpg,roads_0865.jpg,ROADS,0
processed/images/ROADS/roads_0500.jpg,roads_0500.jpg,ROADS,0
processed/images/WATER_DRAINAGE/water_drainage_0067.jpg,water_drainage_0067.jpg,WATER_DRAINAGE,2
processed/images/WATER_DRAINAGE/water_drainage_0014.jpg,water_drainage_0014.jpg,WATER_DRAINAGE,2
processed/images/WATER_DRAINAGE/water_drainage_0377.jpg,water_drainage_0377.jpg,WATER_DRAINAGE,2
processed/images/STREET_LIGHTING/street_lighting_0261.jpg,street_lighting_0261.jpg,STREET_LIGHTING,1
processed/images/TREES_ENVIRONMENT/trees_environment_0307.jpg,trees_environment_0307.jpg,TREES_ENVIRONMENT,4
processed/images/TREES_ENVIRONMENT/trees_environment_0591.jpg,trees_environment_0591.jpg,TREES_ENVIRONMENT,4
processed/images/WATER_DRAINAGE/water_drainage_0043.jpg,water_drainage_0043.jpg,WATER_DRAINAGE,2
processed/images/TREES_ENVIRONMENT/trees_environment_1251.jpg,trees_environment_1251.jpg,TREES_ENVIRONMENT,4
processed/images/PUBLIC_INFRASTRUCTURE/public_infrastructure_1401.jpg,public_infrastructure_1401.jpg,PUBLIC_INFRASTRUCTURE,5
processed/images/TREES_ENVIRONMENT/trees_environment_1213.jpg,trees_environment_1213.jpg,TREES_ENVIRONMENT,4
processed/images/WASTE_MANAGEMENT/waste_management_0093.jpg,waste_management_0093.jpg,WASTE_MANAGEMENT,3
processed/images/ROADS/roads_1916.png,roads_1916.png,ROADS,0
processed/images/WASTE_MANAGEMENT/waste_management_0477.jpg,waste_management_0477.jpg,WASTE_MANAGEMENT,3
processed/images/ROADS/roads_1515.png,roads_1515.png,ROADS,0
processed/images/ROADS/roads_1576.png,roads_1576.png,ROADS,0
processed/images/STREET_LIGHTING/street_lighting_0918.jpg,street_lighting_0918.jpg,STREET_LIGHTING,1
processed/images/WATER_DRAINAGE/water_drainage_0325.jpg,water_drainage_0325.jpg,WATER_DRAINAGE,2
processed/images/ROADS/roads_1168.jpg,roads_1168.jpg,ROADS,0
processed/images/WATER_DRAINAGE/water_drainage_0260.jpg,water_drainage_0260.jpg,WATER_DRAINAGE,2
processed/images/PUBLIC_INFRASTRUCTURE/public_infrastructure_0431.jpg,public_infrastructure_0431.jpg,PUBLIC_INFRASTRUCTURE,5
processed/images/ROADS/roads_0890.jpg,roads_0890.jpg,ROADS,0
processed/images/ROADS/roads_0077.jpg,roads_0077.jpg,ROADS,0
processed/images/STREET_LIGHTING/street_lighting_0811.jpg,street_lighting_0811.jpg,STREET_LIGHTING,1
processed/images/STREET_LIGHTING/street_lighting_0769.jpg,street_lighting_0769.jpg,STREET_LIGHTING,1
processed/images/STREET_LIGHTING/street_lighting_0268.jpg,street_lighting_0268.jpg,STREET_LIGHTING,1
processed/images/TREES_ENVIRONMENT/trees_environment_1417.jpg,trees_environment_1417.jpg,TREES_ENVIRONMENT,4
processed/images/TREES_ENVIRONMENT/trees_environment_0907.jpg,trees_environment_0907.jpg,TREES_ENVIRONMENT,4
processed/images/STREET_LIGHTING/street_lighting_0426.jpg,street_lighting_0426.jpg,STREET_LIGHTING,1
processed/images/ROADS/roads_1826.png,roads_1826.png,ROADS,0
processed/images/PUBLIC_INFRASTRUCTURE/public_infrastructure_0125.jpg,public_infrastructure_0125.jpg,PUBLIC_INFRASTRUCTURE,5
processed/images/STREET_LIGHTING/street_lighting_0751.jpg,street_lighting_0751.jpg,STREET_LIGHTING,1
processed/images/STREET_LIGHTING/street_lighting_0084.jpg,street_lighting_0084.jpg,STREET_LIGHTING,1
processed/images/ROADS/roads_0028.jpeg,roads_0028.jpeg,ROADS,0
processed/images/TREES_ENVIRONMENT/trees_environment_0418.jpg,trees_environment_0418.jpg,TREES_ENVIRONMENT,4
processed/images/PUBLIC_INFRASTRUCTURE/public_infrastructure_1067.jpg,public_infrastructure_1067.jpg,PUBLIC_INFRASTRUCTURE,5
processed/images/PUBLIC_INFRASTRUCTURE/public_infrastructure_1094.jpg,public_infrastructure_1094.jpg,PUBLIC_INFRASTRUCTURE,5
processed/images/STREET_LIGHTING/street_lighting_0486.jpg,street_lighting_0486.jpg,STREET_LIGHTING,1
processed/images/TREES_ENVIRONMENT/trees_environment_0544.jpg,trees_environment_0544.jpg,TREES_ENVIRONMENT,4
processed/images/PUBLIC_INFRASTRUCTURE/public_infrastructure_1280.jpg,public_infrastructure_1280.jpg,PUBLIC_INFRASTRUCTURE,5
processed/images/STREET_LIGHTING/street_lighting_0607.jpg,street_lighting_0607.jpg,STREET_LIGHTING,1
processed/images/WASTE_MANAGEMENT/waste_management_0675.jpg,waste_management_0675.jpg,WASTE_MANAGEMENT,3
processed/images/STREET_LIGHTING/street_lighting_0887.jpg,street_lighting_0887.jpg,STREET_LIGHTING,1
processed/images/ROADS/roads_1925.png,roads_1925.png,ROADS,0
processed/images/PUBLIC_INFRASTRUCTURE/public_infrastructure_0758.jpg,public_infrastructure_0758.jpg,PUBLIC_INFRASTRUCTURE,5
processed/images/STREET_LIGHTING/street_lighting_0192.jpg,street_lighting_0192.jpg,STREET_LIGHTING,1
processed/images/STREET_LIGHTING/street_lighting_0983.jpg,street_lighting_0983.jpg,STREET_LIGHTING,1
processed/images/PUBLIC_INFRASTRUCTURE/public_infrastructure_0262.jpg,public_infrastructure_0262.jpg,PUBLIC_INFRASTRUCTURE,5
processed/images/TREES_ENVIRONMENT/trees_environment_1279.jpg,trees_environment_1279.jpg,TREES_ENVIRONMENT,4
processed/images/ROADS/roads_0542.jpg,roads_0542.jpg,ROADS,0
processed/images/TREES_ENVIRONMENT/trees_environment_0835.jpg,trees_environment_0835.jpg,TREES_ENVIRONMENT,4
processed/images/ROADS/roads_1782.png,roads_1782.png,ROADS,0
processed/images/STREET_LIGHTING/street_lighting_0008.jpg,street_lighting_0008.jpg,STREET_LIGHTING,1
processed/images/PUBLIC_INFRASTRUCTURE/public_infrastructure_0671.jpg,public_infrastructure_0671.jpg,PUBLIC_INFRASTRUCTURE,5
processed/images/PUBLIC_INFRASTRUCTURE/public_infrastructure_0466.jpg,public_infrastructure_0466.jpg,PUBLIC_INFRASTRUCTURE,5
processed/images/STREET_LIGHTING/street_lighting_0281.jpg,street_lighting_0281.jpg,STREET_LIGHTING,1
processed/images/STREET_LIGHTING/street_lighting_1122.jpg,street_lighting_1122.jpg,STREET_LIGHTING,1
processed/images/STREET_LIGHTING/street_lighting_0350.jpg,street_lighting_0350.jpg,STREET_LIGHTING,1
processed/images/ROADS/roads_0933.jpg,roads_0933.jpg,ROADS,0
processed/images/TREES_ENVIRONMENT/trees_environment_1439.jpg,trees_environment_1439.jpg,TREES_ENVIRONMENT,4
processed/images/ROADS/roads_0525.jpg,roads_0525.jpg,ROADS,0
processed/images/ROADS/roads_0080.jpg,roads_0080.jpg,ROADS,0
processed/images/STREET_LIGHTING/street_lighting_0514.jpg,street_lighting_0514.jpg,STREET_LIGHTING,1
processed/images/PUBLIC_INFRASTRUCTURE/public_infrastructure_0017.jpg,public_infrastructure_0017.jpg,PUBLIC_INFRASTRUCTURE,5
processed/images/PUBLIC_INFRASTRUCTURE/public_infrastructure_0784.jpg,public_infrastructure_0784.jpg,PUBLIC_INFRASTRUCTURE,5
processed/images/ROADS/roads_0807.jpg,roads_0807.jpg,ROADS,0
processed/images/ROADS/roads_0151.jpg,roads_0151.jpg,ROADS,0
processed/images/TREES_ENVIRONMENT/trees_environment_0197.jpg,trees_environment_0197.jpg,TREES_ENVIRONMENT,4
processed/images/TREES_ENVIRONMENT/trees_environment_0928.jpg,trees_environment_0928.jpg,TREES_ENVIRONMENT,4
processed/images/ROADS/roads_1094.jpg,roads_1094.jpg,ROADS,0
processed/images/TREES_ENVIRONMENT/trees_environment_0801.jpg,trees_environment_0801.jpg,TREES_ENVIRONMENT,4
processed/images/WASTE_MANAGEMENT/waste_management_0230.jpg,waste_management_0230.jpg,WASTE_MANAGEMENT,3
processed/images/STREET_LIGHTING/street_lighting_0420.jpg,street_lighting_0420.jpg,STREET_LIGHTING,1
processed/images/ROADS/roads_0968.jpg,roads_0968.jpg,ROADS,0
processed/images/TREES_ENVIRONMENT/trees_environment_0854.jpg,trees_environment_0854.jpg,TREES_ENVIRONMENT,4
processed/images/PUBLIC_INFRASTRUCTURE/public_infrastructure_0249.jpg,public_infrastructure_0249.jpg,PUBLIC_INFRASTRUCTURE,5
processed/images/WATER_DRAINAGE/water_drainage_0155.jpg,water_drainage_0155.jpg,WATER_DRAINAGE,2
processed/images/TREES_ENVIRONMENT/trees_environment_1525.jpg,trees_environment_1525.jpg,TREES_ENVIRONMENT,4
processed/images/TREES_ENVIRONMENT/trees_environment_1147.jpg,trees_environment_1147.jpg,TREES_ENVIRONMENT,4
processed/images/ROADS/roads_0276.jpg,roads_0276.jpg,ROADS,0
processed/images/WASTE_MANAGEMENT/waste_management_0311.jpg,waste_management_0311.jpg,WASTE_MANAGEMENT,3
processed/images/ROADS/roads_1429.png,roads_1429.png,ROADS,0
processed/images/ROADS/roads_1062.jpg,roads_1062.jpg,ROADS,0
processed/images/WATER_DRAINAGE/water_drainage_0103.jpg,water_drainage_0103.jpg,WATER_DRAINAGE,2
processed/images/TREES_ENVIRONMENT/trees_environment_0240.jpg,trees_environment_0240.jpg,TREES_ENVIRONMENT,4
processed/images/WASTE_MANAGEMENT/waste_management_0474.jpg,waste_management_0474.jpg,WASTE_MANAGEMENT,3
processed/images/ROADS/roads_0505.jpg,roads_0505.jpg,ROADS,0
processed/images/STREET_LIGHTING/street_lighting_0489.jpg,street_lighting_0489.jpg,STREET_LIGHTING,1
processed/images/TREES_ENVIRONMENT/trees_environment_1209.jpg,trees_environment_1209.jpg,TREES_ENVIRONMENT,4
processed/images/ROADS/roads_1707.png,roads_1707.png,ROADS,0
processed/images/ROADS/roads_1279.png,roads_1279.png,ROADS,0
processed/images/STREET_LIGHTING/street_lighting_0815.jpg,street_lighting_0815.jpg,STREET_LIGHTING,1
processed/images/STREET_LIGHTING/street_lighting_0782.jpg,street_lighting_0782.jpg,STREET_LIGHTING,1
processed/images/ROADS/roads_1521.png,roads_1521.png,ROADS,0
processed/images/STREET_LIGHTING/street_lighting_0739.jpg,street_lighting_0739.jpg,STREET_LIGHTING,1
processed/images/ROADS/roads_1445.png,roads_1445.png,ROADS,0
processed/images/STREET_LIGHTING/street_lighting_0081.jpg,street_lighting_0081.jpg,STREET_LIGHTING,1
processed/images/WASTE_MANAGEMENT/waste_management_0022.jpg,waste_management_0022.jpg,WASTE_MANAGEMENT,3
processed/images/PUBLIC_INFRASTRUCTURE/public_infrastructure_1088.jpg,public_infrastructure_1088.jpg,PUBLIC_INFRASTRUCTURE,5
processed/images/PUBLIC_INFRASTRUCTURE/public_infrastructure_1150.jpg,public_infrastructure_1150.jpg,PUBLIC_INFRASTRUCTURE,5
processed/images/STREET_LIGHTING/street_lighting_1110.jpg,street_lighting_1110.jpg,STREET_LIGHTING,1
processed/images/STREET_LIGHTING/street_lighting_0469.jpg,street_lighting_0469.jpg,STREET_LIGHTING,1
processed/images/PUBLIC_INFRASTRUCTURE/public_infrastructure_0974.jpg,public_infrastructure_0974.jpg,PUBLIC_INFRASTRUCTURE,5
processed/images/TREES_ENVIRONMENT/trees_environment_0092.jpg,trees_environment_0092.jpg,TREES_ENVIRONMENT,4
processed/images/WASTE_MANAGEMENT/waste_management_0626.jpg,waste_management_0626.jpg,WASTE_MANAGEMENT,3
processed/images/WASTE_MANAGEMENT/waste_management_0049.jpg,waste_management_0049.jpg,WASTE_MANAGEMENT,3
processed/images/STREET_LIGHTING/street_lighting_0518.jpg,street_lighting_0518.jpg,STREET_LIGHTING,1
processed/images/STREET_LIGHTING/street_lighting_1027.jpg,street_lighting_1027.jpg,STREET_LIGHTING,1
processed/images/STREET_LIGHTING/street_lighting_1133.jpg,street_lighting_1133.jpg,STREET_LIGHTING,1
processed/images/STREET_LIGHTING/street_lighting_0148.jpg,street_lighting_0148.jpg,STREET_LIGHTING,1
processed/images/PUBLIC_INFRASTRUCTURE/public_infrastructure_0452.jpg,public_infrastructure_0452.jpg,PUBLIC_INFRASTRUCTURE,5
processed/images/STREET_LIGHTING/street_lighting_0122.jpg,street_lighting_0122.jpg,STREET_LIGHTING,1
processed/images/TREES_ENVIRONMENT/trees_environment_1368.jpg,trees_environment_1368.jpg,TREES_ENVIRONMENT,4
processed/images/PUBLIC_INFRASTRUCTURE/public_infrastructure_0967.jpg,public_infrastructure_0967.jpg,PUBLIC_INFRASTRUCTURE,5
processed/images/TREES_ENVIRONMENT/trees_environment_1414.jpg,trees_environment_1414.jpg,TREES_ENVIRONMENT,4
processed/images/TREES_ENVIRONMENT/trees_environment_1262.jpg,trees_environment_1262.jpg,TREES_ENVIRONMENT,4
processed/images/WASTE_MANAGEMENT/waste_management_0797.jpg,waste_management_0797.jpg,WASTE_MANAGEMENT,3
processed/images/TREES_ENVIRONMENT/trees_environment_1295.jpg,trees_environment_1295.jpg,TREES_ENVIRONMENT,4
processed/images/ROADS/roads_1884.png,roads_1884.png,ROADS,0
processed/images/PUBLIC_INFRASTRUCTURE/public_infrastructure_1477.jpg,public_infrastructure_1477.jpg,PUBLIC_INFRASTRUCTURE,5
processed/images/WASTE_MANAGEMENT/waste_management_0502.jpg,waste_management_0502.jpg,WASTE_MANAGEMENT,3
processed/images/STREET_LIGHTING/street_lighting_0335.jpg,street_lighting_0335.jpg,STREET_LIGHTING,1
processed/images/STREET_LIGHTING/street_lighting_0566.jpg,street_lighting_0566.jpg,STREET_LIGHTING,1
processed/images/WASTE_MANAGEMENT/waste_management_0244.jpg,waste_management_0244.jpg,WASTE_MANAGEMENT,3
processed/images/PUBLIC_INFRASTRUCTURE/public_infrastructure_0629.jpg,public_infrastructure_0629.jpg,PUBLIC_INFRASTRUCTURE,5
processed/images/TREES_ENVIRONMENT/trees_environment_0739.jpg,trees_environment_0739.jpg,TREES_ENVIRONMENT,4
processed/images/WASTE_MANAGEMENT/waste_management_0800.jpg,waste_management_0800.jpg,WASTE_MANAGEMENT,3
processed/images/PUBLIC_INFRASTRUCTURE/public_infrastructure_1204.jpg,public_infrastructure_1204.jpg,PUBLIC_INFRASTRUCTURE,5
processed/images/STREET_LIGHTING/street_lighting_0483.jpg,street_lighting_0483.jpg,STREET_LIGHTING,1
processed/images/ROADS/roads_1074.jpg,roads_1074.jpg,ROADS,0
processed/images/WATER_DRAINAGE/water_drainage_0264.jpg,water_drainage_0264.jpg,WATER_DRAINAGE,2
processed/images/ROADS/roads_0334.jpg,roads_0334.jpg,ROADS,0
processed/images/STREET_LIGHTING/street_lighting_1009.jpg,street_lighting_1009.jpg,STREET_LIGHTING,1
processed/images/STREET_LIGHTING/street_lighting_1119.jpg,street_lighting_1119.jpg,STREET_LIGHTING,1
processed/images/TREES_ENVIRONMENT/trees_environment_1049.jpg,trees_environment_1049.jpg,TREES_ENVIRONMENT,4
processed/images/WATER_DRAINAGE/water_drainage_0211.jpg,water_drainage_0211.jpg,WATER_DRAINAGE,2
processed/images/ROADS/roads_0232.jpg,roads_0232.jpg,ROADS,0
processed/images/PUBLIC_INFRASTRUCTURE/public_infrastructure_1231.jpg,public_infrastructure_1231.jpg,PUBLIC_INFRASTRUCTURE,5
processed/images/PUBLIC_INFRASTRUCTURE/public_infrastructure_0620.jpg,public_infrastructure_0620.jpg,PUBLIC_INFRASTRUCTURE,5
processed/images/WASTE_MANAGEMENT/waste_management_0307.jpg,waste_management_0307.jpg,WASTE_MANAGEMENT,3
processed/images/ROADS/roads_1616.png,roads_1616.png,ROADS,0
processed/images/ROADS/roads_0197.jpg,roads_0197.jpg,ROADS,0
processed/images/ROADS/roads_1030.jpg,roads_1030.jpg,ROADS,0
processed/images/STREET_LIGHTING/street_lighting_0801.jpg,street_lighting_0801.jpg,STREET_LIGHTING,1
processed/images/ROADS/roads_1435.png,roads_1435.png,ROADS,0
processed/images/ROADS/roads_0101.jpg,roads_0101.jpg,ROADS,0
processed/images/WASTE_MANAGEMENT/waste_management_0823.jpg,waste_management_0823.jpg,WASTE_MANAGEMENT,3
processed/images/TREES_ENVIRONMENT/trees_environment_0666.jpg,trees_environment_0666.jpg,TREES_ENVIRONMENT,4
processed/images/ROADS/roads_0666.jpg,roads_0666.jpg,ROADS,0
processed/images/ROADS/roads_0780.jpg,roads_0780.jpg,ROADS,0
processed/images/PUBLIC_INFRASTRUCTURE/public_infrastructure_1176.jpg,public_infrastructure_1176.jpg,PUBLIC_INFRASTRUCTURE,5
processed/images/PUBLIC_INFRASTRUCTURE/public_infrastructure_0625.jpg,public_infrastructure_0625.jpg,PUBLIC_INFRASTRUCTURE,5
processed/images/TREES_ENVIRONMENT/trees_environment_0958.jpg,trees_environment_0958.jpg,TREES_ENVIRONMENT,4
processed/images/TREES_ENVIRONMENT/trees_environment_0172.jpg,trees_environment_0172.jpg,TREES_ENVIRONMENT,4
processed/images/ROADS/roads_1308.png,roads_1308.png,ROADS,0
processed/images/STREET_LIGHTING/street_lighting_0975.jpg,street_lighting_0975.jpg,STREET_LIGHTING,1
processed/images/ROADS/roads_0847.jpg,roads_0847.jpg,ROADS,0
processed/images/PUBLIC_INFRASTRUCTURE/public_infrastructure_1059.jpg,public_infrastructure_1059.jpg,PUBLIC_INFRASTRUCTURE,5
processed/images/STREET_LIGHTING/street_lighting_1111.jpg,street_lighting_1111.jpg,STREET_LIGHTING,1
processed/images/ROADS/roads_1721.png,roads_1721.png,ROADS,0
processed/images/WASTE_MANAGEMENT/waste_management_0373.jpg,waste_management_0373.jpg,WASTE_MANAGEMENT,3
processed/images/TREES_ENVIRONMENT/trees_environment_0582.jpg,trees_environment_0582.jpg,TREES_ENVIRONMENT,4
processed/images/TREES_ENVIRONMENT/trees_environment_0445.jpg,trees_environment_0445.jpg,TREES_ENVIRONMENT,4
processed/images/PUBLIC_INFRASTRUCTURE/public_infrastructure_1115.jpg,public_infrastructure_1115.jpg,PUBLIC_INFRASTRUCTURE,5
processed/images/ROADS/roads_1753.png,roads_1753.png,ROADS,0
processed/images/PUBLIC_INFRASTRUCTURE/public_infrastructure_0608.jpg,public_infrastructure_0608.jpg,PUBLIC_INFRASTRUCTURE,5
processed/images/PUBLIC_INFRASTRUCTURE/public_infrastructure_0880.jpg,public_infrastructure_0880.jpg,PUBLIC_INFRASTRUCTURE,5
processed/images/TREES_ENVIRONMENT/trees_environment_0032.jpg,trees_environment_0032.jpg,TREES_ENVIRONMENT,4
processed/images/TREES_ENVIRONMENT/trees_environment_0379.jpg,trees_environment_0379.jpg,TREES_ENVIRONMENT,4
processed/images/STREET_LIGHTING/street_lighting_0574.jpg,street_lighting_0574.jpg,STREET_LIGHTING,1
processed/images/ROADS/roads_1003.jpg,roads_1003.jpg,ROADS,0
processed/images/STREET_LIGHTING/street_lighting_0318.jpg,street_lighting_0318.jpg,STREET_LIGHTING,1
processed/images/TREES_ENVIRONMENT/trees_environment_0997.jpg,trees_environment_0997.jpg,TREES_ENVIRONMENT,4
processed/images/ROADS/roads_1029.jpg,roads_1029.jpg,ROADS,0
processed/images/PUBLIC_INFRASTRUCTURE/public_infrastructure_1471.jpg,public_infrastructure_1471.jpg,PUBLIC_INFRASTRUCTURE,5
processed/images/TREES_ENVIRONMENT/trees_environment_0735.jpg,trees_environment_0735.jpg,TREES_ENVIRONMENT,4
processed/images/TREES_ENVIRONMENT/trees_environment_0413.jpg,trees_environment_0413.jpg,TREES_ENVIRONMENT,4
processed/images/PUBLIC_INFRASTRUCTURE/public_infrastructure_0825.jpg,public_infrastructure_0825.jpg,PUBLIC_INFRASTRUCTURE,5
processed/images/ROADS/roads_0564.jpg,roads_0564.jpg,ROADS,0
processed/images/PUBLIC_INFRASTRUCTURE/public_infrastructure_1038.jpg,public_infrastructure_1038.jpg,PUBLIC_INFRASTRUCTURE,5
processed/images/TREES_ENVIRONMENT/trees_environment_0982.jpg,trees_environment_0982.jpg,TREES_ENVIRONMENT,4
processed/images/WASTE_MANAGEMENT/waste_management_0098.jpg,waste_management_0098.jpg,WASTE_MANAGEMENT,3
processed/images/STREET_LIGHTING/street_lighting_0300.jpg,street_lighting_0300.jpg,STREET_LIGHTING,1
processed/images/TREES_ENVIRONMENT/trees_environment_1214.jpg,trees_environment_1214.jpg,TREES_ENVIRONMENT,4
processed/images/TREES_ENVIRONMENT/trees_environment_0927.jpg,trees_environment_0927.jpg,TREES_ENVIRONMENT,4
processed/images/TREES_ENVIRONMENT/trees_environment_0714.jpg,trees_environment_0714.jpg,TREES_ENVIRONMENT,4
processed/images/TREES_ENVIRONMENT/trees_environment_0536.jpg,trees_environment_0536.jpg,TREES_ENVIRONMENT,4
processed/images/TREES_ENVIRONMENT/trees_environment_0419.jpg,trees_environment_0419.jpg,TREES_ENVIRONMENT,4
processed/images/TREES_ENVIRONMENT/trees_environment_1165.jpg,trees_environment_1165.jpg,TREES_ENVIRONMENT,4
processed/images/TREES_ENVIRONMENT/trees_environment_1005.jpg,trees_environment_1005.jpg,TREES_ENVIRONMENT,4
processed/images/ROADS/roads_1473.png,roads_1473.png,ROADS,0
processed/images/ROADS/roads_0651.jpg,roads_0651.jpg,ROADS,0
processed/images/ROADS/roads_1407.png,roads_1407.png,ROADS,0
processed/images/STREET_LIGHTING/street_lighting_0712.jpg,street_lighting_0712.jpg,STREET_LIGHTING,1
processed/images/ROADS/roads_0228.jpg,roads_0228.jpg,ROADS,0
processed/images/ROADS/roads_1061.jpg,roads_1061.jpg,ROADS,0
processed/images/WASTE_MANAGEMENT/waste_management_0219.jpg,waste_management_0219.jpg,WASTE_MANAGEMENT,3
processed/images/STREET_LIGHTING/street_lighting_0789.jpg,street_lighting_0789.jpg,STREET_LIGHTING,1
processed/images/PUBLIC_INFRASTRUCTURE/public_infrastructure_0336.jpg,public_infrastructure_0336.jpg,PUBLIC_INFRASTRUCTURE,5
processed/images/TREES_ENVIRONMENT/trees_environment_0933.jpg,trees_environment_0933.jpg,TREES_ENVIRONMENT,4
processed/images/PUBLIC_INFRASTRUCTURE/public_infrastructure_0545.jpg,public_infrastructure_0545.jpg,PUBLIC_INFRASTRUCTURE,5
processed/images/ROADS/roads_1010.jpg,roads_1010.jpg,ROADS,0
processed/images/STREET_LIGHTING/street_lighting_0286.jpg,street_lighting_0286.jpg,STREET_LIGHTING,1
processed/images/PUBLIC_INFRASTRUCTURE/public_infrastructure_0297.jpg,public_infrastructure_0297.jpg,PUBLIC_INFRASTRUCTURE,5
processed/images/WATER_DRAINAGE/water_drainage_0272.jpg,water_drainage_0272.jpg,WATER_DRAINAGE,2
processed/images/PUBLIC_INFRASTRUCTURE/public_infrastructure_0714.jpg,public_infrastructure_0714.jpg,PUBLIC_INFRASTRUCTURE,5
processed/images/TREES_ENVIRONMENT/trees_environment_1291.jpg,trees_environment_1291.jpg,TREES_ENVIRONMENT,4
processed/images/PUBLIC_INFRASTRUCTURE/public_infrastructure_1149.jpg,public_infrastructure_1149.jpg,PUBLIC_INFRASTRUCTURE,5
processed/images/PUBLIC_INFRASTRUCTURE/public_infrastructure_0713.jpg,public_infrastructure_0713.jpg,PUBLIC_INFRASTRUCTURE,5
processed/images/PUBLIC_INFRASTRUCTURE/public_infrastructure_1440.jpg,public_infrastructure_1440.jpg,PUBLIC_INFRASTRUCTURE,5
processed/images/WATER_DRAINAGE/water_drainage_0222.jpg,water_drainage_0222.jpg,WATER_DRAINAGE,2
processed/images/ROADS/roads_1109.jpg,roads_1109.jpg,ROADS,0
processed/images/TREES_ENVIRONMENT/trees_environment_0968.jpg,trees_environment_0968.jpg,TREES_ENVIRONMENT,4
processed/images/PUBLIC_INFRASTRUCTURE/public_infrastructure_0651.jpg,public_infrastructure_0651.jpg,PUBLIC_INFRASTRUCTURE,5
processed/images/WASTE_MANAGEMENT/waste_management_0599.jpg,waste_management_0599.jpg,WASTE_MANAGEMENT,3
processed/images/ROADS/roads_0259.jpg,roads_0259.jpg,ROADS,0
processed/images/WASTE_MANAGEMENT/waste_management_0775.jpg,waste_management_0775.jpg,WASTE_MANAGEMENT,3
processed/images/STREET_LIGHTING/street_lighting_0173.jpg,street_lighting_0173.jpg,STREET_LIGHTING,1
processed/images/STREET_LIGHTING/street_lighting_0422.jpg,street_lighting_0422.jpg,STREET_LIGHTING,1
processed/images/ROADS/roads_1832.png,roads_1832.png,ROADS,0
processed/images/WASTE_MANAGEMENT/waste_management_0368.jpg,waste_management_0368.jpg,WASTE_MANAGEMENT,3
processed/images/ROADS/roads_1205.jpg,roads_1205.jpg,ROADS,0
processed/images/PUBLIC_INFRASTRUCTURE/public_infrastructure_0755.jpg,public_infrastructure_0755.jpg,PUBLIC_INFRASTRUCTURE,5
processed/images/WASTE_MANAGEMENT/waste_management_0004.jpg,waste_management_0004.jpg,WASTE_MANAGEMENT,3
processed/images/PUBLIC_INFRASTRUCTURE/public_infrastructure_1481.jpg,public_infrastructure_1481.jpg,PUBLIC_INFRASTRUCTURE,5
processed/images/PUBLIC_INFRASTRUCTURE/public_infrastructure_0900.jpg,public_infrastructure_0900.jpg,PUBLIC_INFRASTRUCTURE,5
processed/images/ROADS/roads_0683.jpg,roads_0683.jpg,ROADS,0
processed/images/PUBLIC_INFRASTRUCTURE/public_infrastructure_0500.jpg,public_infrastructure_0500.jpg,PUBLIC_INFRASTRUCTURE,5
processed/images/TREES_ENVIRONMENT/trees_environment_0133.jpg,trees_environment_0133.jpg,TREES_ENVIRONMENT,4
processed/images/TREES_ENVIRONMENT/trees_environment_1546.jpg,trees_environment_1546.jpg,TREES_ENVIRONMENT,4
processed/images/TREES_ENVIRONMENT/trees_environment_1586.jpg,trees_environment_1586.jpg,TREES_ENVIRONMENT,4
processed/images/WASTE_MANAGEMENT/waste_management_0447.jpg,waste_management_0447.jpg,WASTE_MANAGEMENT,3
processed/images/STREET_LIGHTING/street_lighting_0276.jpg,street_lighting_0276.jpg,STREET_LIGHTING,1
processed/images/PUBLIC_INFRASTRUCTURE/public_infrastructure_0267.jpg,public_infrastructure_0267.jpg,PUBLIC_INFRASTRUCTURE,5
processed/images/TREES_ENVIRONMENT/trees_environment_1512.jpg,trees_environment_1512.jpg,TREES_ENVIRONMENT,4
processed/images/ROADS/roads_1330.png,roads_1330.png,ROADS,0
processed/images/WATER_DRAINAGE/water_drainage_0123.jpg,water_drainage_0123.jpg,WATER_DRAINAGE,2
processed/images/TREES_ENVIRONMENT/trees_environment_1488.jpg,trees_environment_1488.jpg,TREES_ENVIRONMENT,4
processed/images/ROADS/roads_1539.png,roads_1539.png,ROADS,0
processed/images/PUBLIC_INFRASTRUCTURE/public_infrastructure_0970.jpg,public_infrastructure_0970.jpg,PUBLIC_INFRASTRUCTURE,5
processed/images/ROADS/roads_0811.jpg,roads_0811.jpg,ROADS,0
processed/images/ROADS/roads_1165.jpg,roads_1165.jpg,ROADS,0
processed/images/PUBLIC_INFRASTRUCTURE/public_infrastructure_0736.jpg,public_infrastructure_0736.jpg,PUBLIC_INFRASTRUCTURE,5
processed/images/PUBLIC_INFRASTRUCTURE/public_infrastructure_0808.jpg,public_infrastructure_0808.jpg,PUBLIC_INFRASTRUCTURE,5
processed/images/WATER_DRAINAGE/water_drainage_0299.jpg,water_drainage_0299.jpg,WATER_DRAINAGE,2
processed/images/PUBLIC_INFRASTRUCTURE/public_infrastructure_0963.jpg,public_infrastructure_0963.jpg,PUBLIC_INFRASTRUCTURE,5
processed/images/TREES_ENVIRONMENT/trees_environment_0713.jpg,trees_environment_0713.jpg,TREES_ENVIRONMENT,4
processed/images/WASTE_MANAGEMENT/waste_management_0327.jpg,waste_management_0327.jpg,WASTE_MANAGEMENT,3
processed/images/STREET_LIGHTING/street_lighting_0305.jpg,street_lighting_0305.jpg,STREET_LIGHTING,1
processed/images/PUBLIC_INFRASTRUCTURE/public_infrastructure_0451.jpg,public_infrastructure_0451.jpg,PUBLIC_INFRASTRUCTURE,5
processed/images/TREES_ENVIRONMENT/trees_environment_1622.jpg,trees_environment_1622.jpg,TREES_ENVIRONMENT,4
processed/images/STREET_LIGHTING/street_lighting_0472.jpg,street_lighting_0472.jpg,STREET_LIGHTING,1
processed/images/TREES_ENVIRONMENT/trees_environment_1025.jpg,trees_environment_1025.jpg,TREES_ENVIRONMENT,4
processed/images/PUBLIC_INFRASTRUCTURE/public_infrastructure_0802.jpg,public_infrastructure_0802.jpg,PUBLIC_INFRASTRUCTURE,5
processed/images/PUBLIC_INFRASTRUCTURE/public_infrastructure_1033.jpg,public_infrastructure_1033.jpg,PUBLIC_INFRASTRUCTURE,5
processed/images/ROADS/roads_1841.png,roads_1841.png,ROADS,0
processed/images/ROADS/roads_1909.png,roads_1909.png,ROADS,0
processed/images/PUBLIC_INFRASTRUCTURE/public_infrastructure_1342.jpg,public_infrastructure_1342.jpg,PUBLIC_INFRASTRUCTURE,5
processed/images/WASTE_MANAGEMENT/waste_management_0065.jpg,waste_management_0065.jpg,WASTE_MANAGEMENT,3
processed/images/WASTE_MANAGEMENT/waste_management_0012.jpg,waste_management_0012.jpg,WASTE_MANAGEMENT,3
processed/images/ROADS/roads_1310.png,roads_1310.png,ROADS,0
processed/images/PUBLIC_INFRASTRUCTURE/public_infrastructure_0010.jpg,public_infrastructure_0010.jpg,PUBLIC_INFRASTRUCTURE,5
processed/images/ROADS/roads_0041.jpg,roads_0041.jpg,ROADS,0
processed/images/WATER_DRAINAGE/water_drainage_0106.jpg,water_drainage_0106.jpg,WATER_DRAINAGE,2
processed/images/TREES_ENVIRONMENT/trees_environment_0625.jpg,trees_environment_0625.jpg,TREES_ENVIRONMENT,4
processed/images/ROADS/roads_1777.png,roads_1777.png,ROADS,0
processed/images/PUBLIC_INFRASTRUCTURE/public_infrastructure_0922.jpg,public_infrastructure_0922.jpg,PUBLIC_INFRASTRUCTURE,5
processed/images/TREES_ENVIRONMENT/trees_environment_0831.jpg,trees_environment_0831.jpg,TREES_ENVIRONMENT,4
processed/images/PUBLIC_INFRASTRUCTURE/public_infrastructure_1156.jpg,public_infrastructure_1156.jpg,PUBLIC_INFRASTRUCTURE,5
processed/images/PUBLIC_INFRASTRUCTURE/public_infrastructure_0673.jpg,public_infrastructure_0673.jpg,PUBLIC_INFRASTRUCTURE,5
processed/images/STREET_LIGHTING/street_lighting_0145.jpg,street_lighting_0145.jpg,STREET_LIGHTING,1
processed/images/STREET_LIGHTING/street_lighting_0348.jpg,street_lighting_0348.jpg,STREET_LIGHTING,1
processed/images/TREES_ENVIRONMENT/trees_environment_1591.jpg,trees_environment_1591.jpg,TREES_ENVIRONMENT,4
processed/images/STREET_LIGHTING/street_lighting_0787.jpg,street_lighting_0787.jpg,STREET_LIGHTING,1
processed/images/STREET_LIGHTING/street_lighting_0998.jpg,street_lighting_0998.jpg,STREET_LIGHTING,1
processed/images/TREES_ENVIRONMENT/trees_environment_1092.jpg,trees_environment_1092.jpg,TREES_ENVIRONMENT,4
processed/images/TREES_ENVIRONMENT/trees_environment_0028.jpg,trees_environment_0028.jpg,TREES_ENVIRONMENT,4
processed/images/TREES_ENVIRONMENT/trees_environment_1477.jpg,trees_environment_1477.jpg,TREES_ENVIRONMENT,4
processed/images/WASTE_MANAGEMENT/waste_management_0107.jpg,waste_management_0107.jpg,WASTE_MANAGEMENT,3
processed/images/WASTE_MANAGEMENT/waste_management_0299.jpg,waste_management_0299.jpg,WASTE_MANAGEMENT,3
processed/images/STREET_LIGHTING/street_lighting_0151.jpg,street_lighting_0151.jpg,STREET_LIGHTING,1
processed/images/STREET_LIGHTING/street_lighting_0109.jpg,street_lighting_0109.jpg,STREET_LIGHTING,1
processed/images/PUBLIC_INFRASTRUCTURE/public_infrastructure_1422.jpg,public_infrastructure_1422.jpg,PUBLIC_INFRASTRUCTURE,5
processed/images/TREES_ENVIRONMENT/trees_environment_1196.jpg,trees_environment_1196.jpg,TREES_ENVIRONMENT,4
processed/images/WATER_DRAINAGE/water_drainage_0231.jpg,water_drainage_0231.jpg,WATER_DRAINAGE,2
processed/images/PUBLIC_INFRASTRUCTURE/public_infrastructure_0478.jpg,public_infrastructure_0478.jpg,PUBLIC_INFRASTRUCTURE,5
processed/images/PUBLIC_INFRASTRUCTURE/public_infrastructure_0949.jpg,public_infrastructure_0949.jpg,PUBLIC_INFRASTRUCTURE,5
processed/images/ROADS/roads_0109.jpg,roads_0109.jpg,ROADS,0
processed/images/ROADS/roads_0665.jpg,roads_0665.jpg,ROADS,0
processed/images/ROADS/roads_1399.png,roads_1399.png,ROADS,0
processed/images/STREET_LIGHTING/street_lighting_0402.jpg,street_lighting_0402.jpg,STREET_LIGHTING,1
processed/images/TREES_ENVIRONMENT/trees_environment_0435.jpg,trees_environment_0435.jpg,TREES_ENVIRONMENT,4
processed/images/PUBLIC_INFRASTRUCTURE/public_infrastructure_0077.jpg,public_infrastructure_0077.jpg,PUBLIC_INFRASTRUCTURE,5
processed/images/TREES_ENVIRONMENT/trees_environment_0214.jpg,trees_environment_0214.jpg,TREES_ENVIRONMENT,4
processed/images/ROADS/roads_0652.jpg,roads_0652.jpg,ROADS,0
processed/images/TREES_ENVIRONMENT/trees_environment_1058.jpg,trees_environment_1058.jpg,TREES_ENVIRONMENT,4
processed/images/STREET_LIGHTING/street_lighting_1071.jpg,street_lighting_1071.jpg,STREET_LIGHTING,1
processed/images/STREET_LIGHTING/street_lighting_0949.jpg,street_lighting_0949.jpg,STREET_LIGHTING,1
processed/images/PUBLIC_INFRASTRUCTURE/public_infrastructure_0370.jpg,public_infrastructure_0370.jpg,PUBLIC_INFRASTRUCTURE,5
processed/images/STREET_LIGHTING/street_lighting_0462.jpg,street_lighting_0462.jpg,STREET_LIGHTING,1
processed/images/TREES_ENVIRONMENT/trees_environment_1015.jpg,trees_environment_1015.jpg,TREES_ENVIRONMENT,4
processed/images/STREET_LIGHTING/street_lighting_0743.jpg,street_lighting_0743.jpg,STREET_LIGHTING,1
processed/images/TREES_ENVIRONMENT/trees_environment_0404.jpg,trees_environment_0404.jpg,TREES_ENVIRONMENT,4
processed/images/PUBLIC_INFRASTRUCTURE/public_infrastructure_0286.jpg,public_infrastructure_0286.jpg,PUBLIC_INFRASTRUCTURE,5
processed/images/TREES_ENVIRONMENT/trees_environment_0119.jpg,trees_environment_0119.jpg,TREES_ENVIRONMENT,4
processed/images/TREES_ENVIRONMENT/trees_environment_1048.jpg,trees_environment_1048.jpg,TREES_ENVIRONMENT,4
processed/images/PUBLIC_INFRASTRUCTURE/public_infrastructure_0695.jpg,public_infrastructure_0695.jpg,PUBLIC_INFRASTRUCTURE,5
processed/images/STREET_LIGHTING/street_lighting_0791.jpg,street_lighting_0791.jpg,STREET_LIGHTING,1
processed/images/STREET_LIGHTING/street_lighting_0380.jpg,street_lighting_0380.jpg,STREET_LIGHTING,1
processed/images/TREES_ENVIRONMENT/trees_environment_0144.jpg,trees_environment_0144.jpg,TREES_ENVIRONMENT,4
processed/images/PUBLIC_INFRASTRUCTURE/public_infrastructure_0670.jpg,public_infrastructure_0670.jpg,PUBLIC_INFRASTRUCTURE,5
processed/images/TREES_ENVIRONMENT/trees_environment_0555.jpg,trees_environment_0555.jpg,TREES_ENVIRONMENT,4
processed/images/PUBLIC_INFRASTRUCTURE/public_infrastructure_1080.jpg,public_infrastructure_1080.jpg,PUBLIC_INFRASTRUCTURE,5
processed/images/STREET_LIGHTING/street_lighting_0874.jpg,street_lighting_0874.jpg,STREET_LIGHTING,1
processed/images/TREES_ENVIRONMENT/trees_environment_0129.jpg,trees_environment_0129.jpg,TREES_ENVIRONMENT,4
processed/images/TREES_ENVIRONMENT/trees_environment_0042.jpg,trees_environment_0042.jpg,TREES_ENVIRONMENT,4
processed/images/PUBLIC_INFRASTRUCTURE/public_infrastructure_0163.jpg,public_infrastructure_0163.jpg,PUBLIC_INFRASTRUCTURE,5
processed/images/WASTE_MANAGEMENT/waste_management_0724.jpg,waste_management_0724.jpg,WASTE_MANAGEMENT,3
processed/images/STREET_LIGHTING/street_lighting_0224.jpg,street_lighting_0224.jpg,STREET_LIGHTING,1
processed/images/WASTE_MANAGEMENT/waste_management_0457.jpg,waste_management_0457.jpg,WASTE_MANAGEMENT,3
processed/images/STREET_LIGHTING/street_lighting_0763.jpg,street_lighting_0763.jpg,STREET_LIGHTING,1
processed/images/WASTE_MANAGEMENT/waste_management_0686.jpg,waste_management_0686.jpg,WASTE_MANAGEMENT,3
processed/images/PUBLIC_INFRASTRUCTURE/public_infrastructure_1073.jpg,public_infrastructure_1073.jpg,PUBLIC_INFRASTRUCTURE,5
processed/images/WATER_DRAINAGE/water_drainage_0117.jpg,water_drainage_0117.jpg,WATER_DRAINAGE,2
processed/images/PUBLIC_INFRASTRUCTURE/public_infrastructure_0424.jpg,public_infrastructure_0424.jpg,PUBLIC_INFRASTRUCTURE,5
processed/images/WASTE_MANAGEMENT/waste_management_0864.jpg,waste_management_0864.jpg,WASTE_MANAGEMENT,3
processed/images/TREES_ENVIRONMENT/trees_environment_0426.jpg,trees_environment_0426.jpg,TREES_ENVIRONMENT,4
processed/images/WASTE_MANAGEMENT/waste_management_0484.jpg,waste_management_0484.jpg,WASTE_MANAGEMENT,3
processed/images/WASTE_MANAGEMENT/waste_management_0544.jpg,waste_management_0544.jpg,WASTE_MANAGEMENT,3
processed/images/TREES_ENVIRONMENT/trees_environment_0896.jpg,trees_environment_0896.jpg,TREES_ENVIRONMENT,4
processed/images/STREET_LIGHTING/street_lighting_0946.jpg,street_lighting_0946.jpg,STREET_LIGHTING,1
processed/images/STREET_LIGHTING/street_lighting_0529.jpg,street_lighting_0529.jpg,STREET_LIGHTING,1
processed/images/STREET_LIGHTING/street_lighting_0504.jpg,street_lighting_0504.jpg,STREET_LIGHTING,1
processed/images/ROADS/roads_1530.png,roads_1530.png,ROADS,0
processed/images/ROADS/roads_0326.jpg,roads_0326.jpg,ROADS,0
processed/images/WASTE_MANAGEMENT/waste_management_0019.jpg,waste_management_0019.jpg,WASTE_MANAGEMENT,3
processed/images/PUBLIC_INFRASTRUCTURE/public_infrastructure_0458.jpg,public_infrastructure_0458.jpg,PUBLIC_INFRASTRUCTURE,5
processed/images/TREES_ENVIRONMENT/trees_environment_1362.jpg,trees_environment_1362.jpg,TREES_ENVIRONMENT,4
processed/images/ROADS/roads_0659.jpg,roads_0659.jpg,ROADS,0
processed/images/TREES_ENVIRONMENT/trees_environment_0910.jpg,trees_environment_0910.jpg,TREES_ENVIRONMENT,4
processed/images/STREET_LIGHTING/street_lighting_0509.jpg,street_lighting_0509.jpg,STREET_LIGHTING,1
processed/images/STREET_LIGHTING/street_lighting_0700.jpg,street_lighting_0700.jpg,STREET_LIGHTING,1
processed/images/WASTE_MANAGEMENT/waste_management_0844.jpg,waste_management_0844.jpg,WASTE_MANAGEMENT,3
processed/images/TREES_ENVIRONMENT/trees_environment_0810.jpg,trees_environment_0810.jpg,TREES_ENVIRONMENT,4
processed/images/ROADS/roads_0052.jpg,roads_0052.jpg,ROADS,0
processed/images/ROADS/roads_0967.jpg,roads_0967.jpg,ROADS,0
processed/images/ROADS/roads_0095.jpg,roads_0095.jpg,ROADS,0
processed/images/PUBLIC_INFRASTRUCTURE/public_infrastructure_1025.jpg,public_infrastructure_1025.jpg,PUBLIC_INFRASTRUCTURE,5
processed/images/PUBLIC_INFRASTRUCTURE/public_infrastructure_0064.jpg,public_infrastructure_0064.jpg,PUBLIC_INFRASTRUCTURE,5
processed/images/ROADS/roads_0209.jpg,roads_0209.jpg,ROADS,0
processed/images/PUBLIC_INFRASTRUCTURE/public_infrastructure_0363.jpg,public_infrastructure_0363.jpg,PUBLIC_INFRASTRUCTURE,5
processed/images/ROADS/roads_0843.jpg,roads_0843.jpg,ROADS,0
processed/images/PUBLIC_INFRASTRUCTURE/public_infrastructure_0972.jpg,public_infrastructure_0972.jpg,PUBLIC_INFRASTRUCTURE,5
processed/images/TREES_ENVIRONMENT/trees_environment_0771.jpg,trees_environment_0771.jpg,TREES_ENVIRONMENT,4
processed/images/TREES_ENVIRONMENT/trees_environment_0177.jpg,trees_environment_0177.jpg,TREES_ENVIRONMENT,4
processed/images/ROADS/roads_0434.jpg,roads_0434.jpg,ROADS,0
processed/images/STREET_LIGHTING/street_lighting_0665.jpg,street_lighting_0665.jpg,STREET_LIGHTING,1
processed/images/TREES_ENVIRONMENT/trees_environment_1570.jpg,trees_environment_1570.jpg,TREES_ENVIRONMENT,4
processed/images/ROADS/roads_0923.jpg,roads_0923.jpg,ROADS,0
processed/images/ROADS/roads_1585.png,roads_1585.png,ROADS,0
processed/images/TREES_ENVIRONMENT/trees_environment_0820.jpg,trees_environment_0820.jpg,TREES_ENVIRONMENT,4
processed/images/WATER_DRAINAGE/water_drainage_0184.jpg,water_drainage_0184.jpg,WATER_DRAINAGE,2
processed/images/PUBLIC_INFRASTRUCTURE/public_infrastructure_0689.jpg,public_infrastructure_0689.jpg,PUBLIC_INFRASTRUCTURE,5
processed/images/PUBLIC_INFRASTRUCTURE/public_infrastructure_0669.jpg,public_infrastructure_0669.jpg,PUBLIC_INFRASTRUCTURE,5
processed/images/PUBLIC_INFRASTRUCTURE/public_infrastructure_1335.jpg,public_infrastructure_1335.jpg,PUBLIC_INFRASTRUCTURE,5
processed/images/ROADS/roads_0297.jpg,roads_0297.jpg,ROADS,0
processed/images/TREES_ENVIRONMENT/trees_environment_0890.jpg,trees_environment_0890.jpg,TREES_ENVIRONMENT,4
processed/images/STREET_LIGHTING/street_lighting_0754.jpg,street_lighting_0754.jpg,STREET_LIGHTING,1
processed/images/ROADS/roads_0533.jpg,roads_0533.jpg,ROADS,0
processed/images/ROADS/roads_0456.jpg,roads_0456.jpg,ROADS,0
processed/images/ROADS/roads_0758.jpg,roads_0758.jpg,ROADS,0
processed/images/WASTE_MANAGEMENT/waste_management_0540.jpg,waste_management_0540.jpg,WASTE_MANAGEMENT,3
processed/images/TREES_ENVIRONMENT/trees_environment_0708.jpg,trees_environment_0708.jpg,TREES_ENVIRONMENT,4
processed/images/PUBLIC_INFRASTRUCTURE/public_infrastructure_1263.jpg,public_infrastructure_1263.jpg,PUBLIC_INFRASTRUCTURE,5
processed/images/ROADS/roads_1678.png,roads_1678.png,ROADS,0
processed/images/STREET_LIGHTING/street_lighting_0767.jpg,street_lighting_0767.jpg,STREET_LIGHTING,1
processed/images/WASTE_MANAGEMENT/waste_management_0596.jpg,waste_management_0596.jpg,WASTE_MANAGEMENT,3
processed/images/WASTE_MANAGEMENT/waste_management_0523.jpg,waste_management_0523.jpg,WASTE_MANAGEMENT,3
processed/images/PUBLIC_INFRASTRUCTURE/public_infrastructure_1427.jpg,public_infrastructure_1427.jpg,PUBLIC_INFRASTRUCTURE,5
processed/images/TREES_ENVIRONMENT/trees_environment_1511.jpg,trees_environment_1511.jpg,TREES_ENVIRONMENT,4
processed/images/TREES_ENVIRONMENT/trees_environment_0369.jpg,trees_environment_0369.jpg,TREES_ENVIRONMENT,4
processed/images/TREES_ENVIRONMENT/trees_environment_0024.jpg,trees_environment_0024.jpg,TREES_ENVIRONMENT,4
processed/images/PUBLIC_INFRASTRUCTURE/public_infrastructure_1044.jpg,public_infrastructure_1044.jpg,PUBLIC_INFRASTRUCTURE,5
processed/images/TREES_ENVIRONMENT/trees_environment_1062.jpg,trees_environment_1062.jpg,TREES_ENVIRONMENT,4
processed/images/ROADS/roads_0453.jpg,roads_0453.jpg,ROADS,0
processed/images/ROADS/roads_0137.jpg,roads_0137.jpg,ROADS,0
processed/images/ROADS/roads_0027.jpeg,roads_0027.jpeg,ROADS,0
processed/images/WASTE_MANAGEMENT/waste_management_0091.jpg,waste_management_0091.jpg,WASTE_MANAGEMENT,3
processed/images/ROADS/roads_0427.jpg,roads_0427.jpg,ROADS,0
processed/images/PUBLIC_INFRASTRUCTURE/public_infrastructure_0447.jpg,public_infrastructure_0447.jpg,PUBLIC_INFRASTRUCTURE,5
processed/images/STREET_LIGHTING/street_lighting_0049.jpg,street_lighting_0049.jpg,STREET_LIGHTING,1
processed/images/TREES_ENVIRONMENT/trees_environment_1422.jpg,trees_environment_1422.jpg,TREES_ENVIRONMENT,4
processed/images/STREET_LIGHTING/street_lighting_0734.jpg,street_lighting_0734.jpg,STREET_LIGHTING,1
processed/images/PUBLIC_INFRASTRUCTURE/public_infrastructure_0692.jpg,public_infrastructure_0692.jpg,PUBLIC_INFRASTRUCTURE,5
processed/images/TREES_ENVIRONMENT/trees_environment_0696.jpg,trees_environment_0696.jpg,TREES_ENVIRONMENT,4
processed/images/PUBLIC_INFRASTRUCTURE/public_infrastructure_0847.jpg,public_infrastructure_0847.jpg,PUBLIC_INFRASTRUCTURE,5
processed/images/STREET_LIGHTING/street_lighting_0364.jpg,street_lighting_0364.jpg,STREET_LIGHTING,1
processed/images/STREET_LIGHTING/street_lighting_0323.jpg,street_lighting_0323.jpg,STREET_LIGHTING,1
processed/images/PUBLIC_INFRASTRUCTURE/public_infrastructure_1237.jpg,public_infrastructure_1237.jpg,PUBLIC_INFRASTRUCTURE,5
processed/images/PUBLIC_INFRASTRUCTURE/public_infrastructure_0444.jpg,public_infrastructure_0444.jpg,PUBLIC_INFRASTRUCTURE,5
processed/images/TREES_ENVIRONMENT/trees_environment_1485.jpg,trees_environment_1485.jpg,TREES_ENVIRONMENT,4
processed/images/ROADS/roads_1891.png,roads_1891.png,ROADS,0
processed/images/TREES_ENVIRONMENT/trees_environment_0798.jpg,trees_environment_0798.jpg,TREES_ENVIRONMENT,4
processed/images/ROADS/roads_0296.jpg,roads_0296.jpg,ROADS,0
processed/images/TREES_ENVIRONMENT/trees_environment_0278.jpg,trees_environment_0278.jpg,TREES_ENVIRONMENT,4
processed/images/ROADS/roads_0063.jpg,roads_0063.jpg,ROADS,0
processed/images/PUBLIC_INFRASTRUCTURE/public_infrastructure_1066.jpg,public_infrastructure_1066.jpg,PUBLIC_INFRASTRUCTURE,5
processed/images/TREES_ENVIRONMENT/trees_environment_0675.jpg,trees_environment_0675.jpg,TREES_ENVIRONMENT,4
processed/images/STREET_LIGHTING/street_lighting_0535.jpg,street_lighting_0535.jpg,STREET_LIGHTING,1
processed/images/TREES_ENVIRONMENT/trees_environment_0318.jpg,trees_environment_0318.jpg,TREES_ENVIRONMENT,4
processed/images/STREET_LIGHTING/street_lighting_0987.jpg,street_lighting_0987.jpg,STREET_LIGHTING,1
processed/images/TREES_ENVIRONMENT/trees_environment_1518.jpg,trees_environment_1518.jpg,TREES_ENVIRONMENT,4
processed/images/WASTE_MANAGEMENT/waste_management_0602.jpg,waste_management_0602.jpg,WASTE_MANAGEMENT,3
processed/images/WASTE_MANAGEMENT/waste_management_0736.jpg,waste_management_0736.jpg,WASTE_MANAGEMENT,3
processed/images/ROADS/roads_0512.jpg,roads_0512.jpg,ROADS,0
processed/images/PUBLIC_INFRASTRUCTURE/public_infrastructure_0335.jpg,public_infrastructure_0335.jpg,PUBLIC_INFRASTRUCTURE,5
processed/images/WATER_DRAINAGE/water_drainage_0058.jpg,water_drainage_0058.jpg,WATER_DRAINAGE,2
processed/images/STREET_LIGHTING/street_lighting_0346.jpg,street_lighting_0346.jpg,STREET_LIGHTING,1
processed/images/PUBLIC_INFRASTRUCTURE/public_infrastructure_0607.jpg,public_infrastructure_0607.jpg,PUBLIC_INFRASTRUCTURE,5
processed/images/ROADS/roads_1195.jpg,roads_1195.jpg,ROADS,0
processed/images/TREES_ENVIRONMENT/trees_environment_0328.jpg,trees_environment_0328.jpg,TREES_ENVIRONMENT,4
processed/images/ROADS/roads_0369.jpg,roads_0369.jpg,ROADS,0
processed/images/PUBLIC_INFRASTRUCTURE/public_infrastructure_0134.jpg,public_infrastructure_0134.jpg,PUBLIC_INFRASTRUCTURE,5
processed/images/ROADS/roads_0085.jpg,roads_0085.jpg,ROADS,0
processed/images/ROADS/roads_1234.jpg,roads_1234.jpg,ROADS,0
processed/images/ROADS/roads_1387.png,roads_1387.png,ROADS,0
processed/images/WASTE_MANAGEMENT/waste_management_0328.jpg,waste_management_0328.jpg,WASTE_MANAGEMENT,3
processed/images/ROADS/roads_1587.png,roads_1587.png,ROADS,0
processed/images/TREES_ENVIRONMENT/trees_environment_0126.jpg,trees_environment_0126.jpg,TREES_ENVIRONMENT,4
processed/images/WASTE_MANAGEMENT/waste_management_0662.jpg,waste_management_0662.jpg,WASTE_MANAGEMENT,3
processed/images/STREET_LIGHTING/street_lighting_1029.jpg,street_lighting_1029.jpg,STREET_LIGHTING,1
processed/images/STREET_LIGHTING/street_lighting_0024.jpg,street_lighting_0024.jpg,STREET_LIGHTING,1
processed/images/ROADS/roads_1396.png,roads_1396.png,ROADS,0
processed/images/STREET_LIGHTING/street_lighting_0658.jpg,street_lighting_0658.jpg,STREET_LIGHTING,1
processed/images/STREET_LIGHTING/street_lighting_0099.jpg,street_lighting_0099.jpg,STREET_LIGHTING,1
processed/images/ROADS/roads_0159.jpg,roads_0159.jpg,ROADS,0
processed/images/PUBLIC_INFRASTRUCTURE/public_infrastructure_0580.jpg,public_infrastructure_0580.jpg,PUBLIC_INFRASTRUCTURE,5
processed/images/STREET_LIGHTING/street_lighting_1021.jpg,street_lighting_1021.jpg,STREET_LIGHTING,1
processed/images/TREES_ENVIRONMENT/trees_environment_1515.jpg,trees_environment_1515.jpg,TREES_ENVIRONMENT,4
processed/images/ROADS/roads_1050.jpg,roads_1050.jpg,ROADS,0
processed/images/WASTE_MANAGEMENT/waste_management_0100.jpg,waste_management_0100.jpg,WASTE_MANAGEMENT,3
processed/images/STREET_LIGHTING/street_lighting_0488.jpg,street_lighting_0488.jpg,STREET_LIGHTING,1
processed/images/WASTE_MANAGEMENT/waste_management_0315.jpg,waste_management_0315.jpg,WASTE_MANAGEMENT,3
processed/images/TREES_ENVIRONMENT/trees_environment_0053.jpg,trees_environment_0053.jpg,TREES_ENVIRONMENT,4
processed/images/WASTE_MANAGEMENT/waste_management_0461.jpg,waste_management_0461.jpg,WASTE_MANAGEMENT,3
processed/images/STREET_LIGHTING/street_lighting_0080.jpg,street_lighting_0080.jpg,STREET_LIGHTING,1
processed/images/WASTE_MANAGEMENT/waste_management_0430.jpg,waste_management_0430.jpg,WASTE_MANAGEMENT,3
processed/images/PUBLIC_INFRASTRUCTURE/public_infrastructure_0261.jpg,public_infrastructure_0261.jpg,PUBLIC_INFRASTRUCTURE,5
processed/images/STREET_LIGHTING/street_lighting_0851.jpg,street_lighting_0851.jpg,STREET_LIGHTING,1
processed/images/TREES_ENVIRONMENT/trees_environment_1541.jpg,trees_environment_1541.jpg,TREES_ENVIRONMENT,4
processed/images/PUBLIC_INFRASTRUCTURE/public_infrastructure_1352.jpg,public_infrastructure_1352.jpg,PUBLIC_INFRASTRUCTURE,5
processed/images/ROADS/roads_1106.jpg,roads_1106.jpg,ROADS,0
processed/images/PUBLIC_INFRASTRUCTURE/public_infrastructure_1125.jpg,public_infrastructure_1125.jpg,PUBLIC_INFRASTRUCTURE,5
processed/images/PUBLIC_INFRASTRUCTURE/public_infrastructure_1157.jpg,public_infrastructure_1157.jpg,PUBLIC_INFRASTRUCTURE,5
processed/images/PUBLIC_INFRASTRUCTURE/public_infrastructure_0300.jpg,public_infrastructure_0300.jpg,PUBLIC_INFRASTRUCTURE,5
processed/images/WASTE_MANAGEMENT/waste_management_0418.jpg,waste_management_0418.jpg,WASTE_MANAGEMENT,3
processed/images/TREES_ENVIRONMENT/trees_environment_0641.jpg,trees_environment_0641.jpg,TREES_ENVIRONMENT,4
processed/images/PUBLIC_INFRASTRUCTURE/public_infrastructure_1210.jpg,public_infrastructure_1210.jpg,PUBLIC_INFRASTRUCTURE,5
processed/images/ROADS/roads_1719.png,roads_1719.png,ROADS,0
processed/images/WATER_DRAINAGE/water_drainage_0054.jpg,water_drainage_0054.jpg,WATER_DRAINAGE,2
processed/images/ROADS/roads_0423.jpg,roads_0423.jpg,ROADS,0
processed/images/WASTE_MANAGEMENT/waste_management_0094.jpg,waste_management_0094.jpg,WASTE_MANAGEMENT,3
processed/images/WATER_DRAINAGE/water_drainage_0327.jpg,water_drainage_0327.jpg,WATER_DRAINAGE,2
processed/images/ROADS/roads_1879.png,roads_1879.png,ROADS,0
processed/images/PUBLIC_INFRASTRUCTURE/public_infrastructure_0276.jpg,public_infrastructure_0276.jpg,PUBLIC_INFRASTRUCTURE,5
processed/images/STREET_LIGHTING/street_lighting_0386.jpg,street_lighting_0386.jpg,STREET_LIGHTING,1
processed/images/STREET_LIGHTING/street_lighting_1114.jpg,street_lighting_1114.jpg,STREET_LIGHTING,1
processed/images/ROADS/roads_0213.jpg,roads_0213.jpg,ROADS,0
processed/images/TREES_ENVIRONMENT/trees_environment_0766.jpg,trees_environment_0766.jpg,TREES_ENVIRONMENT,4
processed/images/ROADS/roads_0234.jpg,roads_0234.jpg,ROADS,0
processed/images/PUBLIC_INFRASTRUCTURE/public_infrastructure_0397.jpg,public_infrastructure_0397.jpg,PUBLIC_INFRASTRUCTURE,5
processed/images/TREES_ENVIRONMENT/trees_environment_0551.jpg,trees_environment_0551.jpg,TREES_ENVIRONMENT,4
processed/images/TREES_ENVIRONMENT/trees_environment_1178.jpg,trees_environment_1178.jpg,TREES_ENVIRONMENT,4
processed/images/ROADS/roads_0595.jpg,roads_0595.jpg,ROADS,0
processed/images/PUBLIC_INFRASTRUCTURE/public_infrastructure_1162.jpg,public_infrastructure_1162.jpg,PUBLIC_INFRASTRUCTURE,5
processed/images/TREES_ENVIRONMENT/trees_environment_0698.jpg,trees_environment_0698.jpg,TREES_ENVIRONMENT,4
processed/images/ROADS/roads_1149.jpg,roads_1149.jpg,ROADS,0
processed/images/WASTE_MANAGEMENT/waste_management_0663.jpg,waste_management_0663.jpg,WASTE_MANAGEMENT,3
processed/images/TREES_ENVIRONMENT/trees_environment_0223.jpg,trees_environment_0223.jpg,TREES_ENVIRONMENT,4
processed/images/TREES_ENVIRONMENT/trees_environment_0626.jpg,trees_environment_0626.jpg,TREES_ENVIRONMENT,4
processed/images/WATER_DRAINAGE/water_drainage_0183.jpg,water_drainage_0183.jpg,WATER_DRAINAGE,2
processed/images/PUBLIC_INFRASTRUCTURE/public_infrastructure_1290.jpg,public_infrastructure_1290.jpg,PUBLIC_INFRASTRUCTURE,5
processed/images/ROADS/roads_1413.png,roads_1413.png,ROADS,0
processed/images/ROADS/roads_0944.jpg,roads_0944.jpg,ROADS,0
processed/images/STREET_LIGHTING/street_lighting_0957.jpg,street_lighting_0957.jpg,STREET_LIGHTING,1
processed/images/ROADS/roads_0519.jpg,roads_0519.jpg,ROADS,0
processed/images/WASTE_MANAGEMENT/waste_management_0194.jpg,waste_management_0194.jpg,WASTE_MANAGEMENT,3
processed/images/ROADS/roads_0175.jpg,roads_0175.jpg,ROADS,0
processed/images/WATER_DRAINAGE/water_drainage_0217.jpg,water_drainage_0217.jpg,WATER_DRAINAGE,2
processed/images/TREES_ENVIRONMENT/trees_environment_1074.jpg,trees_environment_1074.jpg,TREES_ENVIRONMENT,4
processed/images/WATER_DRAINAGE/water_drainage_0236.jpg,water_drainage_0236.jpg,WATER_DRAINAGE,2
processed/images/STREET_LIGHTING/street_lighting_0272.jpg,street_lighting_0272.jpg,STREET_LIGHTING,1
processed/images/TREES_ENVIRONMENT/trees_environment_1487.jpg,trees_environment_1487.jpg,TREES_ENVIRONMENT,4
processed/images/STREET_LIGHTING/street_lighting_0383.jpg,street_lighting_0383.jpg,STREET_LIGHTING,1
processed/images/TREES_ENVIRONMENT/trees_environment_0099.jpg,trees_environment_0099.jpg,TREES_ENVIRONMENT,4
processed/images/TREES_ENVIRONMENT/trees_environment_1077.jpg,trees_environment_1077.jpg,TREES_ENVIRONMENT,4
processed/images/ROADS/roads_0315.jpg,roads_0315.jpg,ROADS,0
processed/images/ROADS/roads_0325.jpg,roads_0325.jpg,ROADS,0
processed/images/PUBLIC_INFRASTRUCTURE/public_infrastructure_0278.jpg,public_infrastructure_0278.jpg,PUBLIC_INFRASTRUCTURE,5
processed/images/PUBLIC_INFRASTRUCTURE/public_infrastructure_1448.jpg,public_infrastructure_1448.jpg,PUBLIC_INFRASTRUCTURE,5
processed/images/TREES_ENVIRONMENT/trees_environment_0010.jpg,trees_environment_0010.jpg,TREES_ENVIRONMENT,4
processed/images/TREES_ENVIRONMENT/trees_environment_0016.jpg,trees_environment_0016.jpg,TREES_ENVIRONMENT,4
processed/images/PUBLIC_INFRASTRUCTURE/public_infrastructure_0536.jpg,public_infrastructure_0536.jpg,PUBLIC_INFRASTRUCTURE,5
processed/images/WASTE_MANAGEMENT/waste_management_0121.jpg,waste_management_0121.jpg,WASTE_MANAGEMENT,3
processed/images/WATER_DRAINAGE/water_drainage_0026.jpg,water_drainage_0026.jpg,WATER_DRAINAGE,2
processed/images/PUBLIC_INFRASTRUCTURE/public_infrastructure_1085.jpg,public_infrastructure_1085.jpg,PUBLIC_INFRASTRUCTURE,5
processed/images/ROADS/roads_0089.jpg,roads_0089.jpg,ROADS,0
processed/images/WASTE_MANAGEMENT/waste_management_0884.jpg,waste_management_0884.jpg,WASTE_MANAGEMENT,3
processed/images/WASTE_MANAGEMENT/waste_management_0687.jpg,waste_management_0687.jpg,WASTE_MANAGEMENT,3
processed/images/ROADS/roads_1828.png,roads_1828.png,ROADS,0
processed/images/STREET_LIGHTING/street_lighting_0092.jpg,street_lighting_0092.jpg,STREET_LIGHTING,1
processed/images/PUBLIC_INFRASTRUCTURE/public_infrastructure_0218.jpg,public_infrastructure_0218.jpg,PUBLIC_INFRASTRUCTURE,5
processed/images/PUBLIC_INFRASTRUCTURE/public_infrastructure_0287.jpg,public_infrastructure_0287.jpg,PUBLIC_INFRASTRUCTURE,5
processed/images/WATER_DRAINAGE/water_drainage_0197.jpg,water_drainage_0197.jpg,WATER_DRAINAGE,2
processed/images/WASTE_MANAGEMENT/waste_management_0853.jpg,waste_management_0853.jpg,WASTE_MANAGEMENT,3
processed/images/TREES_ENVIRONMENT/trees_environment_1391.jpg,trees_environment_1391.jpg,TREES_ENVIRONMENT,4
processed/images/TREES_ENVIRONMENT/trees_environment_1603.jpg,trees_environment_1603.jpg,TREES_ENVIRONMENT,4
processed/images/STREET_LIGHTING/street_lighting_0467.jpg,street_lighting_0467.jpg,STREET_LIGHTING,1
processed/images/WASTE_MANAGEMENT/waste_management_0840.jpg,waste_management_0840.jpg,WASTE_MANAGEMENT,3
processed/images/ROADS/roads_1894.png,roads_1894.png,ROADS,0
processed/images/PUBLIC_INFRASTRUCTURE/public_infrastructure_0055.jpg,public_infrastructure_0055.jpg,PUBLIC_INFRASTRUCTURE,5
processed/images/PUBLIC_INFRASTRUCTURE/public_infrastructure_1423.jpg,public_infrastructure_1423.jpg,PUBLIC_INFRASTRUCTURE,5
processed/images/ROADS/roads_1174.jpg,roads_1174.jpg,ROADS,0
processed/images/STREET_LIGHTING/street_lighting_1039.jpg,street_lighting_1039.jpg,STREET_LIGHTING,1
processed/images/WATER_DRAINAGE/water_drainage_0335.jpg,water_drainage_0335.jpg,WATER_DRAINAGE,2
processed/images/STREET_LIGHTING/street_lighting_1061.jpg,street_lighting_1061.jpg,STREET_LIGHTING,1
processed/images/WASTE_MANAGEMENT/waste_management_0276.jpg,waste_management_0276.jpg,WASTE_MANAGEMENT,3
processed/images/TREES_ENVIRONMENT/trees_environment_1176.jpg,trees_environment_1176.jpg,TREES_ENVIRONMENT,4
processed/images/PUBLIC_INFRASTRUCTURE/public_infrastructure_0292.jpg,public_infrastructure_0292.jpg,PUBLIC_INFRASTRUCTURE,5
processed/images/STREET_LIGHTING/street_lighting_0935.jpg,street_lighting_0935.jpg,STREET_LIGHTING,1
processed/images/WASTE_MANAGEMENT/waste_management_0632.jpg,waste_management_0632.jpg,WASTE_MANAGEMENT,3
processed/images/PUBLIC_INFRASTRUCTURE/public_infrastructure_1442.jpg,public_infrastructure_1442.jpg,PUBLIC_INFRASTRUCTURE,5
processed/images/WASTE_MANAGEMENT/waste_management_0467.jpg,waste_management_0467.jpg,WASTE_MANAGEMENT,3
processed/images/ROADS/roads_1770.png,roads_1770.png,ROADS,0
processed/images/TREES_ENVIRONMENT/trees_environment_1427.jpg,trees_environment_1427.jpg,TREES_ENVIRONMENT,4
processed/images/TREES_ENVIRONMENT/trees_environment_0523.jpg,trees_environment_0523.jpg,TREES_ENVIRONMENT,4
processed/images/WATER_DRAINAGE/water_drainage_0391.jpg,water_drainage_0391.jpg,WATER_DRAINAGE,2
processed/images/WASTE_MANAGEMENT/waste_management_0185.jpg,waste_management_0185.jpg,WASTE_MANAGEMENT,3
processed/images/TREES_ENVIRONMENT/trees_environment_0972.jpg,trees_environment_0972.jpg,TREES_ENVIRONMENT,4
processed/images/WATER_DRAINAGE/water_drainage_0306.jpg,water_drainage_0306.jpg,WATER_DRAINAGE,2
processed/images/PUBLIC_INFRASTRUCTURE/public_infrastructure_1327.jpg,public_infrastructure_1327.jpg,PUBLIC_INFRASTRUCTURE,5
processed/images/STREET_LIGHTING/street_lighting_0900.jpg,street_lighting_0900.jpg,STREET_LIGHTING,1
processed/images/ROADS/roads_1180.jpg,roads_1180.jpg,ROADS,0
processed/images/ROADS/roads_1692.png,roads_1692.png,ROADS,0
processed/images/WASTE_MANAGEMENT/waste_management_0588.jpg,waste_management_0588.jpg,WASTE_MANAGEMENT,3
processed/images/STREET_LIGHTING/street_lighting_0617.jpg,street_lighting_0617.jpg,STREET_LIGHTING,1
processed/images/PUBLIC_INFRASTRUCTURE/public_infrastructure_1024.jpg,public_infrastructure_1024.jpg,PUBLIC_INFRASTRUCTURE,5
processed/images/WATER_DRAINAGE/water_drainage_0421.jpg,water_drainage_0421.jpg,WATER_DRAINAGE,2
processed/images/STREET_LIGHTING/street_lighting_0102.jpg,street_lighting_0102.jpg,STREET_LIGHTING,1
processed/images/ROADS/roads_0481.jpg,roads_0481.jpg,ROADS,0
processed/images/TREES_ENVIRONMENT/trees_environment_0744.jpg,trees_environment_0744.jpg,TREES_ENVIRONMENT,4
processed/images/PUBLIC_INFRASTRUCTURE/public_infrastructure_0034.jpg,public_infrastructure_0034.jpg,PUBLIC_INFRASTRUCTURE,5
processed/images/WASTE_MANAGEMENT/waste_management_0275.jpg,waste_management_0275.jpg,WASTE_MANAGEMENT,3
processed/images/ROADS/roads_0031.jpeg,roads_0031.jpeg,ROADS,0
processed/images/STREET_LIGHTING/street_lighting_0963.jpg,street_lighting_0963.jpg,STREET_LIGHTING,1
processed/images/TREES_ENVIRONMENT/trees_environment_0429.jpg,trees_environment_0429.jpg,TREES_ENVIRONMENT,4
processed/images/TREES_ENVIRONMENT/trees_environment_1167.jpg,trees_environment_1167.jpg,TREES_ENVIRONMENT,4
processed/images/TREES_ENVIRONMENT/trees_environment_0494.jpg,trees_environment_0494.jpg,TREES_ENVIRONMENT,4
processed/images/PUBLIC_INFRASTRUCTURE/public_infrastructure_1071.jpg,public_infrastructure_1071.jpg,PUBLIC_INFRASTRUCTURE,5
processed/images/WASTE_MANAGEMENT/waste_management_0848.jpg,waste_management_0848.jpg,WASTE_MANAGEMENT,3
processed/images/PUBLIC_INFRASTRUCTURE/public_infrastructure_0290.jpg,public_infrastructure_0290.jpg,PUBLIC_INFRASTRUCTURE,5
processed/images/ROADS/roads_1657.png,roads_1657.png,ROADS,0
processed/images/STREET_LIGHTING/street_lighting_0681.jpg,street_lighting_0681.jpg,STREET_LIGHTING,1
processed/images/TREES_ENVIRONMENT/trees_environment_1526.jpg,trees_environment_1526.jpg,TREES_ENVIRONMENT,4
processed/images/WASTE_MANAGEMENT/waste_management_0271.jpg,waste_management_0271.jpg,WASTE_MANAGEMENT,3
processed/images/TREES_ENVIRONMENT/trees_environment_0846.jpg,trees_environment_0846.jpg,TREES_ENVIRONMENT,4
processed/images/PUBLIC_INFRASTRUCTURE/public_infrastructure_1228.jpg,public_infrastructure_1228.jpg,PUBLIC_INFRASTRUCTURE,5
processed/images/WASTE_MANAGEMENT/waste_management_0408.jpg,waste_management_0408.jpg,WASTE_MANAGEMENT,3
processed/images/TREES_ENVIRONMENT/trees_environment_1111.jpg,trees_environment_1111.jpg,TREES_ENVIRONMENT,4
processed/images/TREES_ENVIRONMENT/trees_environment_1220.jpg,trees_environment_1220.jpg,TREES_ENVIRONMENT,4
processed/images/ROADS/roads_0804.jpg,roads_0804.jpg,ROADS,0
processed/images/TREES_ENVIRONMENT/trees_environment_1018.jpg,trees_environment_1018.jpg,TREES_ENVIRONMENT,4
processed/images/ROADS/roads_1095.jpg,roads_1095.jpg,ROADS,0
processed/images/PUBLIC_INFRASTRUCTURE/public_infrastructure_1051.jpg,public_infrastructure_1051.jpg,PUBLIC_INFRASTRUCTURE,5
processed/images/TREES_ENVIRONMENT/trees_environment_0289.jpg,trees_environment_0289.jpg,TREES_ENVIRONMENT,4
processed/images/WASTE_MANAGEMENT/waste_management_0442.jpg,waste_management_0442.jpg,WASTE_MANAGEMENT,3
processed/images/TREES_ENVIRONMENT/trees_environment_1536.jpg,trees_environment_1536.jpg,TREES_ENVIRONMENT,4
processed/images/PUBLIC_INFRASTRUCTURE/public_infrastructure_0255.jpg,public_infrastructure_0255.jpg,PUBLIC_INFRASTRUCTURE,5
processed/images/WASTE_MANAGEMENT/waste_management_0352.jpg,waste_management_0352.jpg,WASTE_MANAGEMENT,3
processed/images/STREET_LIGHTING/street_lighting_0309.jpg,street_lighting_0309.jpg,STREET_LIGHTING,1
processed/images/STREET_LIGHTING/street_lighting_0003.jpg,street_lighting_0003.jpg,STREET_LIGHTING,1
processed/images/TREES_ENVIRONMENT/trees_environment_1056.jpg,trees_environment_1056.jpg,TREES_ENVIRONMENT,4
processed/images/ROADS/roads_0667.jpg,roads_0667.jpg,ROADS,0
processed/images/WASTE_MANAGEMENT/waste_management_0243.jpg,waste_management_0243.jpg,WASTE_MANAGEMENT,3
processed/images/TREES_ENVIRONMENT/trees_environment_1335.jpg,trees_environment_1335.jpg,TREES_ENVIRONMENT,4
processed/images/PUBLIC_INFRASTRUCTURE/public_infrastructure_1145.jpg,public_infrastructure_1145.jpg,PUBLIC_INFRASTRUCTURE,5
processed/images/TREES_ENVIRONMENT/trees_environment_1157.jpg,trees_environment_1157.jpg,TREES_ENVIRONMENT,4
processed/images/ROADS/roads_0653.jpg,roads_0653.jpg,ROADS,0
processed/images/ROADS/roads_0932.jpg,roads_0932.jpg,ROADS,0
processed/images/TREES_ENVIRONMENT/trees_environment_1303.jpg,trees_environment_1303.jpg,TREES_ENVIRONMENT,4
processed/images/PUBLIC_INFRASTRUCTURE/public_infrastructure_0129.jpg,public_infrastructure_0129.jpg,PUBLIC_INFRASTRUCTURE,5
processed/images/ROADS/roads_1158.jpg,roads_1158.jpg,ROADS,0
processed/images/ROADS/roads_1114.jpg,roads_1114.jpg,ROADS,0
processed/images/WASTE_MANAGEMENT/waste_management_0113.jpg,waste_management_0113.jpg,WASTE_MANAGEMENT,3
processed/images/PUBLIC_INFRASTRUCTURE/public_infrastructure_0066.jpg,public_infrastructure_0066.jpg,PUBLIC_INFRASTRUCTURE,5
processed/images/ROADS/roads_0670.jpg,roads_0670.jpg,ROADS,0
processed/images/ROADS/roads_1514.png,roads_1514.png,ROADS,0
processed/images/STREET_LIGHTING/street_lighting_0091.jpg,street_lighting_0091.jpg,STREET_LIGHTING,1
processed/images/TREES_ENVIRONMENT/trees_environment_0078.jpg,trees_environment_0078.jpg,TREES_ENVIRONMENT,4
processed/images/TREES_ENVIRONMENT/trees_environment_0049.jpg,trees_environment_0049.jpg,TREES_ENVIRONMENT,4
processed/images/WASTE_MANAGEMENT/waste_management_0383.jpg,waste_management_0383.jpg,WASTE_MANAGEMENT,3
processed/images/STREET_LIGHTING/street_lighting_1060.jpg,street_lighting_1060.jpg,STREET_LIGHTING,1
processed/images/WASTE_MANAGEMENT/waste_management_0171.jpg,waste_management_0171.jpg,WASTE_MANAGEMENT,3
processed/images/TREES_ENVIRONMENT/trees_environment_1041.jpg,trees_environment_1041.jpg,TREES_ENVIRONMENT,4
processed/images/PUBLIC_INFRASTRUCTURE/public_infrastructure_0975.jpg,public_infrastructure_0975.jpg,PUBLIC_INFRASTRUCTURE,5
processed/images/STREET_LIGHTING/street_lighting_0693.jpg,street_lighting_0693.jpg,STREET_LIGHTING,1
processed/images/TREES_ENVIRONMENT/trees_environment_1169.jpg,trees_environment_1169.jpg,TREES_ENVIRONMENT,4
processed/images/ROADS/roads_1805.png,roads_1805.png,ROADS,0
processed/images/STREET_LIGHTING/street_lighting_0035.jpg,street_lighting_0035.jpg,STREET_LIGHTING,1
processed/images/PUBLIC_INFRASTRUCTURE/public_infrastructure_0285.jpg,public_infrastructure_0285.jpg,PUBLIC_INFRASTRUCTURE,5
processed/images/PUBLIC_INFRASTRUCTURE/public_infrastructure_0582.jpg,public_infrastructure_0582.jpg,PUBLIC_INFRASTRUCTURE,5
processed/images/ROADS/roads_1772.png,roads_1772.png,ROADS,0
processed/images/TREES_ENVIRONMENT/trees_environment_0186.jpg,trees_environment_0186.jpg,TREES_ENVIRONMENT,4
processed/images/PUBLIC_INFRASTRUCTURE/public_infrastructure_0562.jpg,public_infrastructure_0562.jpg,PUBLIC_INFRASTRUCTURE,5
processed/images/TREES_ENVIRONMENT/trees_environment_0760.jpg,trees_environment_0760.jpg,TREES_ENVIRONMENT,4
processed/images/TREES_ENVIRONMENT/trees_environment_0600.jpg,trees_environment_0600.jpg,TREES_ENVIRONMENT,4
processed/images/PUBLIC_INFRASTRUCTURE/public_infrastructure_0433.jpg,public_infrastructure_0433.jpg,PUBLIC_INFRASTRUCTURE,5
processed/images/STREET_LIGHTING/street_lighting_0690.jpg,street_lighting_0690.jpg,STREET_LIGHTING,1
processed/images/PUBLIC_INFRASTRUCTURE/public_infrastructure_1191.jpg,public_infrastructure_1191.jpg,PUBLIC_INFRASTRUCTURE,5
processed/images/ROADS/roads_0640.jpg,roads_0640.jpg,ROADS,0
processed/images/TREES_ENVIRONMENT/trees_environment_1276.jpg,trees_environment_1276.jpg,TREES_ENVIRONMENT,4
processed/images/ROADS/roads_0452.jpg,roads_0452.jpg,ROADS,0
processed/images/PUBLIC_INFRASTRUCTURE/public_infrastructure_1282.jpg,public_infrastructure_1282.jpg,PUBLIC_INFRASTRUCTURE,5
processed/images/WATER_DRAINAGE/water_drainage_0307.jpg,water_drainage_0307.jpg,WATER_DRAINAGE,2
processed/images/ROADS/roads_1476.png,roads_1476.png,ROADS,0
processed/images/WASTE_MANAGEMENT/waste_management_0692.jpg,waste_management_0692.jpg,WASTE_MANAGEMENT,3
processed/images/PUBLIC_INFRASTRUCTURE/public_infrastructure_1183.jpg,public_infrastructure_1183.jpg,PUBLIC_INFRASTRUCTURE,5
processed/images/TREES_ENVIRONMENT/trees_environment_1446.jpg,trees_environment_1446.jpg,TREES_ENVIRONMENT,4
processed/images/ROADS/roads_0322.jpg,roads_0322.jpg,ROADS,0
processed/images/ROADS/roads_1293.png,roads_1293.png,ROADS,0
processed/images/TREES_ENVIRONMENT/trees_environment_0763.jpg,trees_environment_0763.jpg,TREES_ENVIRONMENT,4
processed/images/ROADS/roads_1117.jpg,roads_1117.jpg,ROADS,0
processed/images/ROADS/roads_0393.jpg,roads_0393.jpg,ROADS,0
processed/images/TREES_ENVIRONMENT/trees_environment_0919.jpg,trees_environment_0919.jpg,TREES_ENVIRONMENT,4
processed/images/WATER_DRAINAGE/water_drainage_0313.jpg,water_drainage_0313.jpg,WATER_DRAINAGE,2
processed/images/WATER_DRAINAGE/water_drainage_0353.jpg,water_drainage_0353.jpg,WATER_DRAINAGE,2
processed/images/ROADS/roads_0538.jpg,roads_0538.jpg,ROADS,0
processed/images/WATER_DRAINAGE/water_drainage_0405.jpg,water_drainage_0405.jpg,WATER_DRAINAGE,2
processed/images/WATER_DRAINAGE/water_drainage_0175.jpg,water_drainage_0175.jpg,WATER_DRAINAGE,2
processed/images/ROADS/roads_1104.jpg,roads_1104.jpg,ROADS,0
processed/images/ROADS/roads_0917.jpg,roads_0917.jpg,ROADS,0
processed/images/WATER_DRAINAGE/water_drainage_0113.jpg,water_drainage_0113.jpg,WATER_DRAINAGE,2
processed/images/TREES_ENVIRONMENT/trees_environment_0706.jpg,trees_environment_0706.jpg,TREES_ENVIRONMENT,4
processed/images/STREET_LIGHTING/street_lighting_0210.jpg,street_lighting_0210.jpg,STREET_LIGHTING,1
processed/images/TREES_ENVIRONMENT/trees_environment_0497.jpg,trees_environment_0497.jpg,TREES_ENVIRONMENT,4
processed/images/ROADS/roads_1331.png,roads_1331.png,ROADS,0
processed/images/ROADS/roads_1843.png,roads_1843.png,ROADS,0
processed/images/PUBLIC_INFRASTRUCTURE/public_infrastructure_0675.jpg,public_infrastructure_0675.jpg,PUBLIC_INFRASTRUCTURE,5
processed/images/WASTE_MANAGEMENT/waste_management_0466.jpg,waste_management_0466.jpg,WASTE_MANAGEMENT,3
processed/images/TREES_ENVIRONMENT/trees_environment_0165.jpg,trees_environment_0165.jpg,TREES_ENVIRONMENT,4
processed/images/ROADS/roads_1119.jpg,roads_1119.jpg,ROADS,0
processed/images/PUBLIC_INFRASTRUCTURE/public_infrastructure_1103.jpg,public_infrastructure_1103.jpg,PUBLIC_INFRASTRUCTURE,5
processed/images/PUBLIC_INFRASTRUCTURE/public_infrastructure_0586.jpg,public_infrastructure_0586.jpg,PUBLIC_INFRASTRUCTURE,5
processed/images/PUBLIC_INFRASTRUCTURE/public_infrastructure_1023.jpg,public_infrastructure_1023.jpg,PUBLIC_INFRASTRUCTURE,5
processed/images/WATER_DRAINAGE/water_drainage_0180.jpg,water_drainage_0180.jpg,WATER_DRAINAGE,2
processed/images/STREET_LIGHTING/street_lighting_0036.jpg,street_lighting_0036.jpg,STREET_LIGHTING,1
processed/images/PUBLIC_INFRASTRUCTURE/public_infrastructure_1303.jpg,public_infrastructure_1303.jpg,PUBLIC_INFRASTRUCTURE,5
processed/images/TREES_ENVIRONMENT/trees_environment_0747.jpg,trees_environment_0747.jpg,TREES_ENVIRONMENT,4
processed/images/PUBLIC_INFRASTRUCTURE/public_infrastructure_0368.jpg,public_infrastructure_0368.jpg,PUBLIC_INFRASTRUCTURE,5
processed/images/ROADS/roads_1685.png,roads_1685.png,ROADS,0
processed/images/WASTE_MANAGEMENT/waste_management_0681.jpg,waste_management_0681.jpg,WASTE_MANAGEMENT,3
processed/images/STREET_LIGHTING/street_lighting_1127.jpg,street_lighting_1127.jpg,STREET_LIGHTING,1
processed/images/ROADS/roads_1284.png,roads_1284.png,ROADS,0
processed/images/ROADS/roads_0697.jpg,roads_0697.jpg,ROADS,0
processed/images/ROADS/roads_1497.png,roads_1497.png,ROADS,0
processed/images/TREES_ENVIRONMENT/trees_environment_0058.jpg,trees_environment_0058.jpg,TREES_ENVIRONMENT,4
processed/images/ROADS/roads_0382.jpg,roads_0382.jpg,ROADS,0
processed/images/PUBLIC_INFRASTRUCTURE/public_infrastructure_0358.jpg,public_infrastructure_0358.jpg,PUBLIC_INFRASTRUCTURE,5
processed/images/STREET_LIGHTING/street_lighting_0595.jpg,street_lighting_0595.jpg,STREET_LIGHTING,1
processed/images/ROADS/roads_1839.png,roads_1839.png,ROADS,0
processed/images/PUBLIC_INFRASTRUCTURE/public_infrastructure_0111.jpg,public_infrastructure_0111.jpg,PUBLIC_INFRASTRUCTURE,5
processed/images/PUBLIC_INFRASTRUCTURE/public_infrastructure_1446.jpg,public_infrastructure_1446.jpg,PUBLIC_INFRASTRUCTURE,5
processed/images/STREET_LIGHTING/street_lighting_0803.jpg,street_lighting_0803.jpg,STREET_LIGHTING,1
processed/images/PUBLIC_INFRASTRUCTURE/public_infrastructure_0269.jpg,public_infrastructure_0269.jpg,PUBLIC_INFRASTRUCTURE,5
processed/images/STREET_LIGHTING/street_lighting_0172.jpg,street_lighting_0172.jpg,STREET_LIGHTING,1
processed/images/ROADS/roads_1196.jpg,roads_1196.jpg,ROADS,0
processed/images/STREET_LIGHTING/street_lighting_0086.jpg,street_lighting_0086.jpg,STREET_LIGHTING,1
processed/images/ROADS/roads_1274.png,roads_1274.png,ROADS,0
processed/images/ROADS/roads_1627.png,roads_1627.png,ROADS,0
processed/images/TREES_ENVIRONMENT/trees_environment_0761.jpg,trees_environment_0761.jpg,TREES_ENVIRONMENT,4
processed/images/WASTE_MANAGEMENT/waste_management_0125.jpg,waste_management_0125.jpg,WASTE_MANAGEMENT,3
processed/images/PUBLIC_INFRASTRUCTURE/public_infrastructure_1358.jpg,public_infrastructure_1358.jpg,PUBLIC_INFRASTRUCTURE,5
processed/images/TREES_ENVIRONMENT/trees_environment_0642.jpg,trees_environment_0642.jpg,TREES_ENVIRONMENT,4
processed/images/TREES_ENVIRONMENT/trees_environment_0103.jpg,trees_environment_0103.jpg,TREES_ENVIRONMENT,4
processed/images/TREES_ENVIRONMENT/trees_environment_1182.jpg,trees_environment_1182.jpg,TREES_ENVIRONMENT,4
processed/images/PUBLIC_INFRASTRUCTURE/public_infrastructure_0911.jpg,public_infrastructure_0911.jpg,PUBLIC_INFRASTRUCTURE,5
processed/images/ROADS/roads_1244.jpg,roads_1244.jpg,ROADS,0
processed/images/TREES_ENVIRONMENT/trees_environment_0881.jpg,trees_environment_0881.jpg,TREES_ENVIRONMENT,4
processed/images/ROADS/roads_0509.jpg,roads_0509.jpg,ROADS,0
processed/images/WASTE_MANAGEMENT/waste_management_0859.jpg,waste_management_0859.jpg,WASTE_MANAGEMENT,3
processed/images/ROADS/roads_1020.jpg,roads_1020.jpg,ROADS,0
processed/images/ROADS/roads_0756.jpg,roads_0756.jpg,ROADS,0
processed/images/ROADS/roads_0345.jpg,roads_0345.jpg,ROADS,0
processed/images/TREES_ENVIRONMENT/trees_environment_0023.jpg,trees_environment_0023.jpg,TREES_ENVIRONMENT,4
processed/images/TREES_ENVIRONMENT/trees_environment_0569.jpg,trees_environment_0569.jpg,TREES_ENVIRONMENT,4
processed/images/STREET_LIGHTING/street_lighting_0168.jpg,street_lighting_0168.jpg,STREET_LIGHTING,1
processed/images/ROADS/roads_1452.png,roads_1452.png,ROADS,0
processed/images/PUBLIC_INFRASTRUCTURE/public_infrastructure_1112.jpg,public_infrastructure_1112.jpg,PUBLIC_INFRASTRUCTURE,5
processed/images/TREES_ENVIRONMENT/trees_environment_0203.jpg,trees_environment_0203.jpg,TREES_ENVIRONMENT,4
processed/images/TREES_ENVIRONMENT/trees_environment_0731.jpg,trees_environment_0731.jpg,TREES_ENVIRONMENT,4
processed/images/ROADS/roads_1480.png,roads_1480.png,ROADS,0
processed/images/TREES_ENVIRONMENT/trees_environment_0304.jpg,trees_environment_0304.jpg,TREES_ENVIRONMENT,4
processed/images/TREES_ENVIRONMENT/trees_environment_0525.jpg,trees_environment_0525.jpg,TREES_ENVIRONMENT,4
processed/images/STREET_LIGHTING/street_lighting_0778.jpg,street_lighting_0778.jpg,STREET_LIGHTING,1
processed/images/WASTE_MANAGEMENT/waste_management_0370.jpg,waste_management_0370.jpg,WASTE_MANAGEMENT,3
processed/images/TREES_ENVIRONMENT/trees_environment_0319.jpg,trees_environment_0319.jpg,TREES_ENVIRONMENT,4
processed/images/ROADS/roads_0271.jpg,roads_0271.jpg,ROADS,0
processed/images/TREES_ENVIRONMENT/trees_environment_0377.jpg,trees_environment_0377.jpg,TREES_ENVIRONMENT,4
processed/images/ROADS/roads_1318.png,roads_1318.png,ROADS,0
processed/images/TREES_ENVIRONMENT/trees_environment_1217.jpg,trees_environment_1217.jpg,TREES_ENVIRONMENT,4
processed/images/PUBLIC_INFRASTRUCTURE/public_infrastructure_0734.jpg,public_infrastructure_0734.jpg,PUBLIC_INFRASTRUCTURE,5
processed/images/TREES_ENVIRONMENT/trees_environment_0182.jpg,trees_environment_0182.jpg,TREES_ENVIRONMENT,4
processed/images/WASTE_MANAGEMENT/waste_management_0394.jpg,waste_management_0394.jpg,WASTE_MANAGEMENT,3
processed/images/WASTE_MANAGEMENT/waste_management_0459.jpg,waste_management_0459.jpg,WASTE_MANAGEMENT,3
processed/images/PUBLIC_INFRASTRUCTURE/public_infrastructure_0579.jpg,public_infrastructure_0579.jpg,PUBLIC_INFRASTRUCTURE,5
processed/images/TREES_ENVIRONMENT/trees_environment_1227.jpg,trees_environment_1227.jpg,TREES_ENVIRONMENT,4
processed/images/PUBLIC_INFRASTRUCTURE/public_infrastructure_0136.jpg,public_infrastructure_0136.jpg,PUBLIC_INFRASTRUCTURE,5
processed/images/WASTE_MANAGEMENT/waste_management_0586.jpg,waste_management_0586.jpg,WASTE_MANAGEMENT,3
processed/images/PUBLIC_INFRASTRUCTURE/public_infrastructure_1068.jpg,public_infrastructure_1068.jpg,PUBLIC_INFRASTRUCTURE,5
processed/images/STREET_LIGHTING/street_lighting_0216.jpg,street_lighting_0216.jpg,STREET_LIGHTING,1
processed/images/PUBLIC_INFRASTRUCTURE/public_infrastructure_0618.jpg,public_infrastructure_0618.jpg,PUBLIC_INFRASTRUCTURE,5
processed/images/TREES_ENVIRONMENT/trees_environment_0017.jpg,trees_environment_0017.jpg,TREES_ENVIRONMENT,4
processed/images/PUBLIC_INFRASTRUCTURE/public_infrastructure_0917.jpg,public_infrastructure_0917.jpg,PUBLIC_INFRASTRUCTURE,5
processed/images/STREET_LIGHTING/street_lighting_0054.jpg,street_lighting_0054.jpg,STREET_LIGHTING,1
processed/images/WASTE_MANAGEMENT/waste_management_0277.jpg,waste_management_0277.jpg,WASTE_MANAGEMENT,3
processed/images/TREES_ENVIRONMENT/trees_environment_0956.jpg,trees_environment_0956.jpg,TREES_ENVIRONMENT,4
processed/images/PUBLIC_INFRASTRUCTURE/public_infrastructure_1480.jpg,public_infrastructure_1480.jpg,PUBLIC_INFRASTRUCTURE,5
processed/images/ROADS/roads_1667.png,roads_1667.png,ROADS,0
processed/images/ROADS/roads_0412.jpg,roads_0412.jpg,ROADS,0
processed/images/WASTE_MANAGEMENT/waste_management_0606.jpg,waste_management_0606.jpg,WASTE_MANAGEMENT,3
processed/images/ROADS/roads_0551.jpg,roads_0551.jpg,ROADS,0
processed/images/WATER_DRAINAGE/water_drainage_0153.jpg,water_drainage_0153.jpg,WATER_DRAINAGE,2
processed/images/PUBLIC_INFRASTRUCTURE/public_infrastructure_1165.jpg,public_infrastructure_1165.jpg,PUBLIC_INFRASTRUCTURE,5
processed/images/WASTE_MANAGEMENT/waste_management_0332.jpg,waste_management_0332.jpg,WASTE_MANAGEMENT,3
processed/images/PUBLIC_INFRASTRUCTURE/public_infrastructure_0176.jpg,public_infrastructure_0176.jpg,PUBLIC_INFRASTRUCTURE,5
processed/images/ROADS/roads_0760.jpg,roads_0760.jpg,ROADS,0
processed/images/WASTE_MANAGEMENT/waste_management_0139.jpg,waste_management_0139.jpg,WASTE_MANAGEMENT,3
processed/images/TREES_ENVIRONMENT/trees_environment_0257.jpg,trees_environment_0257.jpg,TREES_ENVIRONMENT,4
processed/images/ROADS/roads_0892.jpg,roads_0892.jpg,ROADS,0
processed/images/ROADS/roads_1417.png,roads_1417.png,ROADS,0
processed/images/ROADS/roads_1172.jpg,roads_1172.jpg,ROADS,0
processed/images/ROADS/roads_0183.jpg,roads_0183.jpg,ROADS,0
processed/images/STREET_LIGHTING/street_lighting_0317.jpg,street_lighting_0317.jpg,STREET_LIGHTING,1
processed/images/PUBLIC_INFRASTRUCTURE/public_infrastructure_0751.jpg,public_infrastructure_0751.jpg,PUBLIC_INFRASTRUCTURE,5
processed/images/ROADS/roads_1034.jpg,roads_1034.jpg,ROADS,0
processed/images/WASTE_MANAGEMENT/waste_management_0898.jpg,waste_management_0898.jpg,WASTE_MANAGEMENT,3
processed/images/ROADS/roads_0883.jpg,roads_0883.jpg,ROADS,0
processed/images/PUBLIC_INFRASTRUCTURE/public_infrastructure_0768.jpg,public_infrastructure_0768.jpg,PUBLIC_INFRASTRUCTURE,5
processed/images/PUBLIC_INFRASTRUCTURE/public_infrastructure_0171.jpg,public_infrastructure_0171.jpg,PUBLIC_INFRASTRUCTURE,5
processed/images/STREET_LIGHTING/street_lighting_0217.jpg,street_lighting_0217.jpg,STREET_LIGHTING,1
processed/images/STREET_LIGHTING/street_lighting_0302.jpg,street_lighting_0302.jpg,STREET_LIGHTING,1
processed/images/ROADS/roads_0671.jpg,roads_0671.jpg,ROADS,0
processed/images/TREES_ENVIRONMENT/trees_environment_0442.jpg,trees_environment_0442.jpg,TREES_ENVIRONMENT,4
processed/images/WASTE_MANAGEMENT/waste_management_0745.jpg,waste_management_0745.jpg,WASTE_MANAGEMENT,3
processed/images/STREET_LIGHTING/street_lighting_0076.jpg,street_lighting_0076.jpg,STREET_LIGHTING,1
processed/images/STREET_LIGHTING/street_lighting_0741.jpg,street_lighting_0741.jpg,STREET_LIGHTING,1
processed/images/PUBLIC_INFRASTRUCTURE/public_infrastructure_0759.jpg,public_infrastructure_0759.jpg,PUBLIC_INFRASTRUCTURE,5
processed/images/TREES_ENVIRONMENT/trees_environment_1020.jpg,trees_environment_1020.jpg,TREES_ENVIRONMENT,4
processed/images/PUBLIC_INFRASTRUCTURE/public_infrastructure_0389.jpg,public_infrastructure_0389.jpg,PUBLIC_INFRASTRUCTURE,5
processed/images/TREES_ENVIRONMENT/trees_environment_1533.jpg,trees_environment_1533.jpg,TREES_ENVIRONMENT,4
processed/images/PUBLIC_INFRASTRUCTURE/public_infrastructure_1009.jpg,public_infrastructure_1009.jpg,PUBLIC_INFRASTRUCTURE,5
processed/images/WASTE_MANAGEMENT/waste_management_0003.jpg,waste_management_0003.jpg,WASTE_MANAGEMENT,3
processed/images/TREES_ENVIRONMENT/trees_environment_1234.jpg,trees_environment_1234.jpg,TREES_ENVIRONMENT,4
processed/images/WASTE_MANAGEMENT/waste_management_0817.jpg,waste_management_0817.jpg,WASTE_MANAGEMENT,3
processed/images/STREET_LIGHTING/street_lighting_0411.jpg,street_lighting_0411.jpg,STREET_LIGHTING,1
processed/images/WATER_DRAINAGE/water_drainage_0008.jpg,water_drainage_0008.jpg,WATER_DRAINAGE,2
processed/images/TREES_ENVIRONMENT/trees_environment_0084.jpg,trees_environment_0084.jpg,TREES_ENVIRONMENT,4
processed/images/TREES_ENVIRONMENT/trees_environment_0111.jpg,trees_environment_0111.jpg,TREES_ENVIRONMENT,4
processed/images/TREES_ENVIRONMENT/trees_environment_0067.jpg,trees_environment_0067.jpg,TREES_ENVIRONMENT,4
processed/images/ROADS/roads_0815.jpg,roads_0815.jpg,ROADS,0
processed/images/WATER_DRAINAGE/water_drainage_0323.jpg,water_drainage_0323.jpg,WATER_DRAINAGE,2
processed/images/TREES_ENVIRONMENT/trees_environment_1616.jpg,trees_environment_1616.jpg,TREES_ENVIRONMENT,4
processed/images/WASTE_MANAGEMENT/waste_management_0620.jpg,waste_management_0620.jpg,WASTE_MANAGEMENT,3
processed/images/TREES_ENVIRONMENT/trees_environment_1285.jpg,trees_environment_1285.jpg,TREES_ENVIRONMENT,4
processed/images/ROADS/roads_1364.png,roads_1364.png,ROADS,0
processed/images/ROADS/roads_0260.jpg,roads_0260.jpg,ROADS,0
processed/images/PUBLIC_INFRASTRUCTURE/public_infrastructure_0845.jpg,public_infrastructure_0845.jpg,PUBLIC_INFRASTRUCTURE,5
processed/images/PUBLIC_INFRASTRUCTURE/public_infrastructure_0923.jpg,public_infrastructure_0923.jpg,PUBLIC_INFRASTRUCTURE,5
processed/images/TREES_ENVIRONMENT/trees_environment_0559.jpg,trees_environment_0559.jpg,TREES_ENVIRONMENT,4
processed/images/PUBLIC_INFRASTRUCTURE/public_infrastructure_0656.jpg,public_infrastructure_0656.jpg,PUBLIC_INFRASTRUCTURE,5
processed/images/WASTE_MANAGEMENT/waste_management_0901.jpg,waste_management_0901.jpg,WASTE_MANAGEMENT,3
processed/images/ROADS/roads_1578.png,roads_1578.png,ROADS,0
processed/images/TREES_ENVIRONMENT/trees_environment_1369.jpg,trees_environment_1369.jpg,TREES_ENVIRONMENT,4
processed/images/STREET_LIGHTING/street_lighting_0079.jpg,street_lighting_0079.jpg,STREET_LIGHTING,1
processed/images/TREES_ENVIRONMENT/trees_environment_0167.jpg,trees_environment_0167.jpg,TREES_ENVIRONMENT,4
processed/images/PUBLIC_INFRASTRUCTURE/public_infrastructure_0943.jpg,public_infrastructure_0943.jpg,PUBLIC_INFRASTRUCTURE,5
processed/images/TREES_ENVIRONMENT/trees_environment_0159.jpg,trees_environment_0159.jpg,TREES_ENVIRONMENT,4
processed/images/PUBLIC_INFRASTRUCTURE/public_infrastructure_1007.jpg,public_infrastructure_1007.jpg,PUBLIC_INFRASTRUCTURE,5
processed/images/WATER_DRAINAGE/water_drainage_0050.jpg,water_drainage_0050.jpg,WATER_DRAINAGE,2
processed/images/ROADS/roads_0126.jpg,roads_0126.jpg,ROADS,0
processed/images/ROADS/roads_1525.png,roads_1525.png,ROADS,0
processed/images/STREET_LIGHTING/street_lighting_0033.jpg,street_lighting_0033.jpg,STREET_LIGHTING,1
processed/images/WASTE_MANAGEMENT/waste_management_0674.jpg,waste_management_0674.jpg,WASTE_MANAGEMENT,3
processed/images/ROADS/roads_1809.png,roads_1809.png,ROADS,0
processed/images/STREET_LIGHTING/street_lighting_0615.jpg,street_lighting_0615.jpg,STREET_LIGHTING,1
processed/images/ROADS/roads_0138.jpg,roads_0138.jpg,ROADS,0
processed/images/STREET_LIGHTING/street_lighting_0792.jpg,street_lighting_0792.jpg,STREET_LIGHTING,1
processed/images/PUBLIC_INFRASTRUCTURE/public_infrastructure_1490.jpg,public_infrastructure_1490.jpg,PUBLIC_INFRASTRUCTURE,5
processed/images/STREET_LIGHTING/street_lighting_0630.jpg,street_lighting_0630.jpg,STREET_LIGHTING,1
processed/images/ROADS/roads_1655.png,roads_1655.png,ROADS,0
processed/images/ROADS/roads_1189.jpg,roads_1189.jpg,ROADS,0
processed/images/WATER_DRAINAGE/water_drainage_0276.jpg,water_drainage_0276.jpg,WATER_DRAINAGE,2
processed/images/ROADS/roads_0722.jpg,roads_0722.jpg,ROADS,0
processed/images/TREES_ENVIRONMENT/trees_environment_1189.jpg,trees_environment_1189.jpg,TREES_ENVIRONMENT,4
processed/images/WASTE_MANAGEMENT/waste_management_0433.jpg,waste_management_0433.jpg,WASTE_MANAGEMENT,3
processed/images/WATER_DRAINAGE/water_drainage_0371.jpg,water_drainage_0371.jpg,WATER_DRAINAGE,2
processed/images/PUBLIC_INFRASTRUCTURE/public_infrastructure_1248.jpg,public_infrastructure_1248.jpg,PUBLIC_INFRASTRUCTURE,5
processed/images/STREET_LIGHTING/street_lighting_0740.jpg,street_lighting_0740.jpg,STREET_LIGHTING,1
processed/images/PUBLIC_INFRASTRUCTURE/public_infrastructure_0558.jpg,public_infrastructure_0558.jpg,PUBLIC_INFRASTRUCTURE,5
processed/images/TREES_ENVIRONMENT/trees_environment_0142.jpg,trees_environment_0142.jpg,TREES_ENVIRONMENT,4
processed/images/ROADS/roads_0855.jpg,roads_0855.jpg,ROADS,0
processed/images/TREES_ENVIRONMENT/trees_environment_0052.jpg,trees_environment_0052.jpg,TREES_ENVIRONMENT,4
processed/images/ROADS/roads_1666.png,roads_1666.png,ROADS,0
processed/images/PUBLIC_INFRASTRUCTURE/public_infrastructure_0908.jpg,public_infrastructure_0908.jpg,PUBLIC_INFRASTRUCTURE,5
processed/images/WASTE_MANAGEMENT/waste_management_0728.jpg,waste_management_0728.jpg,WASTE_MANAGEMENT,3
processed/images/WASTE_MANAGEMENT/waste_management_0396.jpg,waste_management_0396.jpg,WASTE_MANAGEMENT,3
processed/images/ROADS/roads_0747.jpg,roads_0747.jpg,ROADS,0
processed/images/WASTE_MANAGEMENT/waste_management_0131.jpg,waste_management_0131.jpg,WASTE_MANAGEMENT,3
processed/images/STREET_LIGHTING/street_lighting_0709.jpg,street_lighting_0709.jpg,STREET_LIGHTING,1
processed/images/WASTE_MANAGEMENT/waste_management_0504.jpg,waste_management_0504.jpg,WASTE_MANAGEMENT,3
processed/images/TREES_ENVIRONMENT/trees_environment_0105.jpg,trees_environment_0105.jpg,TREES_ENVIRONMENT,4
processed/images/ROADS/roads_0597.jpg,roads_0597.jpg,ROADS,0
processed/images/ROADS/roads_1906.png,roads_1906.png,ROADS,0
processed/images/PUBLIC_INFRASTRUCTURE/public_infrastructure_1186.jpg,public_infrastructure_1186.jpg,PUBLIC_INFRASTRUCTURE,5
processed/images/TREES_ENVIRONMENT/trees_environment_0294.jpg,trees_environment_0294.jpg,TREES_ENVIRONMENT,4
processed/images/TREES_ENVIRONMENT/trees_environment_0842.jpg,trees_environment_0842.jpg,TREES_ENVIRONMENT,4
processed/images/PUBLIC_INFRASTRUCTURE/public_infrastructure_1221.jpg,public_infrastructure_1221.jpg,PUBLIC_INFRASTRUCTURE,5
processed/images/STREET_LIGHTING/street_lighting_0926.jpg,street_lighting_0926.jpg,STREET_LIGHTING,1
processed/images/WASTE_MANAGEMENT/waste_management_0323.jpg,waste_management_0323.jpg,WASTE_MANAGEMENT,3
processed/images/WASTE_MANAGEMENT/waste_management_0173.jpg,waste_management_0173.jpg,WASTE_MANAGEMENT,3
processed/images/WASTE_MANAGEMENT/waste_management_0534.jpg,waste_management_0534.jpg,WASTE_MANAGEMENT,3
processed/images/PUBLIC_INFRASTRUCTURE/public_infrastructure_1209.jpg,public_infrastructure_1209.jpg,PUBLIC_INFRASTRUCTURE,5
processed/images/PUBLIC_INFRASTRUCTURE/public_infrastructure_0145.jpg,public_infrastructure_0145.jpg,PUBLIC_INFRASTRUCTURE,5
processed/images/ROADS/roads_0546.jpg,roads_0546.jpg,ROADS,0
processed/images/PUBLIC_INFRASTRUCTURE/public_infrastructure_0583.jpg,public_infrastructure_0583.jpg,PUBLIC_INFRASTRUCTURE,5
processed/images/TREES_ENVIRONMENT/trees_environment_1490.jpg,trees_environment_1490.jpg,TREES_ENVIRONMENT,4
processed/images/PUBLIC_INFRASTRUCTURE/public_infrastructure_0105.jpg,public_infrastructure_0105.jpg,PUBLIC_INFRASTRUCTURE,5
processed/images/PUBLIC_INFRASTRUCTURE/public_infrastructure_0106.jpg,public_infrastructure_0106.jpg,PUBLIC_INFRASTRUCTURE,5
processed/images/PUBLIC_INFRASTRUCTURE/public_infrastructure_0378.jpg,public_infrastructure_0378.jpg,PUBLIC_INFRASTRUCTURE,5
processed/images/ROADS/roads_0806.jpg,roads_0806.jpg,ROADS,0
processed/images/TREES_ENVIRONMENT/trees_environment_0467.jpg,trees_environment_0467.jpg,TREES_ENVIRONMENT,4
processed/images/STREET_LIGHTING/street_lighting_0664.jpg,street_lighting_0664.jpg,STREET_LIGHTING,1
processed/images/TREES_ENVIRONMENT/trees_environment_0664.jpg,trees_environment_0664.jpg,TREES_ENVIRONMENT,4
processed/images/ROADS/roads_1569.png,roads_1569.png,ROADS,0
processed/images/ROADS/roads_1089.jpg,roads_1089.jpg,ROADS,0
processed/images/STREET_LIGHTING/street_lighting_0546.jpg,street_lighting_0546.jpg,STREET_LIGHTING,1
processed/images/ROADS/roads_1033.jpg,roads_1033.jpg,ROADS,0
processed/images/TREES_ENVIRONMENT/trees_environment_1103.jpg,trees_environment_1103.jpg,TREES_ENVIRONMENT,4
processed/images/TREES_ENVIRONMENT/trees_environment_0208.jpg,trees_environment_0208.jpg,TREES_ENVIRONMENT,4
processed/images/TREES_ENVIRONMENT/trees_environment_1296.jpg,trees_environment_1296.jpg,TREES_ENVIRONMENT,4
processed/images/ROADS/roads_0777.jpg,roads_0777.jpg,ROADS,0
processed/images/ROADS/roads_0262.jpg,roads_0262.jpg,ROADS,0
processed/images/ROADS/roads_1887.png,roads_1887.png,ROADS,0
processed/images/TREES_ENVIRONMENT/trees_environment_1254.jpg,trees_environment_1254.jpg,TREES_ENVIRONMENT,4
processed/images/ROADS/roads_1128.jpg,roads_1128.jpg,ROADS,0
processed/images/TREES_ENVIRONMENT/trees_environment_0836.jpg,trees_environment_0836.jpg,TREES_ENVIRONMENT,4
processed/images/PUBLIC_INFRASTRUCTURE/public_infrastructure_0616.jpg,public_infrastructure_0616.jpg,PUBLIC_INFRASTRUCTURE,5
processed/images/WATER_DRAINAGE/water_drainage_0430.jpg,water_drainage_0430.jpg,WATER_DRAINAGE,2
processed/images/TREES_ENVIRONMENT/trees_environment_1216.jpg,trees_environment_1216.jpg,TREES_ENVIRONMENT,4
processed/images/WASTE_MANAGEMENT/waste_management_0285.jpg,waste_management_0285.jpg,WASTE_MANAGEMENT,3
processed/images/STREET_LIGHTING/street_lighting_0972.jpg,street_lighting_0972.jpg,STREET_LIGHTING,1
processed/images/WATER_DRAINAGE/water_drainage_0429.jpg,water_drainage_0429.jpg,WATER_DRAINAGE,2
processed/images/ROADS/roads_1917.png,roads_1917.png,ROADS,0
processed/images/ROADS/roads_1825.png,roads_1825.png,ROADS,0
processed/images/STREET_LIGHTING/street_lighting_0710.jpg,street_lighting_0710.jpg,STREET_LIGHTING,1
processed/images/TREES_ENVIRONMENT/trees_environment_1271.jpg,trees_environment_1271.jpg,TREES_ENVIRONMENT,4
processed/images/ROADS/roads_0045.jpg,roads_0045.jpg,ROADS,0
processed/images/STREET_LIGHTING/street_lighting_0416.jpg,street_lighting_0416.jpg,STREET_LIGHTING,1
processed/images/WASTE_MANAGEMENT/waste_management_0725.jpg,waste_management_0725.jpg,WASTE_MANAGEMENT,3
processed/images/PUBLIC_INFRASTRUCTURE/public_infrastructure_1119.jpg,public_infrastructure_1119.jpg,PUBLIC_INFRASTRUCTURE,5
processed/images/PUBLIC_INFRASTRUCTURE/public_infrastructure_0887.jpg,public_infrastructure_0887.jpg,PUBLIC_INFRASTRUCTURE,5
processed/images/STREET_LIGHTING/street_lighting_0678.jpg,street_lighting_0678.jpg,STREET_LIGHTING,1
processed/images/ROADS/roads_1780.png,roads_1780.png,ROADS,0
processed/images/TREES_ENVIRONMENT/trees_environment_0181.jpg,trees_environment_0181.jpg,TREES_ENVIRONMENT,4
processed/images/WASTE_MANAGEMENT/waste_management_0085.jpg,waste_management_0085.jpg,WASTE_MANAGEMENT,3
processed/images/ROADS/roads_0305.jpg,roads_0305.jpg,ROADS,0
processed/images/PUBLIC_INFRASTRUCTURE/public_infrastructure_0044.jpg,public_infrastructure_0044.jpg,PUBLIC_INFRASTRUCTURE,5
processed/images/PUBLIC_INFRASTRUCTURE/public_infrastructure_1095.jpg,public_infrastructure_1095.jpg,PUBLIC_INFRASTRUCTURE,5
processed/images/STREET_LIGHTING/street_lighting_0072.jpg,street_lighting_0072.jpg,STREET_LIGHTING,1
processed/images/WASTE_MANAGEMENT/waste_management_0224.jpg,waste_management_0224.jpg,WASTE_MANAGEMENT,3
processed/images/ROADS/roads_0244.jpg,roads_0244.jpg,ROADS,0
processed/images/WASTE_MANAGEMENT/waste_management_0560.jpg,waste_management_0560.jpg,WASTE_MANAGEMENT,3
processed/images/ROADS/roads_0277.jpg,roads_0277.jpg,ROADS,0
processed/images/TREES_ENVIRONMENT/trees_environment_1325.jpg,trees_environment_1325.jpg,TREES_ENVIRONMENT,4
processed/images/ROADS/roads_0235.jpg,roads_0235.jpg,ROADS,0
processed/images/STREET_LIGHTING/street_lighting_0884.jpg,street_lighting_0884.jpg,STREET_LIGHTING,1
processed/images/WATER_DRAINAGE/water_drainage_0356.jpg,water_drainage_0356.jpg,WATER_DRAINAGE,2
processed/images/WASTE_MANAGEMENT/waste_management_0246.jpg,waste_management_0246.jpg,WASTE_MANAGEMENT,3
processed/images/WATER_DRAINAGE/water_drainage_0416.jpg,water_drainage_0416.jpg,WATER_DRAINAGE,2
processed/images/TREES_ENVIRONMENT/trees_environment_0117.jpg,trees_environment_0117.jpg,TREES_ENVIRONMENT,4
processed/images/TREES_ENVIRONMENT/trees_environment_0432.jpg,trees_environment_0432.jpg,TREES_ENVIRONMENT,4
processed/images/STREET_LIGHTING/street_lighting_0106.jpg,street_lighting_0106.jpg,STREET_LIGHTING,1
processed/images/WASTE_MANAGEMENT/waste_management_0163.jpg,waste_management_0163.jpg,WASTE_MANAGEMENT,3
processed/images/WATER_DRAINAGE/water_drainage_0216.jpg,water_drainage_0216.jpg,WATER_DRAINAGE,2
processed/images/ROADS/roads_0762.jpg,roads_0762.jpg,ROADS,0
processed/images/WASTE_MANAGEMENT/waste_management_0700.jpg,waste_management_0700.jpg,WASTE_MANAGEMENT,3
processed/images/STREET_LIGHTING/street_lighting_0071.jpg,street_lighting_0071.jpg,STREET_LIGHTING,1
processed/images/TREES_ENVIRONMENT/trees_environment_1500.jpg,trees_environment_1500.jpg,TREES_ENVIRONMENT,4
processed/images/STREET_LIGHTING/street_lighting_0485.jpg,street_lighting_0485.jpg,STREET_LIGHTING,1
processed/images/ROADS/roads_0504.jpg,roads_0504.jpg,ROADS,0
processed/images/WASTE_MANAGEMENT/waste_management_0640.jpg,waste_management_0640.jpg,WASTE_MANAGEMENT,3
processed/images/PUBLIC_INFRASTRUCTURE/public_infrastructure_0803.jpg,public_infrastructure_0803.jpg,PUBLIC_INFRASTRUCTURE,5
processed/images/TREES_ENVIRONMENT/trees_environment_0188.jpg,trees_environment_0188.jpg,TREES_ENVIRONMENT,4
processed/images/TREES_ENVIRONMENT/trees_environment_1004.jpg,trees_environment_1004.jpg,TREES_ENVIRONMENT,4
processed/images/STREET_LIGHTING/street_lighting_0831.jpg,street_lighting_0831.jpg,STREET_LIGHTING,1
processed/images/STREET_LIGHTING/street_lighting_0182.jpg,street_lighting_0182.jpg,STREET_LIGHTING,1
processed/images/PUBLIC_INFRASTRUCTURE/public_infrastructure_0143.jpg,public_infrastructure_0143.jpg,PUBLIC_INFRASTRUCTURE,5
processed/images/PUBLIC_INFRASTRUCTURE/public_infrastructure_0527.jpg,public_infrastructure_0527.jpg,PUBLIC_INFRASTRUCTURE,5
processed/images/PUBLIC_INFRASTRUCTURE/public_infrastructure_0866.jpg,public_infrastructure_0866.jpg,PUBLIC_INFRASTRUCTURE,5
processed/images/PUBLIC_INFRASTRUCTURE/public_infrastructure_1288.jpg,public_infrastructure_1288.jpg,PUBLIC_INFRASTRUCTURE,5
processed/images/WASTE_MANAGEMENT/waste_management_0023.jpg,waste_management_0023.jpg,WASTE_MANAGEMENT,3
processed/images/ROADS/roads_0681.jpg,roads_0681.jpg,ROADS,0
processed/images/ROADS/roads_1375.png,roads_1375.png,ROADS,0
processed/images/TREES_ENVIRONMENT/trees_environment_0146.jpg,trees_environment_0146.jpg,TREES_ENVIRONMENT,4
processed/images/ROADS/roads_0905.jpg,roads_0905.jpg,ROADS,0
processed/images/STREET_LIGHTING/street_lighting_0944.jpg,street_lighting_0944.jpg,STREET_LIGHTING,1
processed/images/PUBLIC_INFRASTRUCTURE/public_infrastructure_0158.jpg,public_infrastructure_0158.jpg,PUBLIC_INFRASTRUCTURE,5
processed/images/ROADS/roads_1739.png,roads_1739.png,ROADS,0
processed/images/PUBLIC_INFRASTRUCTURE/public_infrastructure_0246.jpg,public_infrastructure_0246.jpg,PUBLIC_INFRASTRUCTURE,5
processed/images/TREES_ENVIRONMENT/trees_environment_1406.jpg,trees_environment_1406.jpg,TREES_ENVIRONMENT,4
processed/images/STREET_LIGHTING/street_lighting_0356.jpg,street_lighting_0356.jpg,STREET_LIGHTING,1
processed/images/ROADS/roads_1000.jpg,roads_1000.jpg,ROADS,0
processed/images/WASTE_MANAGEMENT/waste_management_0731.jpg,waste_management_0731.jpg,WASTE_MANAGEMENT,3
processed/images/STREET_LIGHTING/street_lighting_0090.jpg,street_lighting_0090.jpg,STREET_LIGHTING,1
processed/images/ROADS/roads_0195.jpg,roads_0195.jpg,ROADS,0
processed/images/WASTE_MANAGEMENT/waste_management_0657.jpg,waste_management_0657.jpg,WASTE_MANAGEMENT,3
processed/images/PUBLIC_INFRASTRUCTURE/public_infrastructure_1168.jpg,public_infrastructure_1168.jpg,PUBLIC_INFRASTRUCTURE,5
processed/images/PUBLIC_INFRASTRUCTURE/public_infrastructure_1400.jpg,public_infrastructure_1400.jpg,PUBLIC_INFRASTRUCTURE,5
processed/images/ROADS/roads_0300.jpg,roads_0300.jpg,ROADS,0
processed/images/WASTE_MANAGEMENT/waste_management_0384.jpg,waste_management_0384.jpg,WASTE_MANAGEMENT,3
processed/images/STREET_LIGHTING/street_lighting_0442.jpg,street_lighting_0442.jpg,STREET_LIGHTING,1
processed/images/PUBLIC_INFRASTRUCTURE/public_infrastructure_0979.jpg,public_infrastructure_0979.jpg,PUBLIC_INFRASTRUCTURE,5
processed/images/ROADS/roads_0694.jpg,roads_0694.jpg,ROADS,0
processed/images/WATER_DRAINAGE/water_drainage_0332.jpg,water_drainage_0332.jpg,WATER_DRAINAGE,2
processed/images/TREES_ENVIRONMENT/trees_environment_0624.jpg,trees_environment_0624.jpg,TREES_ENVIRONMENT,4
processed/images/ROADS/roads_0181.jpg,roads_0181.jpg,ROADS,0
processed/images/ROADS/roads_0518.jpg,roads_0518.jpg,ROADS,0
processed/images/ROADS/roads_0275.jpg,roads_0275.jpg,ROADS,0
processed/images/PUBLIC_INFRASTRUCTURE/public_infrastructure_0852.jpg,public_infrastructure_0852.jpg,PUBLIC_INFRASTRUCTURE,5
processed/images/PUBLIC_INFRASTRUCTURE/public_infrastructure_1458.jpg,public_infrastructure_1458.jpg,PUBLIC_INFRASTRUCTURE,5
processed/images/WASTE_MANAGEMENT/waste_management_0473.jpg,waste_management_0473.jpg,WASTE_MANAGEMENT,3
processed/images/ROADS/roads_1377.png,roads_1377.png,ROADS,0
processed/images/WASTE_MANAGEMENT/waste_management_0879.jpg,waste_management_0879.jpg,WASTE_MANAGEMENT,3
processed/images/WASTE_MANAGEMENT/waste_management_0851.jpg,waste_management_0851.jpg,WASTE_MANAGEMENT,3
processed/images/PUBLIC_INFRASTRUCTURE/public_infrastructure_0410.jpg,public_infrastructure_0410.jpg,PUBLIC_INFRASTRUCTURE,5
processed/images/PUBLIC_INFRASTRUCTURE/public_infrastructure_0351.jpg,public_infrastructure_0351.jpg,PUBLIC_INFRASTRUCTURE,5
processed/images/WASTE_MANAGEMENT/waste_management_0795.jpg,waste_management_0795.jpg,WASTE_MANAGEMENT,3
processed/images/PUBLIC_INFRASTRUCTURE/public_infrastructure_0781.jpg,public_infrastructure_0781.jpg,PUBLIC_INFRASTRUCTURE,5
processed/images/TREES_ENVIRONMENT/trees_environment_0263.jpg,trees_environment_0263.jpg,TREES_ENVIRONMENT,4
processed/images/STREET_LIGHTING/street_lighting_1079.jpg,street_lighting_1079.jpg,STREET_LIGHTING,1
processed/images/ROADS/roads_0502.jpg,roads_0502.jpg,ROADS,0
processed/images/PUBLIC_INFRASTRUCTURE/public_infrastructure_0118.jpg,public_infrastructure_0118.jpg,PUBLIC_INFRASTRUCTURE,5
processed/images/STREET_LIGHTING/street_lighting_0868.jpg,street_lighting_0868.jpg,STREET_LIGHTING,1
processed/images/PUBLIC_INFRASTRUCTURE/public_infrastructure_1306.jpg,public_infrastructure_1306.jpg,PUBLIC_INFRASTRUCTURE,5
processed/images/WASTE_MANAGEMENT/waste_management_0668.jpg,waste_management_0668.jpg,WASTE_MANAGEMENT,3
processed/images/STREET_LIGHTING/street_lighting_0914.jpg,street_lighting_0914.jpg,STREET_LIGHTING,1
processed/images/STREET_LIGHTING/street_lighting_0197.jpg,street_lighting_0197.jpg,STREET_LIGHTING,1
processed/images/WATER_DRAINAGE/water_drainage_0267.jpg,water_drainage_0267.jpg,WATER_DRAINAGE,2
processed/images/WATER_DRAINAGE/water_drainage_0187.jpg,water_drainage_0187.jpg,WATER_DRAINAGE,2
processed/images/PUBLIC_INFRASTRUCTURE/public_infrastructure_1227.jpg,public_infrastructure_1227.jpg,PUBLIC_INFRASTRUCTURE,5
processed/images/ROADS/roads_0142.jpg,roads_0142.jpg,ROADS,0
processed/images/ROADS/roads_0019.jpeg,roads_0019.jpeg,ROADS,0
processed/images/ROADS/roads_0070.jpg,roads_0070.jpg,ROADS,0
processed/images/TREES_ENVIRONMENT/trees_environment_0672.jpg,trees_environment_0672.jpg,TREES_ENVIRONMENT,4
processed/images/WATER_DRAINAGE/water_drainage_0041.jpg,water_drainage_0041.jpg,WATER_DRAINAGE,2
processed/images/PUBLIC_INFRASTRUCTURE/public_infrastructure_0295.jpg,public_infrastructure_0295.jpg,PUBLIC_INFRASTRUCTURE,5
processed/images/STREET_LIGHTING/street_lighting_0127.jpg,street_lighting_0127.jpg,STREET_LIGHTING,1
processed/images/PUBLIC_INFRASTRUCTURE/public_infrastructure_0382.jpg,public_infrastructure_0382.jpg,PUBLIC_INFRASTRUCTURE,5
processed/images/WASTE_MANAGEMENT/waste_management_0316.jpg,waste_management_0316.jpg,WASTE_MANAGEMENT,3
processed/images/TREES_ENVIRONMENT/trees_environment_0457.jpg,trees_environment_0457.jpg,TREES_ENVIRONMENT,4
processed/images/WATER_DRAINAGE/water_drainage_0261.jpg,water_drainage_0261.jpg,WATER_DRAINAGE,2
processed/images/STREET_LIGHTING/street_lighting_0649.jpg,street_lighting_0649.jpg,STREET_LIGHTING,1
processed/images/PUBLIC_INFRASTRUCTURE/public_infrastructure_0746.jpg,public_infrastructure_0746.jpg,PUBLIC_INFRASTRUCTURE,5
processed/images/PUBLIC_INFRASTRUCTURE/public_infrastructure_0468.jpg,public_infrastructure_0468.jpg,PUBLIC_INFRASTRUCTURE,5
processed/images/TREES_ENVIRONMENT/trees_environment_0813.jpg,trees_environment_0813.jpg,TREES_ENVIRONMENT,4
processed/images/STREET_LIGHTING/street_lighting_0009.jpg,street_lighting_0009.jpg,STREET_LIGHTING,1
processed/images/STREET_LIGHTING/street_lighting_0234.jpg,street_lighting_0234.jpg,STREET_LIGHTING,1
processed/images/PUBLIC_INFRASTRUCTURE/public_infrastructure_0413.jpg,public_infrastructure_0413.jpg,PUBLIC_INFRASTRUCTURE,5
processed/images/TREES_ENVIRONMENT/trees_environment_1273.jpg,trees_environment_1273.jpg,TREES_ENVIRONMENT,4
processed/images/STREET_LIGHTING/street_lighting_0056.jpg,street_lighting_0056.jpg,STREET_LIGHTING,1
processed/images/ROADS/roads_1850.png,roads_1850.png,ROADS,0
processed/images/ROADS/roads_0901.jpg,roads_0901.jpg,ROADS,0
processed/images/ROADS/roads_0904.jpg,roads_0904.jpg,ROADS,0
processed/images/ROADS/roads_0986.jpg,roads_0986.jpg,ROADS,0
processed/images/STREET_LIGHTING/street_lighting_0478.jpg,street_lighting_0478.jpg,STREET_LIGHTING,1
processed/images/TREES_ENVIRONMENT/trees_environment_1315.jpg,trees_environment_1315.jpg,TREES_ENVIRONMENT,4
processed/images/TREES_ENVIRONMENT/trees_environment_1574.jpg,trees_environment_1574.jpg,TREES_ENVIRONMENT,4
processed/images/STREET_LIGHTING/street_lighting_0047.jpg,street_lighting_0047.jpg,STREET_LIGHTING,1
processed/images/ROADS/roads_1322.png,roads_1322.png,ROADS,0
processed/images/STREET_LIGHTING/street_lighting_1130.jpg,street_lighting_1130.jpg,STREET_LIGHTING,1
processed/images/PUBLIC_INFRASTRUCTURE/public_infrastructure_0492.jpg,public_infrastructure_0492.jpg,PUBLIC_INFRASTRUCTURE,5
processed/images/STREET_LIGHTING/street_lighting_0020.jpg,street_lighting_0020.jpg,STREET_LIGHTING,1
processed/images/WASTE_MANAGEMENT/waste_management_0716.jpg,waste_management_0716.jpg,WASTE_MANAGEMENT,3
processed/images/STREET_LIGHTING/street_lighting_0748.jpg,street_lighting_0748.jpg,STREET_LIGHTING,1
processed/images/STREET_LIGHTING/street_lighting_1112.jpg,street_lighting_1112.jpg,STREET_LIGHTING,1
processed/images/PUBLIC_INFRASTRUCTURE/public_infrastructure_0815.jpg,public_infrastructure_0815.jpg,PUBLIC_INFRASTRUCTURE,5
processed/images/WASTE_MANAGEMENT/waste_management_0673.jpg,waste_management_0673.jpg,WASTE_MANAGEMENT,3
processed/images/ROADS/roads_0798.jpg,roads_0798.jpg,ROADS,0
processed/images/ROADS/roads_0112.jpg,roads_0112.jpg,ROADS,0
processed/images/WASTE_MANAGEMENT/waste_management_0248.jpg,waste_management_0248.jpg,WASTE_MANAGEMENT,3
processed/images/PUBLIC_INFRASTRUCTURE/public_infrastructure_0483.jpg,public_infrastructure_0483.jpg,PUBLIC_INFRASTRUCTURE,5
processed/images/STREET_LIGHTING/street_lighting_0694.jpg,street_lighting_0694.jpg,STREET_LIGHTING,1
processed/images/PUBLIC_INFRASTRUCTURE/public_infrastructure_1444.jpg,public_infrastructure_1444.jpg,PUBLIC_INFRASTRUCTURE,5
processed/images/TREES_ENVIRONMENT/trees_environment_0225.jpg,trees_environment_0225.jpg,TREES_ENVIRONMENT,4
processed/images/TREES_ENVIRONMENT/trees_environment_0969.jpg,trees_environment_0969.jpg,TREES_ENVIRONMENT,4
processed/images/TREES_ENVIRONMENT/trees_environment_0157.jpg,trees_environment_0157.jpg,TREES_ENVIRONMENT,4
processed/images/WASTE_MANAGEMENT/waste_management_0757.jpg,waste_management_0757.jpg,WASTE_MANAGEMENT,3
processed/images/STREET_LIGHTING/street_lighting_0308.jpg,street_lighting_0308.jpg,STREET_LIGHTING,1
processed/images/STREET_LIGHTING/street_lighting_0879.jpg,street_lighting_0879.jpg,STREET_LIGHTING,1
processed/images/TREES_ENVIRONMENT/trees_environment_1323.jpg,trees_environment_1323.jpg,TREES_ENVIRONMENT,4
processed/images/ROADS/roads_1663.png,roads_1663.png,ROADS,0
processed/images/STREET_LIGHTING/street_lighting_1066.jpg,street_lighting_1066.jpg,STREET_LIGHTING,1
processed/images/WASTE_MANAGEMENT/waste_management_0256.jpg,waste_management_0256.jpg,WASTE_MANAGEMENT,3
processed/images/TREES_ENVIRONMENT/trees_environment_1026.jpg,trees_environment_1026.jpg,TREES_ENVIRONMENT,4
processed/images/STREET_LIGHTING/street_lighting_0011.jpg,street_lighting_0011.jpg,STREET_LIGHTING,1
processed/images/ROADS/roads_0561.jpg,roads_0561.jpg,ROADS,0
processed/images/TREES_ENVIRONMENT/trees_environment_0031.jpg,trees_environment_0031.jpg,TREES_ENVIRONMENT,4
processed/images/PUBLIC_INFRASTRUCTURE/public_infrastructure_0828.jpg,public_infrastructure_0828.jpg,PUBLIC_INFRASTRUCTURE,5
processed/images/TREES_ENVIRONMENT/trees_environment_0604.jpg,trees_environment_0604.jpg,TREES_ENVIRONMENT,4
processed/images/ROADS/roads_1722.png,roads_1722.png,ROADS,0
processed/images/PUBLIC_INFRASTRUCTURE/public_infrastructure_0717.jpg,public_infrastructure_0717.jpg,PUBLIC_INFRASTRUCTURE,5
processed/images/WATER_DRAINAGE/water_drainage_0257.jpg,water_drainage_0257.jpg,WATER_DRAINAGE,2
processed/images/ROADS/roads_1175.jpg,roads_1175.jpg,ROADS,0
processed/images/TREES_ENVIRONMENT/trees_environment_1588.jpg,trees_environment_1588.jpg,TREES_ENVIRONMENT,4
processed/images/TREES_ENVIRONMENT/trees_environment_1421.jpg,trees_environment_1421.jpg,TREES_ENVIRONMENT,4
processed/images/TREES_ENVIRONMENT/trees_environment_1201.jpg,trees_environment_1201.jpg,TREES_ENVIRONMENT,4
processed/images/ROADS/roads_1317.png,roads_1317.png,ROADS,0
processed/images/ROADS/roads_0035.jpeg,roads_0035.jpeg,ROADS,0
processed/images/STREET_LIGHTING/street_lighting_0959.jpg,street_lighting_0959.jpg,STREET_LIGHTING,1
processed/images/TREES_ENVIRONMENT/trees_environment_1452.jpg,trees_environment_1452.jpg,TREES_ENVIRONMENT,4
processed/images/ROADS/roads_0384.jpg,roads_0384.jpg,ROADS,0
processed/images/TREES_ENVIRONMENT/trees_environment_0020.jpg,trees_environment_0020.jpg,TREES_ENVIRONMENT,4
processed/images/STREET_LIGHTING/street_lighting_0073.jpg,street_lighting_0073.jpg,STREET_LIGHTING,1
processed/images/PUBLIC_INFRASTRUCTURE/public_infrastructure_0418.jpg,public_infrastructure_0418.jpg,PUBLIC_INFRASTRUCTURE,5
processed/images/TREES_ENVIRONMENT/trees_environment_0087.jpg,trees_environment_0087.jpg,TREES_ENVIRONMENT,4
processed/images/TREES_ENVIRONMENT/trees_environment_0046.jpg,trees_environment_0046.jpg,TREES_ENVIRONMENT,4
processed/images/PUBLIC_INFRASTRUCTURE/public_infrastructure_0727.jpg,public_infrastructure_0727.jpg,PUBLIC_INFRASTRUCTURE,5
processed/images/ROADS/roads_0896.jpg,roads_0896.jpg,ROADS,0
processed/images/TREES_ENVIRONMENT/trees_environment_0726.jpg,trees_environment_0726.jpg,TREES_ENVIRONMENT,4
processed/images/ROADS/roads_0367.jpg,roads_0367.jpg,ROADS,0
processed/images/WATER_DRAINAGE/water_drainage_0052.jpg,water_drainage_0052.jpg,WATER_DRAINAGE,2
processed/images/PUBLIC_INFRASTRUCTURE/public_infrastructure_0090.jpg,public_infrastructure_0090.jpg,PUBLIC_INFRASTRUCTURE,5
processed/images/ROADS/roads_1650.png,roads_1650.png,ROADS,0
processed/images/ROADS/roads_0628.jpg,roads_0628.jpg,ROADS,0
processed/images/WATER_DRAINAGE/water_drainage_0389.jpg,water_drainage_0389.jpg,WATER_DRAINAGE,2
processed/images/ROADS/roads_0741.jpg,roads_0741.jpg,ROADS,0
processed/images/PUBLIC_INFRASTRUCTURE/public_infrastructure_1348.jpg,public_infrastructure_1348.jpg,PUBLIC_INFRASTRUCTURE,5
processed/images/STREET_LIGHTING/street_lighting_1024.jpg,street_lighting_1024.jpg,STREET_LIGHTING,1
processed/images/WATER_DRAINAGE/water_drainage_0102.jpg,water_drainage_0102.jpg,WATER_DRAINAGE,2
processed/images/WASTE_MANAGEMENT/waste_management_0320.jpg,waste_management_0320.jpg,WASTE_MANAGEMENT,3
processed/images/TREES_ENVIRONMENT/trees_environment_0503.jpg,trees_environment_0503.jpg,TREES_ENVIRONMENT,4
processed/images/TREES_ENVIRONMENT/trees_environment_1404.jpg,trees_environment_1404.jpg,TREES_ENVIRONMENT,4
processed/images/ROADS/roads_0174.jpg,roads_0174.jpg,ROADS,0
processed/images/PUBLIC_INFRASTRUCTURE/public_infrastructure_0348.jpg,public_infrastructure_0348.jpg,PUBLIC_INFRASTRUCTURE,5
processed/images/WASTE_MANAGEMENT/waste_management_0102.jpg,waste_management_0102.jpg,WASTE_MANAGEMENT,3
processed/images/TREES_ENVIRONMENT/trees_environment_1141.jpg,trees_environment_1141.jpg,TREES_ENVIRONMENT,4
processed/images/WASTE_MANAGEMENT/waste_management_0226.jpg,waste_management_0226.jpg,WASTE_MANAGEMENT,3
processed/images/STREET_LIGHTING/street_lighting_0855.jpg,street_lighting_0855.jpg,STREET_LIGHTING,1
processed/images/ROADS/roads_0945.jpg,roads_0945.jpg,ROADS,0
processed/images/PUBLIC_INFRASTRUCTURE/public_infrastructure_0085.jpg,public_infrastructure_0085.jpg,PUBLIC_INFRASTRUCTURE,5
processed/images/TREES_ENVIRONMENT/trees_environment_1223.jpg,trees_environment_1223.jpg,TREES_ENVIRONMENT,4
processed/images/ROADS/roads_0605.jpg,roads_0605.jpg,ROADS,0
processed/images/WATER_DRAINAGE/water_drainage_0213.jpg,water_drainage_0213.jpg,WATER_DRAINAGE,2
processed/images/WASTE_MANAGEMENT/waste_management_0766.jpg,waste_management_0766.jpg,WASTE_MANAGEMENT,3
processed/images/PUBLIC_INFRASTRUCTURE/public_infrastructure_0704.jpg,public_infrastructure_0704.jpg,PUBLIC_INFRASTRUCTURE,5
processed/images/ROADS/roads_1193.jpg,roads_1193.jpg,ROADS,0
processed/images/TREES_ENVIRONMENT/trees_environment_0381.jpg,trees_environment_0381.jpg,TREES_ENVIRONMENT,4
processed/images/WASTE_MANAGEMENT/waste_management_0667.jpg,waste_management_0667.jpg,WASTE_MANAGEMENT,3
processed/images/WASTE_MANAGEMENT/waste_management_0584.jpg,waste_management_0584.jpg,WASTE_MANAGEMENT,3
processed/images/TREES_ENVIRONMENT/trees_environment_0512.jpg,trees_environment_0512.jpg,TREES_ENVIRONMENT,4
processed/images/PUBLIC_INFRASTRUCTURE/public_infrastructure_0812.jpg,public_infrastructure_0812.jpg,PUBLIC_INFRASTRUCTURE,5
processed/images/STREET_LIGHTING/street_lighting_0124.jpg,street_lighting_0124.jpg,STREET_LIGHTING,1
processed/images/ROADS/roads_0534.jpg,roads_0534.jpg,ROADS,0
processed/images/PUBLIC_INFRASTRUCTURE/public_infrastructure_0635.jpg,public_infrastructure_0635.jpg,PUBLIC_INFRASTRUCTURE,5
processed/images/WASTE_MANAGEMENT/waste_management_0798.jpg,waste_management_0798.jpg,WASTE_MANAGEMENT,3
processed/images/WATER_DRAINAGE/water_drainage_0315.jpg,water_drainage_0315.jpg,WATER_DRAINAGE,2
processed/images/PUBLIC_INFRASTRUCTURE/public_infrastructure_0490.jpg,public_infrastructure_0490.jpg,PUBLIC_INFRASTRUCTURE,5
processed/images/TREES_ENVIRONMENT/trees_environment_1177.jpg,trees_environment_1177.jpg,TREES_ENVIRONMENT,4
processed/images/TREES_ENVIRONMENT/trees_environment_1502.jpg,trees_environment_1502.jpg,TREES_ENVIRONMENT,4
processed/images/WASTE_MANAGEMENT/waste_management_0380.jpg,waste_management_0380.jpg,WASTE_MANAGEMENT,3
processed/images/ROADS/roads_1804.png,roads_1804.png,ROADS,0
processed/images/TREES_ENVIRONMENT/trees_environment_1294.jpg,trees_environment_1294.jpg,TREES_ENVIRONMENT,4
processed/images/WATER_DRAINAGE/water_drainage_0289.jpg,water_drainage_0289.jpg,WATER_DRAINAGE,2
processed/images/WASTE_MANAGEMENT/waste_management_0785.jpg,waste_management_0785.jpg,WASTE_MANAGEMENT,3
processed/images/STREET_LIGHTING/street_lighting_0104.jpg,street_lighting_0104.jpg,STREET_LIGHTING,1
processed/images/TREES_ENVIRONMENT/trees_environment_1022.jpg,trees_environment_1022.jpg,TREES_ENVIRONMENT,4
processed/images/STREET_LIGHTING/street_lighting_1017.jpg,street_lighting_1017.jpg,STREET_LIGHTING,1
processed/images/TREES_ENVIRONMENT/trees_environment_1514.jpg,trees_environment_1514.jpg,TREES_ENVIRONMENT,4
processed/images/TREES_ENVIRONMENT/trees_environment_0862.jpg,trees_environment_0862.jpg,TREES_ENVIRONMENT,4
processed/images/TREES_ENVIRONMENT/trees_environment_1507.jpg,trees_environment_1507.jpg,TREES_ENVIRONMENT,4
processed/images/ROADS/roads_0173.jpg,roads_0173.jpg,ROADS,0
processed/images/STREET_LIGHTING/street_lighting_0588.jpg,street_lighting_0588.jpg,STREET_LIGHTING,1
processed/images/PUBLIC_INFRASTRUCTURE/public_infrastructure_0326.jpg,public_infrastructure_0326.jpg,PUBLIC_INFRASTRUCTURE,5
processed/images/ROADS/roads_1470.png,roads_1470.png,ROADS,0
processed/images/PUBLIC_INFRASTRUCTURE/public_infrastructure_0569.jpg,public_infrastructure_0569.jpg,PUBLIC_INFRASTRUCTURE,5
processed/images/PUBLIC_INFRASTRUCTURE/public_infrastructure_0095.jpg,public_infrastructure_0095.jpg,PUBLIC_INFRASTRUCTURE,5
processed/images/STREET_LIGHTING/street_lighting_0398.jpg,street_lighting_0398.jpg,STREET_LIGHTING,1
processed/images/STREET_LIGHTING/street_lighting_1010.jpg,street_lighting_1010.jpg,STREET_LIGHTING,1
processed/images/PUBLIC_INFRASTRUCTURE/public_infrastructure_1430.jpg,public_infrastructure_1430.jpg,PUBLIC_INFRASTRUCTURE,5
processed/images/PUBLIC_INFRASTRUCTURE/public_infrastructure_1469.jpg,public_infrastructure_1469.jpg,PUBLIC_INFRASTRUCTURE,5
processed/images/ROADS/roads_0649.jpg,roads_0649.jpg,ROADS,0
processed/images/WATER_DRAINAGE/water_drainage_0176.jpg,water_drainage_0176.jpg,WATER_DRAINAGE,2
processed/images/TREES_ENVIRONMENT/trees_environment_0070.jpg,trees_environment_0070.jpg,TREES_ENVIRONMENT,4
processed/images/PUBLIC_INFRASTRUCTURE/public_infrastructure_1315.jpg,public_infrastructure_1315.jpg,PUBLIC_INFRASTRUCTURE,5
processed/images/PUBLIC_INFRASTRUCTURE/public_infrastructure_1344.jpg,public_infrastructure_1344.jpg,PUBLIC_INFRASTRUCTURE,5
processed/images/ROADS/roads_0998.jpg,roads_0998.jpg,ROADS,0
processed/images/WATER_DRAINAGE/water_drainage_0358.jpg,water_drainage_0358.jpg,WATER_DRAINAGE,2
processed/images/ROADS/roads_1457.png,roads_1457.png,ROADS,0
processed/images/TREES_ENVIRONMENT/trees_environment_1425.jpg,trees_environment_1425.jpg,TREES_ENVIRONMENT,4
processed/images/ROADS/roads_1176.jpg,roads_1176.jpg,ROADS,0
processed/images/PUBLIC_INFRASTRUCTURE/public_infrastructure_0760.jpg,public_infrastructure_0760.jpg,PUBLIC_INFRASTRUCTURE,5
processed/images/TREES_ENVIRONMENT/trees_environment_0468.jpg,trees_environment_0468.jpg,TREES_ENVIRONMENT,4
processed/images/ROADS/roads_1866.png,roads_1866.png,ROADS,0
processed/images/WATER_DRAINAGE/water_drainage_0432.jpg,water_drainage_0432.jpg,WATER_DRAINAGE,2
processed/images/WASTE_MANAGEMENT/waste_management_0110.jpg,waste_management_0110.jpg,WASTE_MANAGEMENT,3
processed/images/TREES_ENVIRONMENT/trees_environment_0262.jpg,trees_environment_0262.jpg,TREES_ENVIRONMENT,4
processed/images/WATER_DRAINAGE/water_drainage_0193.jpg,water_drainage_0193.jpg,WATER_DRAINAGE,2
processed/images/STREET_LIGHTING/street_lighting_0505.jpg,street_lighting_0505.jpg,STREET_LIGHTING,1
processed/images/WASTE_MANAGEMENT/waste_management_0030.jpg,waste_management_0030.jpg,WASTE_MANAGEMENT,3
processed/images/ROADS/roads_0737.jpg,roads_0737.jpg,ROADS,0
processed/images/ROADS/roads_1058.jpg,roads_1058.jpg,ROADS,0
processed/images/PUBLIC_INFRASTRUCTURE/public_infrastructure_0834.jpg,public_infrastructure_0834.jpg,PUBLIC_INFRASTRUCTURE,5
processed/images/ROADS/roads_1494.png,roads_1494.png,ROADS,0
processed/images/TREES_ENVIRONMENT/trees_environment_0285.jpg,trees_environment_0285.jpg,TREES_ENVIRONMENT,4
processed/images/ROADS/roads_0134.jpg,roads_0134.jpg,ROADS,0
processed/images/TREES_ENVIRONMENT/trees_environment_0151.jpg,trees_environment_0151.jpg,TREES_ENVIRONMENT,4
processed/images/PUBLIC_INFRASTRUCTURE/public_infrastructure_0432.jpg,public_infrastructure_0432.jpg,PUBLIC_INFRASTRUCTURE,5
processed/images/ROADS/roads_0372.jpg,roads_0372.jpg,ROADS,0
processed/images/STREET_LIGHTING/street_lighting_0960.jpg,street_lighting_0960.jpg,STREET_LIGHTING,1
processed/images/TREES_ENVIRONMENT/trees_environment_0055.jpg,trees_environment_0055.jpg,TREES_ENVIRONMENT,4
processed/images/STREET_LIGHTING/street_lighting_0581.jpg,street_lighting_0581.jpg,STREET_LIGHTING,1
processed/images/WASTE_MANAGEMENT/waste_management_0349.jpg,waste_management_0349.jpg,WASTE_MANAGEMENT,3
processed/images/TREES_ENVIRONMENT/trees_environment_1194.jpg,trees_environment_1194.jpg,TREES_ENVIRONMENT,4
processed/images/ROADS/roads_1755.png,roads_1755.png,ROADS,0
processed/images/ROADS/roads_0104.jpg,roads_0104.jpg,ROADS,0
processed/images/ROADS/roads_1063.jpg,roads_1063.jpg,ROADS,0
processed/images/TREES_ENVIRONMENT/trees_environment_1281.jpg,trees_environment_1281.jpg,TREES_ENVIRONMENT,4
processed/images/ROADS/roads_1228.jpg,roads_1228.jpg,ROADS,0
processed/images/TREES_ENVIRONMENT/trees_environment_0681.jpg,trees_environment_0681.jpg,TREES_ENVIRONMENT,4
processed/images/PUBLIC_INFRASTRUCTURE/public_infrastructure_1476.jpg,public_infrastructure_1476.jpg,PUBLIC_INFRASTRUCTURE,5
processed/images/WASTE_MANAGEMENT/waste_management_0787.jpg,waste_management_0787.jpg,WASTE_MANAGEMENT,3
processed/images/PUBLIC_INFRASTRUCTURE/public_infrastructure_1326.jpg,public_infrastructure_1326.jpg,PUBLIC_INFRASTRUCTURE,5
processed/images/ROADS/roads_1082.jpg,roads_1082.jpg,ROADS,0
processed/images/TREES_ENVIRONMENT/trees_environment_1441.jpg,trees_environment_1441.jpg,TREES_ENVIRONMENT,4
processed/images/TREES_ENVIRONMENT/trees_environment_0241.jpg,trees_environment_0241.jpg,TREES_ENVIRONMENT,4
processed/images/ROADS/roads_1867.png,roads_1867.png,ROADS,0
processed/images/TREES_ENVIRONMENT/trees_environment_0853.jpg,trees_environment_0853.jpg,TREES_ENVIRONMENT,4
processed/images/ROADS/roads_0902.jpg,roads_0902.jpg,ROADS,0
processed/images/STREET_LIGHTING/street_lighting_0219.jpg,street_lighting_0219.jpg,STREET_LIGHTING,1
processed/images/WASTE_MANAGEMENT/waste_management_0290.jpg,waste_management_0290.jpg,WASTE_MANAGEMENT,3
processed/images/STREET_LIGHTING/street_lighting_0629.jpg,street_lighting_0629.jpg,STREET_LIGHTING,1
processed/images/ROADS/roads_1834.png,roads_1834.png,ROADS,0
processed/images/WASTE_MANAGEMENT/waste_management_0856.jpg,waste_management_0856.jpg,WASTE_MANAGEMENT,3
processed/images/WASTE_MANAGEMENT/waste_management_0029.jpg,waste_management_0029.jpg,WASTE_MANAGEMENT,3
processed/images/WASTE_MANAGEMENT/waste_management_0679.jpg,waste_management_0679.jpg,WASTE_MANAGEMENT,3
processed/images/ROADS/roads_1874.png,roads_1874.png,ROADS,0
processed/images/ROADS/roads_1210.jpg,roads_1210.jpg,ROADS,0
processed/images/WASTE_MANAGEMENT/waste_management_0044.jpg,waste_management_0044.jpg,WASTE_MANAGEMENT,3
processed/images/PUBLIC_INFRASTRUCTURE/public_infrastructure_0546.jpg,public_infrastructure_0546.jpg,PUBLIC_INFRASTRUCTURE,5
processed/images/PUBLIC_INFRASTRUCTURE/public_infrastructure_1419.jpg,public_infrastructure_1419.jpg,PUBLIC_INFRASTRUCTURE,5
processed/images/TREES_ENVIRONMENT/trees_environment_1045.jpg,trees_environment_1045.jpg,TREES_ENVIRONMENT,4
processed/images/ROADS/roads_1022.jpg,roads_1022.jpg,ROADS,0
processed/images/WASTE_MANAGEMENT/waste_management_0207.jpg,waste_management_0207.jpg,WASTE_MANAGEMENT,3
processed/images/PUBLIC_INFRASTRUCTURE/public_infrastructure_1232.jpg,public_infrastructure_1232.jpg,PUBLIC_INFRASTRUCTURE,5
processed/images/ROADS/roads_1052.jpg,roads_1052.jpg,ROADS,0
processed/images/ROADS/roads_0032.jpeg,roads_0032.jpeg,ROADS,0
processed/images/ROADS/roads_1225.jpg,roads_1225.jpg,ROADS,0
processed/images/TREES_ENVIRONMENT/trees_environment_0274.jpg,trees_environment_0274.jpg,TREES_ENVIRONMENT,4
processed/images/ROADS/roads_1409.png,roads_1409.png,ROADS,0
processed/images/STREET_LIGHTING/street_lighting_0534.jpg,street_lighting_0534.jpg,STREET_LIGHTING,1
processed/images/TREES_ENVIRONMENT/trees_environment_0703.jpg,trees_environment_0703.jpg,TREES_ENVIRONMENT,4
processed/images/ROADS/roads_0118.jpg,roads_0118.jpg,ROADS,0
processed/images/STREET_LIGHTING/street_lighting_0679.jpg,street_lighting_0679.jpg,STREET_LIGHTING,1
processed/images/ROADS/roads_0511.jpg,roads_0511.jpg,ROADS,0
processed/images/TREES_ENVIRONMENT/trees_environment_0002.jpg,trees_environment_0002.jpg,TREES_ENVIRONMENT,4
processed/images/TREES_ENVIRONMENT/trees_environment_0935.jpg,trees_environment_0935.jpg,TREES_ENVIRONMENT,4
processed/images/STREET_LIGHTING/street_lighting_0603.jpg,street_lighting_0603.jpg,STREET_LIGHTING,1
processed/images/STREET_LIGHTING/street_lighting_0230.jpg,street_lighting_0230.jpg,STREET_LIGHTING,1
processed/images/ROADS/roads_1794.png,roads_1794.png,ROADS,0
processed/images/TREES_ENVIRONMENT/trees_environment_0647.jpg,trees_environment_0647.jpg,TREES_ENVIRONMENT,4
processed/images/ROADS/roads_0470.jpg,roads_0470.jpg,ROADS,0
processed/images/PUBLIC_INFRASTRUCTURE/public_infrastructure_0103.jpg,public_infrastructure_0103.jpg,PUBLIC_INFRASTRUCTURE,5
processed/images/PUBLIC_INFRASTRUCTURE/public_infrastructure_1000.jpg,public_infrastructure_1000.jpg,PUBLIC_INFRASTRUCTURE,5
processed/images/ROADS/roads_0075.jpg,roads_0075.jpg,ROADS,0
processed/images/ROADS/roads_0863.jpg,roads_0863.jpg,ROADS,0
processed/images/TREES_ENVIRONMENT/trees_environment_1054.jpg,trees_environment_1054.jpg,TREES_ENVIRONMENT,4
processed/images/ROADS/roads_0876.jpg,roads_0876.jpg,ROADS,0
processed/images/PUBLIC_INFRASTRUCTURE/public_infrastructure_0170.jpg,public_infrastructure_0170.jpg,PUBLIC_INFRASTRUCTURE,5
processed/images/STREET_LIGHTING/street_lighting_0976.jpg,street_lighting_0976.jpg,STREET_LIGHTING,1
processed/images/PUBLIC_INFRASTRUCTURE/public_infrastructure_0785.jpg,public_infrastructure_0785.jpg,PUBLIC_INFRASTRUCTURE,5
processed/images/WASTE_MANAGEMENT/waste_management_0779.jpg,waste_management_0779.jpg,WASTE_MANAGEMENT,3
processed/images/TREES_ENVIRONMENT/trees_environment_1030.jpg,trees_environment_1030.jpg,TREES_ENVIRONMENT,4
processed/images/STREET_LIGHTING/street_lighting_0490.jpg,street_lighting_0490.jpg,STREET_LIGHTING,1
processed/images/PUBLIC_INFRASTRUCTURE/public_infrastructure_0870.jpg,public_infrastructure_0870.jpg,PUBLIC_INFRASTRUCTURE,5
processed/images/PUBLIC_INFRASTRUCTURE/public_infrastructure_0214.jpg,public_infrastructure_0214.jpg,PUBLIC_INFRASTRUCTURE,5
processed/images/ROADS/roads_1862.png,roads_1862.png,ROADS,0
processed/images/ROADS/roads_1229.jpg,roads_1229.jpg,ROADS,0
processed/images/WASTE_MANAGEMENT/waste_management_0713.jpg,waste_management_0713.jpg,WASTE_MANAGEMENT,3
processed/images/ROADS/roads_0544.jpg,roads_0544.jpg,ROADS,0
processed/images/TREES_ENVIRONMENT/trees_environment_0492.jpg,trees_environment_0492.jpg,TREES_ENVIRONMENT,4
processed/images/TREES_ENVIRONMENT/trees_environment_1002.jpg,trees_environment_1002.jpg,TREES_ENVIRONMENT,4
processed/images/ROADS/roads_1639.png,roads_1639.png,ROADS,0
processed/images/TREES_ENVIRONMENT/trees_environment_0227.jpg,trees_environment_0227.jpg,TREES_ENVIRONMENT,4
processed/images/TREES_ENVIRONMENT/trees_environment_1445.jpg,trees_environment_1445.jpg,TREES_ENVIRONMENT,4
processed/images/WASTE_MANAGEMENT/waste_management_0409.jpg,waste_management_0409.jpg,WASTE_MANAGEMENT,3
processed/images/WASTE_MANAGEMENT/waste_management_0144.jpg,waste_management_0144.jpg,WASTE_MANAGEMENT,3
processed/images/WATER_DRAINAGE/water_drainage_0149.jpg,water_drainage_0149.jpg,WATER_DRAINAGE,2
processed/images/ROADS/roads_1093.jpg,roads_1093.jpg,ROADS,0
processed/images/STREET_LIGHTING/street_lighting_0573.jpg,street_lighting_0573.jpg,STREET_LIGHTING,1
processed/images/ROADS/roads_1328.png,roads_1328.png,ROADS,0
processed/images/WATER_DRAINAGE/water_drainage_0084.jpg,water_drainage_0084.jpg,WATER_DRAINAGE,2
processed/images/ROADS/roads_0990.jpg,roads_0990.jpg,ROADS,0
processed/images/PUBLIC_INFRASTRUCTURE/public_infrastructure_0012.jpg,public_infrastructure_0012.jpg,PUBLIC_INFRASTRUCTURE,5
processed/images/PUBLIC_INFRASTRUCTURE/public_infrastructure_1174.jpg,public_infrastructure_1174.jpg,PUBLIC_INFRASTRUCTURE,5
processed/images/TREES_ENVIRONMENT/trees_environment_0320.jpg,trees_environment_0320.jpg,TREES_ENVIRONMENT,4
processed/images/ROADS/roads_0132.jpg,roads_0132.jpg,ROADS,0
processed/images/WATER_DRAINAGE/water_drainage_0291.jpg,water_drainage_0291.jpg,WATER_DRAINAGE,2
processed/images/PUBLIC_INFRASTRUCTURE/public_infrastructure_1091.jpg,public_infrastructure_1091.jpg,PUBLIC_INFRASTRUCTURE,5
processed/images/TREES_ENVIRONMENT/trees_environment_1532.jpg,trees_environment_1532.jpg,TREES_ENVIRONMENT,4
processed/images/PUBLIC_INFRASTRUCTURE/public_infrastructure_0304.jpg,public_infrastructure_0304.jpg,PUBLIC_INFRASTRUCTURE,5
processed/images/TREES_ENVIRONMENT/trees_environment_0548.jpg,trees_environment_0548.jpg,TREES_ENVIRONMENT,4
processed/images/TREES_ENVIRONMENT/trees_environment_0390.jpg,trees_environment_0390.jpg,TREES_ENVIRONMENT,4
processed/images/WATER_DRAINAGE/water_drainage_0395.jpg,water_drainage_0395.jpg,WATER_DRAINAGE,2
processed/images/TREES_ENVIRONMENT/trees_environment_1100.jpg,trees_environment_1100.jpg,TREES_ENVIRONMENT,4
processed/images/ROADS/roads_1270.png,roads_1270.png,ROADS,0
processed/images/ROADS/roads_1303.png,roads_1303.png,ROADS,0
processed/images/PUBLIC_INFRASTRUCTURE/public_infrastructure_0427.jpg,public_infrastructure_0427.jpg,PUBLIC_INFRASTRUCTURE,5
processed/images/ROADS/roads_1606.png,roads_1606.png,ROADS,0
processed/images/ROADS/roads_1570.png,roads_1570.png,ROADS,0
processed/images/ROADS/roads_0962.jpg,roads_0962.jpg,ROADS,0
processed/images/TREES_ENVIRONMENT/trees_environment_1394.jpg,trees_environment_1394.jpg,TREES_ENVIRONMENT,4
processed/images/TREES_ENVIRONMENT/trees_environment_1150.jpg,trees_environment_1150.jpg,TREES_ENVIRONMENT,4
processed/images/ROADS/roads_1232.jpg,roads_1232.jpg,ROADS,0
processed/images/TREES_ENVIRONMENT/trees_environment_0473.jpg,trees_environment_0473.jpg,TREES_ENVIRONMENT,4
processed/images/ROADS/roads_0616.jpg,roads_0616.jpg,ROADS,0
processed/images/TREES_ENVIRONMENT/trees_environment_0209.jpg,trees_environment_0209.jpg,TREES_ENVIRONMENT,4
processed/images/PUBLIC_INFRASTRUCTURE/public_infrastructure_0826.jpg,public_infrastructure_0826.jpg,PUBLIC_INFRASTRUCTURE,5
processed/images/ROADS/roads_0073.jpg,roads_0073.jpg,ROADS,0
processed/images/TREES_ENVIRONMENT/trees_environment_1156.jpg,trees_environment_1156.jpg,TREES_ENVIRONMENT,4
processed/images/PUBLIC_INFRASTRUCTURE/public_infrastructure_0108.jpg,public_infrastructure_0108.jpg,PUBLIC_INFRASTRUCTURE,5
processed/images/ROADS/roads_0333.jpg,roads_0333.jpg,ROADS,0
processed/images/ROADS/roads_1374.png,roads_1374.png,ROADS,0
processed/images/TREES_ENVIRONMENT/trees_environment_0558.jpg,trees_environment_0558.jpg,TREES_ENVIRONMENT,4
processed/images/TREES_ENVIRONMENT/trees_environment_1085.jpg,trees_environment_1085.jpg,TREES_ENVIRONMENT,4
processed/images/TREES_ENVIRONMENT/trees_environment_0516.jpg,trees_environment_0516.jpg,TREES_ENVIRONMENT,4
processed/images/ROADS/roads_1025.jpg,roads_1025.jpg,ROADS,0
processed/images/PUBLIC_INFRASTRUCTURE/public_infrastructure_1233.jpg,public_infrastructure_1233.jpg,PUBLIC_INFRASTRUCTURE,5
processed/images/STREET_LIGHTING/street_lighting_0006.jpg,street_lighting_0006.jpg,STREET_LIGHTING,1
processed/images/TREES_ENVIRONMENT/trees_environment_0174.jpg,trees_environment_0174.jpg,TREES_ENVIRONMENT,4
processed/images/ROADS/roads_0450.jpg,roads_0450.jpg,ROADS,0
processed/images/STREET_LIGHTING/street_lighting_0133.jpg,street_lighting_0133.jpg,STREET_LIGHTING,1
processed/images/PUBLIC_INFRASTRUCTURE/public_infrastructure_0414.jpg,public_infrastructure_0414.jpg,PUBLIC_INFRASTRUCTURE,5
processed/images/WATER_DRAINAGE/water_drainage_0268.jpg,water_drainage_0268.jpg,WATER_DRAINAGE,2
processed/images/TREES_ENVIRONMENT/trees_environment_0038.jpg,trees_environment_0038.jpg,TREES_ENVIRONMENT,4
processed/images/WASTE_MANAGEMENT/waste_management_0379.jpg,waste_management_0379.jpg,WASTE_MANAGEMENT,3
processed/images/PUBLIC_INFRASTRUCTURE/public_infrastructure_0991.jpg,public_infrastructure_0991.jpg,PUBLIC_INFRASTRUCTURE,5
processed/images/TREES_ENVIRONMENT/trees_environment_1314.jpg,trees_environment_1314.jpg,TREES_ENVIRONMENT,4
processed/images/ROADS/roads_0350.jpg,roads_0350.jpg,ROADS,0
processed/images/TREES_ENVIRONMENT/trees_environment_1274.jpg,trees_environment_1274.jpg,TREES_ENVIRONMENT,4
processed/images/STREET_LIGHTING/street_lighting_0931.jpg,street_lighting_0931.jpg,STREET_LIGHTING,1
processed/images/TREES_ENVIRONMENT/trees_environment_0472.jpg,trees_environment_0472.jpg,TREES_ENVIRONMENT,4
processed/images/STREET_LIGHTING/street_lighting_0812.jpg,street_lighting_0812.jpg,STREET_LIGHTING,1
processed/images/PUBLIC_INFRASTRUCTURE/public_infrastructure_0844.jpg,public_infrastructure_0844.jpg,PUBLIC_INFRASTRUCTURE,5
processed/images/PUBLIC_INFRASTRUCTURE/public_infrastructure_1429.jpg,public_infrastructure_1429.jpg,PUBLIC_INFRASTRUCTURE,5
processed/images/WASTE_MANAGEMENT/waste_management_0259.jpg,waste_management_0259.jpg,WASTE_MANAGEMENT,3
processed/images/ROADS/roads_0055.jpg,roads_0055.jpg,ROADS,0
processed/images/TREES_ENVIRONMENT/trees_environment_1021.jpg,trees_environment_1021.jpg,TREES_ENVIRONMENT,4
processed/images/STREET_LIGHTING/street_lighting_0825.jpg,street_lighting_0825.jpg,STREET_LIGHTING,1
processed/images/WATER_DRAINAGE/water_drainage_0287.jpg,water_drainage_0287.jpg,WATER_DRAINAGE,2
processed/images/STREET_LIGHTING/street_lighting_0894.jpg,street_lighting_0894.jpg,STREET_LIGHTING,1
processed/images/ROADS/roads_0828.jpg,roads_0828.jpg,ROADS,0
processed/images/PUBLIC_INFRASTRUCTURE/public_infrastructure_1002.jpg,public_infrastructure_1002.jpg,PUBLIC_INFRASTRUCTURE,5
processed/images/PUBLIC_INFRASTRUCTURE/public_infrastructure_1111.jpg,public_infrastructure_1111.jpg,PUBLIC_INFRASTRUCTURE,5
processed/images/ROADS/roads_1715.png,roads_1715.png,ROADS,0
processed/images/WATER_DRAINAGE/water_drainage_0288.jpg,water_drainage_0288.jpg,WATER_DRAINAGE,2
processed/images/ROADS/roads_0068.jpg,roads_0068.jpg,ROADS,0
processed/images/ROADS/roads_1100.jpg,roads_1100.jpg,ROADS,0
processed/images/WASTE_MANAGEMENT/waste_management_0264.jpg,waste_management_0264.jpg,WASTE_MANAGEMENT,3
processed/images/PUBLIC_INFRASTRUCTURE/public_infrastructure_1256.jpg,public_infrastructure_1256.jpg,PUBLIC_INFRASTRUCTURE,5
processed/images/ROADS/roads_0506.jpg,roads_0506.jpg,ROADS,0
processed/images/TREES_ENVIRONMENT/trees_environment_0568.jpg,trees_environment_0568.jpg,TREES_ENVIRONMENT,4
processed/images/ROADS/roads_1027.jpg,roads_1027.jpg,ROADS,0
processed/images/WASTE_MANAGEMENT/waste_management_0511.jpg,waste_management_0511.jpg,WASTE_MANAGEMENT,3
processed/images/WASTE_MANAGEMENT/waste_management_0437.jpg,waste_management_0437.jpg,WASTE_MANAGEMENT,3
processed/images/STREET_LIGHTING/street_lighting_0460.jpg,street_lighting_0460.jpg,STREET_LIGHTING,1
processed/images/TREES_ENVIRONMENT/trees_environment_1435.jpg,trees_environment_1435.jpg,TREES_ENVIRONMENT,4
processed/images/WASTE_MANAGEMENT/waste_management_0326.jpg,waste_management_0326.jpg,WASTE_MANAGEMENT,3
processed/images/WATER_DRAINAGE/water_drainage_0440.jpg,water_drainage_0440.jpg,WATER_DRAINAGE,2
processed/images/TREES_ENVIRONMENT/trees_environment_1319.jpg,trees_environment_1319.jpg,TREES_ENVIRONMENT,4
processed/images/PUBLIC_INFRASTRUCTURE/public_infrastructure_1492.jpg,public_infrastructure_1492.jpg,PUBLIC_INFRASTRUCTURE,5
processed/images/PUBLIC_INFRASTRUCTURE/public_infrastructure_0819.jpg,public_infrastructure_0819.jpg,PUBLIC_INFRASTRUCTURE,5
processed/images/WATER_DRAINAGE/water_drainage_0162.jpg,water_drainage_0162.jpg,WATER_DRAINAGE,2
processed/images/WATER_DRAINAGE/water_drainage_0190.jpg,water_drainage_0190.jpg,WATER_DRAINAGE,2
processed/images/PUBLIC_INFRASTRUCTURE/public_infrastructure_0980.jpg,public_infrastructure_0980.jpg,PUBLIC_INFRASTRUCTURE,5
processed/images/TREES_ENVIRONMENT/trees_environment_0993.jpg,trees_environment_0993.jpg,TREES_ENVIRONMENT,4
processed/images/ROADS/roads_0400.jpg,roads_0400.jpg,ROADS,0
processed/images/PUBLIC_INFRASTRUCTURE/public_infrastructure_0531.jpg,public_infrastructure_0531.jpg,PUBLIC_INFRASTRUCTURE,5
processed/images/WASTE_MANAGEMENT/waste_management_0382.jpg,waste_management_0382.jpg,WASTE_MANAGEMENT,3
processed/images/TREES_ENVIRONMENT/trees_environment_1341.jpg,trees_environment_1341.jpg,TREES_ENVIRONMENT,4
processed/images/TREES_ENVIRONMENT/trees_environment_0611.jpg,trees_environment_0611.jpg,TREES_ENVIRONMENT,4
processed/images/PUBLIC_INFRASTRUCTURE/public_infrastructure_0520.jpg,public_infrastructure_0520.jpg,PUBLIC_INFRASTRUCTURE,5
processed/images/WASTE_MANAGEMENT/waste_management_0885.jpg,waste_management_0885.jpg,WASTE_MANAGEMENT,3
processed/images/ROADS/roads_1759.png,roads_1759.png,ROADS,0
processed/images/PUBLIC_INFRASTRUCTURE/public_infrastructure_0371.jpg,public_infrastructure_0371.jpg,PUBLIC_INFRASTRUCTURE,5
processed/images/TREES_ENVIRONMENT/trees_environment_0521.jpg,trees_environment_0521.jpg,TREES_ENVIRONMENT,4
processed/images/ROADS/roads_1640.png,roads_1640.png,ROADS,0
processed/images/ROADS/roads_0340.jpg,roads_0340.jpg,ROADS,0
processed/images/TREES_ENVIRONMENT/trees_environment_1197.jpg,trees_environment_1197.jpg,TREES_ENVIRONMENT,4
processed/images/WATER_DRAINAGE/water_drainage_0051.jpg,water_drainage_0051.jpg,WATER_DRAINAGE,2
processed/images/STREET_LIGHTING/street_lighting_1128.jpg,street_lighting_1128.jpg,STREET_LIGHTING,1
processed/images/ROADS/roads_1206.jpg,roads_1206.jpg,ROADS,0
processed/images/STREET_LIGHTING/street_lighting_1022.jpg,street_lighting_1022.jpg,STREET_LIGHTING,1
processed/images/PUBLIC_INFRASTRUCTURE/public_infrastructure_1197.jpg,public_infrastructure_1197.jpg,PUBLIC_INFRASTRUCTURE,5
processed/images/WASTE_MANAGEMENT/waste_management_0747.jpg,waste_management_0747.jpg,WASTE_MANAGEMENT,3
processed/images/STREET_LIGHTING/street_lighting_0282.jpg,street_lighting_0282.jpg,STREET_LIGHTING,1
processed/images/STREET_LIGHTING/street_lighting_0545.jpg,street_lighting_0545.jpg,STREET_LIGHTING,1
processed/images/STREET_LIGHTING/street_lighting_0332.jpg,street_lighting_0332.jpg,STREET_LIGHTING,1
processed/images/STREET_LIGHTING/street_lighting_0978.jpg,street_lighting_0978.jpg,STREET_LIGHTING,1
processed/images/TREES_ENVIRONMENT/trees_environment_0427.jpg,trees_environment_0427.jpg,TREES_ENVIRONMENT,4
processed/images/PUBLIC_INFRASTRUCTURE/public_infrastructure_1435.jpg,public_infrastructure_1435.jpg,PUBLIC_INFRASTRUCTURE,5
processed/images/ROADS/roads_0255.jpg,roads_0255.jpg,ROADS,0
processed/images/TREES_ENVIRONMENT/trees_environment_1113.jpg,trees_environment_1113.jpg,TREES_ENVIRONMENT,4
processed/images/PUBLIC_INFRASTRUCTURE/public_infrastructure_0117.jpg,public_infrastructure_0117.jpg,PUBLIC_INFRASTRUCTURE,5
processed/images/ROADS/roads_0611.jpg,roads_0611.jpg,ROADS,0
processed/images/ROADS/roads_1412.png,roads_1412.png,ROADS,0
processed/images/ROADS/roads_1216.jpg,roads_1216.jpg,ROADS,0
processed/images/TREES_ENVIRONMENT/trees_environment_1583.jpg,trees_environment_1583.jpg,TREES_ENVIRONMENT,4
processed/images/WASTE_MANAGEMENT/waste_management_0242.jpg,waste_management_0242.jpg,WASTE_MANAGEMENT,3
processed/images/ROADS/roads_0674.jpg,roads_0674.jpg,ROADS,0
processed/images/ROADS/roads_0785.jpg,roads_0785.jpg,ROADS,0
processed/images/TREES_ENVIRONMENT/trees_environment_0306.jpg,trees_environment_0306.jpg,TREES_ENVIRONMENT,4
processed/images/PUBLIC_INFRASTRUCTURE/public_infrastructure_1140.jpg,public_infrastructure_1140.jpg,PUBLIC_INFRASTRUCTURE,5
processed/images/ROADS/roads_0575.jpg,roads_0575.jpg,ROADS,0
processed/images/TREES_ENVIRONMENT/trees_environment_1475.jpg,trees_environment_1475.jpg,TREES_ENVIRONMENT,4
processed/images/PUBLIC_INFRASTRUCTURE/public_infrastructure_0690.jpg,public_infrastructure_0690.jpg,PUBLIC_INFRASTRUCTURE,5
processed/images/STREET_LIGHTING/street_lighting_0370.jpg,street_lighting_0370.jpg,STREET_LIGHTING,1
processed/images/WATER_DRAINAGE/water_drainage_0070.jpg,water_drainage_0070.jpg,WATER_DRAINAGE,2
processed/images/PUBLIC_INFRASTRUCTURE/public_infrastructure_0212.jpg,public_infrastructure_0212.jpg,PUBLIC_INFRASTRUCTURE,5
processed/images/STREET_LIGHTING/street_lighting_0541.jpg,street_lighting_0541.jpg,STREET_LIGHTING,1
processed/images/TREES_ENVIRONMENT/trees_environment_0238.jpg,trees_environment_0238.jpg,TREES_ENVIRONMENT,4
processed/images/ROADS/roads_1790.png,roads_1790.png,ROADS,0
processed/images/WASTE_MANAGEMENT/waste_management_0309.jpg,waste_management_0309.jpg,WASTE_MANAGEMENT,3
processed/images/STREET_LIGHTING/street_lighting_0915.jpg,street_lighting_0915.jpg,STREET_LIGHTING,1
processed/images/PUBLIC_INFRASTRUCTURE/public_infrastructure_0804.jpg,public_infrastructure_0804.jpg,PUBLIC_INFRASTRUCTURE,5
processed/images/PUBLIC_INFRASTRUCTURE/public_infrastructure_0079.jpg,public_infrastructure_0079.jpg,PUBLIC_INFRASTRUCTURE,5
processed/images/WASTE_MANAGEMENT/waste_management_0627.jpg,waste_management_0627.jpg,WASTE_MANAGEMENT,3
processed/images/TREES_ENVIRONMENT/trees_environment_0440.jpg,trees_environment_0440.jpg,TREES_ENVIRONMENT,4
processed/images/WASTE_MANAGEMENT/waste_management_0033.jpg,waste_management_0033.jpg,WASTE_MANAGEMENT,3
processed/images/PUBLIC_INFRASTRUCTURE/public_infrastructure_1003.jpg,public_infrastructure_1003.jpg,PUBLIC_INFRASTRUCTURE,5
processed/images/WASTE_MANAGEMENT/waste_management_0781.jpg,waste_management_0781.jpg,WASTE_MANAGEMENT,3
processed/images/PUBLIC_INFRASTRUCTURE/public_infrastructure_0772.jpg,public_infrastructure_0772.jpg,PUBLIC_INFRASTRUCTURE,5
processed/images/ROADS/roads_1272.png,roads_1272.png,ROADS,0
processed/images/ROADS/roads_1581.png,roads_1581.png,ROADS,0
processed/images/ROADS/roads_1725.png,roads_1725.png,ROADS,0
processed/images/ROADS/roads_0784.jpg,roads_0784.jpg,ROADS,0
processed/images/TREES_ENVIRONMENT/trees_environment_0861.jpg,trees_environment_0861.jpg,TREES_ENVIRONMENT,4
processed/images/TREES_ENVIRONMENT/trees_environment_0226.jpg,trees_environment_0226.jpg,TREES_ENVIRONMENT,4
processed/images/ROADS/roads_1669.png,roads_1669.png,ROADS,0
processed/images/PUBLIC_INFRASTRUCTURE/public_infrastructure_0837.jpg,public_infrastructure_0837.jpg,PUBLIC_INFRASTRUCTURE,5
processed/images/WATER_DRAINAGE/water_drainage_0081.jpg,water_drainage_0081.jpg,WATER_DRAINAGE,2
processed/images/STREET_LIGHTING/street_lighting_0040.jpg,street_lighting_0040.jpg,STREET_LIGHTING,1
processed/images/WASTE_MANAGEMENT/waste_management_0270.jpg,waste_management_0270.jpg,WASTE_MANAGEMENT,3
processed/images/ROADS/roads_1115.jpg,roads_1115.jpg,ROADS,0
processed/images/ROADS/roads_0253.jpg,roads_0253.jpg,ROADS,0
processed/images/STREET_LIGHTING/street_lighting_0440.jpg,street_lighting_0440.jpg,STREET_LIGHTING,1
processed/images/TREES_ENVIRONMENT/trees_environment_1138.jpg,trees_environment_1138.jpg,TREES_ENVIRONMENT,4
processed/images/WATER_DRAINAGE/water_drainage_0203.jpg,water_drainage_0203.jpg,WATER_DRAINAGE,2
processed/images/PUBLIC_INFRASTRUCTURE/public_infrastructure_1011.jpg,public_infrastructure_1011.jpg,PUBLIC_INFRASTRUCTURE,5
processed/images/ROADS/roads_0034.jpeg,roads_0034.jpeg,ROADS,0
processed/images/PUBLIC_INFRASTRUCTURE/public_infrastructure_0543.jpg,public_infrastructure_0543.jpg,PUBLIC_INFRASTRUCTURE,5
processed/images/PUBLIC_INFRASTRUCTURE/public_infrastructure_0600.jpg,public_infrastructure_0600.jpg,PUBLIC_INFRASTRUCTURE,5
processed/images/PUBLIC_INFRASTRUCTURE/public_infrastructure_0821.jpg,public_infrastructure_0821.jpg,PUBLIC_INFRASTRUCTURE,5
processed/images/ROADS/roads_0060.jpg,roads_0060.jpg,ROADS,0
processed/images/ROADS/roads_0898.jpg,roads_0898.jpg,ROADS,0
processed/images/TREES_ENVIRONMENT/trees_environment_1614.jpg,trees_environment_1614.jpg,TREES_ENVIRONMENT,4
processed/images/WATER_DRAINAGE/water_drainage_0234.jpg,water_drainage_0234.jpg,WATER_DRAINAGE,2
processed/images/ROADS/roads_0655.jpg,roads_0655.jpg,ROADS,0
processed/images/WATER_DRAINAGE/water_drainage_0135.jpg,water_drainage_0135.jpg,WATER_DRAINAGE,2
processed/images/PUBLIC_INFRASTRUCTURE/public_infrastructure_1100.jpg,public_infrastructure_1100.jpg,PUBLIC_INFRASTRUCTURE,5
processed/images/TREES_ENVIRONMENT/trees_environment_0541.jpg,trees_environment_0541.jpg,TREES_ENVIRONMENT,4
processed/images/WATER_DRAINAGE/water_drainage_0344.jpg,water_drainage_0344.jpg,WATER_DRAINAGE,2
processed/images/WASTE_MANAGEMENT/waste_management_0752.jpg,waste_management_0752.jpg,WASTE_MANAGEMENT,3
processed/images/TREES_ENVIRONMENT/trees_environment_1304.jpg,trees_environment_1304.jpg,TREES_ENVIRONMENT,4
processed/images/TREES_ENVIRONMENT/trees_environment_0470.jpg,trees_environment_0470.jpg,TREES_ENVIRONMENT,4
processed/images/TREES_ENVIRONMENT/trees_environment_1628.jpg,trees_environment_1628.jpg,TREES_ENVIRONMENT,4
processed/images/PUBLIC_INFRASTRUCTURE/public_infrastructure_0932.jpg,public_infrastructure_0932.jpg,PUBLIC_INFRASTRUCTURE,5
processed/images/ROADS/roads_0709.jpg,roads_0709.jpg,ROADS,0
processed/images/TREES_ENVIRONMENT/trees_environment_1164.jpg,trees_environment_1164.jpg,TREES_ENVIRONMENT,4
processed/images/ROADS/roads_0058.jpg,roads_0058.jpg,ROADS,0
processed/images/STREET_LIGHTING/street_lighting_1042.jpg,street_lighting_1042.jpg,STREET_LIGHTING,1
processed/images/STREET_LIGHTING/street_lighting_0418.jpg,street_lighting_0418.jpg,STREET_LIGHTING,1
processed/images/TREES_ENVIRONMENT/trees_environment_0217.jpg,trees_environment_0217.jpg,TREES_ENVIRONMENT,4
processed/images/TREES_ENVIRONMENT/trees_environment_0741.jpg,trees_environment_0741.jpg,TREES_ENVIRONMENT,4
processed/images/TREES_ENVIRONMENT/trees_environment_0970.jpg,trees_environment_0970.jpg,TREES_ENVIRONMENT,4
processed/images/PUBLIC_INFRASTRUCTURE/public_infrastructure_1296.jpg,public_infrastructure_1296.jpg,PUBLIC_INFRASTRUCTURE,5
processed/images/TREES_ENVIRONMENT/trees_environment_0960.jpg,trees_environment_0960.jpg,TREES_ENVIRONMENT,4
processed/images/STREET_LIGHTING/street_lighting_0214.jpg,street_lighting_0214.jpg,STREET_LIGHTING,1
processed/images/WASTE_MANAGEMENT/waste_management_0769.jpg,waste_management_0769.jpg,WASTE_MANAGEMENT,3
processed/images/PUBLIC_INFRASTRUCTURE/public_infrastructure_0238.jpg,public_infrastructure_0238.jpg,PUBLIC_INFRASTRUCTURE,5
processed/images/ROADS/roads_0463.jpg,roads_0463.jpg,ROADS,0
processed/images/STREET_LIGHTING/street_lighting_1076.jpg,street_lighting_1076.jpg,STREET_LIGHTING,1
processed/images/ROADS/roads_0319.jpg,roads_0319.jpg,ROADS,0
processed/images/ROADS/roads_1523.png,roads_1523.png,ROADS,0
processed/images/STREET_LIGHTING/street_lighting_0415.jpg,street_lighting_0415.jpg,STREET_LIGHTING,1
processed/images/STREET_LIGHTING/street_lighting_1047.jpg,street_lighting_1047.jpg,STREET_LIGHTING,1
processed/images/WASTE_MANAGEMENT/waste_management_0650.jpg,waste_management_0650.jpg,WASTE_MANAGEMENT,3
processed/images/ROADS/roads_1502.png,roads_1502.png,ROADS,0
processed/images/ROADS/roads_0074.jpg,roads_0074.jpg,ROADS,0
processed/images/WASTE_MANAGEMENT/waste_management_0288.jpg,waste_management_0288.jpg,WASTE_MANAGEMENT,3
processed/images/ROADS/roads_0638.jpg,roads_0638.jpg,ROADS,0
processed/images/ROADS/roads_1547.png,roads_1547.png,ROADS,0
processed/images/TREES_ENVIRONMENT/trees_environment_1457.jpg,trees_environment_1457.jpg,TREES_ENVIRONMENT,4
processed/images/TREES_ENVIRONMENT/trees_environment_0175.jpg,trees_environment_0175.jpg,TREES_ENVIRONMENT,4
processed/images/ROADS/roads_0286.jpg,roads_0286.jpg,ROADS,0
processed/images/PUBLIC_INFRASTRUCTURE/public_infrastructure_0051.jpg,public_infrastructure_0051.jpg,PUBLIC_INFRASTRUCTURE,5
processed/images/TREES_ENVIRONMENT/trees_environment_0244.jpg,trees_environment_0244.jpg,TREES_ENVIRONMENT,4
processed/images/TREES_ENVIRONMENT/trees_environment_0201.jpg,trees_environment_0201.jpg,TREES_ENVIRONMENT,4
processed/images/STREET_LIGHTING/street_lighting_0675.jpg,street_lighting_0675.jpg,STREET_LIGHTING,1
processed/images/ROADS/roads_1167.jpg,roads_1167.jpg,ROADS,0
processed/images/PUBLIC_INFRASTRUCTURE/public_infrastructure_0528.jpg,public_infrastructure_0528.jpg,PUBLIC_INFRASTRUCTURE,5
processed/images/ROADS/roads_1395.png,roads_1395.png,ROADS,0
processed/images/PUBLIC_INFRASTRUCTURE/public_infrastructure_0668.jpg,public_infrastructure_0668.jpg,PUBLIC_INFRASTRUCTURE,5
processed/images/ROADS/roads_0679.jpg,roads_0679.jpg,ROADS,0
processed/images/TREES_ENVIRONMENT/trees_environment_1076.jpg,trees_environment_1076.jpg,TREES_ENVIRONMENT,4
processed/images/ROADS/roads_0888.jpg,roads_0888.jpg,ROADS,0
processed/images/ROADS/roads_1533.png,roads_1533.png,ROADS,0
processed/images/STREET_LIGHTING/street_lighting_0496.jpg,street_lighting_0496.jpg,STREET_LIGHTING,1
processed/images/WASTE_MANAGEMENT/waste_management_0092.jpg,waste_management_0092.jpg,WASTE_MANAGEMENT,3
processed/images/ROADS/roads_1697.png,roads_1697.png,ROADS,0
processed/images/ROADS/roads_0238.jpg,roads_0238.jpg,ROADS,0
processed/images/PUBLIC_INFRASTRUCTURE/public_infrastructure_1201.jpg,public_infrastructure_1201.jpg,PUBLIC_INFRASTRUCTURE,5
processed/images/ROADS/roads_0161.jpg,roads_0161.jpg,ROADS,0
processed/images/STREET_LIGHTING/street_lighting_0537.jpg,street_lighting_0537.jpg,STREET_LIGHTING,1
processed/images/PUBLIC_INFRASTRUCTURE/public_infrastructure_0891.jpg,public_infrastructure_0891.jpg,PUBLIC_INFRASTRUCTURE,5
processed/images/PUBLIC_INFRASTRUCTURE/public_infrastructure_1075.jpg,public_infrastructure_1075.jpg,PUBLIC_INFRASTRUCTURE,5
processed/images/PUBLIC_INFRASTRUCTURE/public_infrastructure_0047.jpg,public_infrastructure_0047.jpg,PUBLIC_INFRASTRUCTURE,5
processed/images/STREET_LIGHTING/street_lighting_0181.jpg,street_lighting_0181.jpg,STREET_LIGHTING,1
processed/images/STREET_LIGHTING/street_lighting_0593.jpg,street_lighting_0593.jpg,STREET_LIGHTING,1
processed/images/ROADS/roads_1469.png,roads_1469.png,ROADS,0
processed/images/TREES_ENVIRONMENT/trees_environment_0829.jpg,trees_environment_0829.jpg,TREES_ENVIRONMENT,4
processed/images/WATER_DRAINAGE/water_drainage_0336.jpg,water_drainage_0336.jpg,WATER_DRAINAGE,2
processed/images/PUBLIC_INFRASTRUCTURE/public_infrastructure_1122.jpg,public_infrastructure_1122.jpg,PUBLIC_INFRASTRUCTURE,5
processed/images/ROADS/roads_0725.jpg,roads_0725.jpg,ROADS,0
processed/images/ROADS/roads_0355.jpg,roads_0355.jpg,ROADS,0
processed/images/PUBLIC_INFRASTRUCTURE/public_infrastructure_0507.jpg,public_infrastructure_0507.jpg,PUBLIC_INFRASTRUCTURE,5
processed/images/WASTE_MANAGEMENT/waste_management_0142.jpg,waste_management_0142.jpg,WASTE_MANAGEMENT,3
processed/images/PUBLIC_INFRASTRUCTURE/public_infrastructure_0439.jpg,public_infrastructure_0439.jpg,PUBLIC_INFRASTRUCTURE,5
processed/images/TREES_ENVIRONMENT/trees_environment_0100.jpg,trees_environment_0100.jpg,TREES_ENVIRONMENT,4
processed/images/TREES_ENVIRONMENT/trees_environment_0098.jpg,trees_environment_0098.jpg,TREES_ENVIRONMENT,4
processed/images/ROADS/roads_0105.jpg,roads_0105.jpg,ROADS,0
processed/images/WASTE_MANAGEMENT/waste_management_0415.jpg,waste_management_0415.jpg,WASTE_MANAGEMENT,3
processed/images/ROADS/roads_1659.png,roads_1659.png,ROADS,0
processed/images/PUBLIC_INFRASTRUCTURE/public_infrastructure_0735.jpg,public_infrastructure_0735.jpg,PUBLIC_INFRASTRUCTURE,5
processed/images/ROADS/roads_1044.jpg,roads_1044.jpg,ROADS,0
processed/images/WATER_DRAINAGE/water_drainage_0073.jpg,water_drainage_0073.jpg,WATER_DRAINAGE,2
processed/images/ROADS/roads_1327.png,roads_1327.png,ROADS,0
processed/images/STREET_LIGHTING/street_lighting_0117.jpg,street_lighting_0117.jpg,STREET_LIGHTING,1
processed/images/PUBLIC_INFRASTRUCTURE/public_infrastructure_1351.jpg,public_infrastructure_1351.jpg,PUBLIC_INFRASTRUCTURE,5
processed/images/WASTE_MANAGEMENT/waste_management_0395.jpg,waste_management_0395.jpg,WASTE_MANAGEMENT,3
processed/images/ROADS/roads_1926.png,roads_1926.png,ROADS,0
processed/images/TREES_ENVIRONMENT/trees_environment_1344.jpg,trees_environment_1344.jpg,TREES_ENVIRONMENT,4
processed/images/WASTE_MANAGEMENT/waste_management_0007.jpg,waste_management_0007.jpg,WASTE_MANAGEMENT,3
processed/images/ROADS/roads_0676.jpg,roads_0676.jpg,ROADS,0
processed/images/TREES_ENVIRONMENT/trees_environment_0550.jpg,trees_environment_0550.jpg,TREES_ENVIRONMENT,4
processed/images/TREES_ENVIRONMENT/trees_environment_1513.jpg,trees_environment_1513.jpg,TREES_ENVIRONMENT,4
processed/images/ROADS/roads_1066.jpg,roads_1066.jpg,ROADS,0
processed/images/WASTE_MANAGEMENT/waste_management_0557.jpg,waste_management_0557.jpg,WASTE_MANAGEMENT,3
processed/images/WASTE_MANAGEMENT/waste_management_0480.jpg,waste_management_0480.jpg,WASTE_MANAGEMENT,3
processed/images/WATER_DRAINAGE/water_drainage_0230.jpg,water_drainage_0230.jpg,WATER_DRAINAGE,2
processed/images/PUBLIC_INFRASTRUCTURE/public_infrastructure_1146.jpg,public_infrastructure_1146.jpg,PUBLIC_INFRASTRUCTURE,5
processed/images/WASTE_MANAGEMENT/waste_management_0281.jpg,waste_management_0281.jpg,WASTE_MANAGEMENT,3
processed/images/ROADS/roads_0348.jpg,roads_0348.jpg,ROADS,0
processed/images/TREES_ENVIRONMENT/trees_environment_0336.jpg,trees_environment_0336.jpg,TREES_ENVIRONMENT,4
processed/images/WASTE_MANAGEMENT/waste_management_0255.jpg,waste_management_0255.jpg,WASTE_MANAGEMENT,3
processed/images/PUBLIC_INFRASTRUCTURE/public_infrastructure_1240.jpg,public_infrastructure_1240.jpg,PUBLIC_INFRASTRUCTURE,5
processed/images/ROADS/roads_1434.png,roads_1434.png,ROADS,0
processed/images/PUBLIC_INFRASTRUCTURE/public_infrastructure_0544.jpg,public_infrastructure_0544.jpg,PUBLIC_INFRASTRUCTURE,5
processed/images/ROADS/roads_1319.png,roads_1319.png,ROADS,0
processed/images/WASTE_MANAGEMENT/waste_management_0815.jpg,waste_management_0815.jpg,WASTE_MANAGEMENT,3
processed/images/ROADS/roads_1758.png,roads_1758.png,ROADS,0
processed/images/STREET_LIGHTING/street_lighting_0237.jpg,street_lighting_0237.jpg,STREET_LIGHTING,1
processed/images/TREES_ENVIRONMENT/trees_environment_0865.jpg,trees_environment_0865.jpg,TREES_ENVIRONMENT,4
processed/images/WASTE_MANAGEMENT/waste_management_0774.jpg,waste_management_0774.jpg,WASTE_MANAGEMENT,3
processed/images/ROADS/roads_0030.jpeg,roads_0030.jpeg,ROADS,0
processed/images/PUBLIC_INFRASTRUCTURE/public_infrastructure_0831.jpg,public_infrastructure_0831.jpg,PUBLIC_INFRASTRUCTURE,5
processed/images/STREET_LIGHTING/street_lighting_0061.jpg,street_lighting_0061.jpg,STREET_LIGHTING,1
processed/images/PUBLIC_INFRASTRUCTURE/public_infrastructure_1322.jpg,public_infrastructure_1322.jpg,PUBLIC_INFRASTRUCTURE,5
processed/images/STREET_LIGHTING/street_lighting_0779.jpg,street_lighting_0779.jpg,STREET_LIGHTING,1
processed/images/PUBLIC_INFRASTRUCTURE/public_infrastructure_0343.jpg,public_infrastructure_0343.jpg,PUBLIC_INFRASTRUCTURE,5
processed/images/WATER_DRAINAGE/water_drainage_0283.jpg,water_drainage_0283.jpg,WATER_DRAINAGE,2
processed/images/TREES_ENVIRONMENT/trees_environment_0316.jpg,trees_environment_0316.jpg,TREES_ENVIRONMENT,4
processed/images/PUBLIC_INFRASTRUCTURE/public_infrastructure_1254.jpg,public_infrastructure_1254.jpg,PUBLIC_INFRASTRUCTURE,5
processed/images/TREES_ENVIRONMENT/trees_environment_0029.jpg,trees_environment_0029.jpg,TREES_ENVIRONMENT,4
processed/images/PUBLIC_INFRASTRUCTURE/public_infrastructure_1345.jpg,public_infrastructure_1345.jpg,PUBLIC_INFRASTRUCTURE,5
processed/images/ROADS/roads_0482.jpg,roads_0482.jpg,ROADS,0
processed/images/WASTE_MANAGEMENT/waste_management_0638.jpg,waste_management_0638.jpg,WASTE_MANAGEMENT,3
processed/images/STREET_LIGHTING/street_lighting_0190.jpg,street_lighting_0190.jpg,STREET_LIGHTING,1
processed/images/TREES_ENVIRONMENT/trees_environment_1000.jpg,trees_environment_1000.jpg,TREES_ENVIRONMENT,4
processed/images/PUBLIC_INFRASTRUCTURE/public_infrastructure_0820.jpg,public_infrastructure_0820.jpg,PUBLIC_INFRASTRUCTURE,5
processed/images/TREES_ENVIRONMENT/trees_environment_0350.jpg,trees_environment_0350.jpg,TREES_ENVIRONMENT,4
processed/images/ROADS/roads_1427.png,roads_1427.png,ROADS,0
processed/images/ROADS/roads_0972.jpg,roads_0972.jpg,ROADS,0
processed/images/STREET_LIGHTING/street_lighting_0559.jpg,street_lighting_0559.jpg,STREET_LIGHTING,1
processed/images/TREES_ENVIRONMENT/trees_environment_0251.jpg,trees_environment_0251.jpg,TREES_ENVIRONMENT,4
processed/images/PUBLIC_INFRASTRUCTURE/public_infrastructure_0732.jpg,public_infrastructure_0732.jpg,PUBLIC_INFRASTRUCTURE,5
processed/images/ROADS/roads_1851.png,roads_1851.png,ROADS,0
processed/images/ROADS/roads_1255.jpg,roads_1255.jpg,ROADS,0
processed/images/STREET_LIGHTING/street_lighting_0459.jpg,street_lighting_0459.jpg,STREET_LIGHTING,1
processed/images/WASTE_MANAGEMENT/waste_management_0250.jpg,waste_management_0250.jpg,WASTE_MANAGEMENT,3
processed/images/STREET_LIGHTING/street_lighting_0907.jpg,street_lighting_0907.jpg,STREET_LIGHTING,1
processed/images/ROADS/roads_0287.jpg,roads_0287.jpg,ROADS,0
processed/images/ROADS/roads_0941.jpg,roads_0941.jpg,ROADS,0
processed/images/PUBLIC_INFRASTRUCTURE/public_infrastructure_0366.jpg,public_infrastructure_0366.jpg,PUBLIC_INFRASTRUCTURE,5
processed/images/PUBLIC_INFRASTRUCTURE/public_infrastructure_1116.jpg,public_infrastructure_1116.jpg,PUBLIC_INFRASTRUCTURE,5
processed/images/WATER_DRAINAGE/water_drainage_0116.jpg,water_drainage_0116.jpg,WATER_DRAINAGE,2
processed/images/STREET_LIGHTING/street_lighting_0870.jpg,street_lighting_0870.jpg,STREET_LIGHTING,1
processed/images/ROADS/roads_1312.png,roads_1312.png,ROADS,0
processed/images/PUBLIC_INFRASTRUCTURE/public_infrastructure_0947.jpg,public_infrastructure_0947.jpg,PUBLIC_INFRASTRUCTURE,5
processed/images/PUBLIC_INFRASTRUCTURE/public_infrastructure_1497.jpg,public_infrastructure_1497.jpg,PUBLIC_INFRASTRUCTURE,5
processed/images/WASTE_MANAGEMENT/waste_management_0084.jpg,waste_management_0084.jpg,WASTE_MANAGEMENT,3
processed/images/WASTE_MANAGEMENT/waste_management_0253.jpg,waste_management_0253.jpg,WASTE_MANAGEMENT,3
processed/images/TREES_ENVIRONMENT/trees_environment_1420.jpg,trees_environment_1420.jpg,TREES_ENVIRONMENT,4
processed/images/ROADS/roads_0558.jpg,roads_0558.jpg,ROADS,0
processed/images/STREET_LIGHTING/street_lighting_0342.jpg,street_lighting_0342.jpg,STREET_LIGHTING,1
processed/images/TREES_ENVIRONMENT/trees_environment_0549.jpg,trees_environment_0549.jpg,TREES_ENVIRONMENT,4
processed/images/STREET_LIGHTING/street_lighting_0565.jpg,street_lighting_0565.jpg,STREET_LIGHTING,1
processed/images/WASTE_MANAGEMENT/waste_management_0234.jpg,waste_management_0234.jpg,WASTE_MANAGEMENT,3
processed/images/ROADS/roads_1764.png,roads_1764.png,ROADS,0
processed/images/ROADS/roads_1230.jpg,roads_1230.jpg,ROADS,0
processed/images/ROADS/roads_0078.jpg,roads_0078.jpg,ROADS,0
processed/images/WASTE_MANAGEMENT/waste_management_0449.jpg,waste_management_0449.jpg,WASTE_MANAGEMENT,3
processed/images/ROADS/roads_1438.png,roads_1438.png,ROADS,0
processed/images/ROADS/roads_1593.png,roads_1593.png,ROADS,0
processed/images/STREET_LIGHTING/street_lighting_0813.jpg,street_lighting_0813.jpg,STREET_LIGHTING,1
processed/images/TREES_ENVIRONMENT/trees_environment_0451.jpg,trees_environment_0451.jpg,TREES_ENVIRONMENT,4
processed/images/PUBLIC_INFRASTRUCTURE/public_infrastructure_1404.jpg,public_infrastructure_1404.jpg,PUBLIC_INFRASTRUCTURE,5
processed/images/WASTE_MANAGEMENT/waste_management_0057.jpg,waste_management_0057.jpg,WASTE_MANAGEMENT,3
processed/images/WASTE_MANAGEMENT/waste_management_0038.jpg,waste_management_0038.jpg,WASTE_MANAGEMENT,3
processed/images/PUBLIC_INFRASTRUCTURE/public_infrastructure_0612.jpg,public_infrastructure_0612.jpg,PUBLIC_INFRASTRUCTURE,5
processed/images/TREES_ENVIRONMENT/trees_environment_1354.jpg,trees_environment_1354.jpg,TREES_ENVIRONMENT,4
processed/images/WATER_DRAINAGE/water_drainage_0422.jpg,water_drainage_0422.jpg,WATER_DRAINAGE,2
processed/images/WATER_DRAINAGE/water_drainage_0297.jpg,water_drainage_0297.jpg,WATER_DRAINAGE,2
processed/images/ROADS/roads_0582.jpg,roads_0582.jpg,ROADS,0
processed/images/STREET_LIGHTING/street_lighting_0515.jpg,street_lighting_0515.jpg,STREET_LIGHTING,1
processed/images/WATER_DRAINAGE/water_drainage_0086.jpg,water_drainage_0086.jpg,WATER_DRAINAGE,2
processed/images/ROADS/roads_1757.png,roads_1757.png,ROADS,0
processed/images/ROADS/roads_0107.jpg,roads_0107.jpg,ROADS,0
processed/images/WATER_DRAINAGE/water_drainage_0064.jpg,water_drainage_0064.jpg,WATER_DRAINAGE,2
processed/images/TREES_ENVIRONMENT/trees_environment_0676.jpg,trees_environment_0676.jpg,TREES_ENVIRONMENT,4
processed/images/STREET_LIGHTING/street_lighting_1096.jpg,street_lighting_1096.jpg,STREET_LIGHTING,1
processed/images/WATER_DRAINAGE/water_drainage_0435.jpg,water_drainage_0435.jpg,WATER_DRAINAGE,2
processed/images/PUBLIC_INFRASTRUCTURE/public_infrastructure_1055.jpg,public_infrastructure_1055.jpg,PUBLIC_INFRASTRUCTURE,5
processed/images/TREES_ENVIRONMENT/trees_environment_0701.jpg,trees_environment_0701.jpg,TREES_ENVIRONMENT,4
processed/images/WASTE_MANAGEMENT/waste_management_0054.jpg,waste_management_0054.jpg,WASTE_MANAGEMENT,3
processed/images/PUBLIC_INFRASTRUCTURE/public_infrastructure_0011.jpg,public_infrastructure_0011.jpg,PUBLIC_INFRASTRUCTURE,5
processed/images/ROADS/roads_1888.png,roads_1888.png,ROADS,0
processed/images/WASTE_MANAGEMENT/waste_management_0202.jpg,waste_management_0202.jpg,WASTE_MANAGEMENT,3
processed/images/ROADS/roads_0136.jpg,roads_0136.jpg,ROADS,0
processed/images/WASTE_MANAGEMENT/waste_management_0672.jpg,waste_management_0672.jpg,WASTE_MANAGEMENT,3
processed/images/WATER_DRAINAGE/water_drainage_0019.jpg,water_drainage_0019.jpg,WATER_DRAINAGE,2
processed/images/ROADS/roads_1388.png,roads_1388.png,ROADS,0
processed/images/ROADS/roads_0424.jpg,roads_0424.jpg,ROADS,0
processed/images/ROADS/roads_1787.png,roads_1787.png,ROADS,0
processed/images/STREET_LIGHTING/street_lighting_0522.jpg,street_lighting_0522.jpg,STREET_LIGHTING,1
processed/images/WASTE_MANAGEMENT/waste_management_0876.jpg,waste_management_0876.jpg,WASTE_MANAGEMENT,3
processed/images/TREES_ENVIRONMENT/trees_environment_0332.jpg,trees_environment_0332.jpg,TREES_ENVIRONMENT,4
processed/images/PUBLIC_INFRASTRUCTURE/public_infrastructure_0097.jpg,public_infrastructure_0097.jpg,PUBLIC_INFRASTRUCTURE,5
processed/images/TREES_ENVIRONMENT/trees_environment_0131.jpg,trees_environment_0131.jpg,TREES_ENVIRONMENT,4
processed/images/ROADS/roads_1781.png,roads_1781.png,ROADS,0
processed/images/TREES_ENVIRONMENT/trees_environment_0596.jpg,trees_environment_0596.jpg,TREES_ENVIRONMENT,4
processed/images/ROADS/roads_0024.jpeg,roads_0024.jpeg,ROADS,0
processed/images/PUBLIC_INFRASTRUCTURE/public_infrastructure_1164.jpg,public_infrastructure_1164.jpg,PUBLIC_INFRASTRUCTURE,5
processed/images/PUBLIC_INFRASTRUCTURE/public_infrastructure_1251.jpg,public_infrastructure_1251.jpg,PUBLIC_INFRASTRUCTURE,5
processed/images/TREES_ENVIRONMENT/trees_environment_0673.jpg,trees_environment_0673.jpg,TREES_ENVIRONMENT,4
processed/images/WASTE_MANAGEMENT/waste_management_0796.jpg,waste_management_0796.jpg,WASTE_MANAGEMENT,3
processed/images/PUBLIC_INFRASTRUCTURE/public_infrastructure_1470.jpg,public_infrastructure_1470.jpg,PUBLIC_INFRASTRUCTURE,5
processed/images/TREES_ENVIRONMENT/trees_environment_1346.jpg,trees_environment_1346.jpg,TREES_ENVIRONMENT,4
processed/images/PUBLIC_INFRASTRUCTURE/public_infrastructure_0662.jpg,public_infrastructure_0662.jpg,PUBLIC_INFRASTRUCTURE,5
processed/images/TREES_ENVIRONMENT/trees_environment_0444.jpg,trees_environment_0444.jpg,TREES_ENVIRONMENT,4
processed/images/TREES_ENVIRONMENT/trees_environment_0692.jpg,trees_environment_0692.jpg,TREES_ENVIRONMENT,4
processed/images/ROADS/roads_1791.png,roads_1791.png,ROADS,0
processed/images/ROADS/roads_0634.jpg,roads_0634.jpg,ROADS,0
processed/images/ROADS/roads_1023.jpg,roads_1023.jpg,ROADS,0
processed/images/PUBLIC_INFRASTRUCTURE/public_infrastructure_1300.jpg,public_infrastructure_1300.jpg,PUBLIC_INFRASTRUCTURE,5
processed/images/TREES_ENVIRONMENT/trees_environment_0526.jpg,trees_environment_0526.jpg,TREES_ENVIRONMENT,4
processed/images/PUBLIC_INFRASTRUCTURE/public_infrastructure_0799.jpg,public_infrastructure_0799.jpg,PUBLIC_INFRASTRUCTURE,5
processed/images/ROADS/roads_0852.jpg,roads_0852.jpg,ROADS,0
processed/images/ROADS/roads_1660.png,roads_1660.png,ROADS,0
processed/images/TREES_ENVIRONMENT/trees_environment_0949.jpg,trees_environment_0949.jpg,TREES_ENVIRONMENT,4
processed/images/WATER_DRAINAGE/water_drainage_0158.jpg,water_drainage_0158.jpg,WATER_DRAINAGE,2
processed/images/PUBLIC_INFRASTRUCTURE/public_infrastructure_1494.jpg,public_infrastructure_1494.jpg,PUBLIC_INFRASTRUCTURE,5
processed/images/STREET_LIGHTING/street_lighting_0015.jpg,street_lighting_0015.jpg,STREET_LIGHTING,1
processed/images/ROADS/roads_0713.jpg,roads_0713.jpg,ROADS,0
processed/images/ROADS/roads_0829.jpg,roads_0829.jpg,ROADS,0
processed/images/WASTE_MANAGEMENT/waste_management_0403.jpg,waste_management_0403.jpg,WASTE_MANAGEMENT,3
processed/images/PUBLIC_INFRASTRUCTURE/public_infrastructure_0650.jpg,public_infrastructure_0650.jpg,PUBLIC_INFRASTRUCTURE,5
processed/images/PUBLIC_INFRASTRUCTURE/public_infrastructure_0332.jpg,public_infrastructure_0332.jpg,PUBLIC_INFRASTRUCTURE,5
processed/images/STREET_LIGHTING/street_lighting_0689.jpg,street_lighting_0689.jpg,STREET_LIGHTING,1
processed/images/TREES_ENVIRONMENT/trees_environment_0441.jpg,trees_environment_0441.jpg,TREES_ENVIRONMENT,4
processed/images/PUBLIC_INFRASTRUCTURE/public_infrastructure_1035.jpg,public_infrastructure_1035.jpg,PUBLIC_INFRASTRUCTURE,5
processed/images/TREES_ENVIRONMENT/trees_environment_1278.jpg,trees_environment_1278.jpg,TREES_ENVIRONMENT,4
processed/images/ROADS/roads_0528.jpg,roads_0528.jpg,ROADS,0
processed/images/TREES_ENVIRONMENT/trees_environment_1572.jpg,trees_environment_1572.jpg,TREES_ENVIRONMENT,4
processed/images/ROADS/roads_0894.jpg,roads_0894.jpg,ROADS,0
processed/images/WASTE_MANAGEMENT/waste_management_0150.jpg,waste_management_0150.jpg,WASTE_MANAGEMENT,3
processed/images/PUBLIC_INFRASTRUCTURE/public_infrastructure_0384.jpg,public_infrastructure_0384.jpg,PUBLIC_INFRASTRUCTURE,5
processed/images/PUBLIC_INFRASTRUCTURE/public_infrastructure_0191.jpg,public_infrastructure_0191.jpg,PUBLIC_INFRASTRUCTURE,5
processed/images/WASTE_MANAGEMENT/waste_management_0701.jpg,waste_management_0701.jpg,WASTE_MANAGEMENT,3
processed/images/STREET_LIGHTING/street_lighting_0152.jpg,street_lighting_0152.jpg,STREET_LIGHTING,1
processed/images/TREES_ENVIRONMENT/trees_environment_0125.jpg,trees_environment_0125.jpg,TREES_ENVIRONMENT,4
processed/images/WASTE_MANAGEMENT/waste_management_0842.jpg,waste_management_0842.jpg,WASTE_MANAGEMENT,3
processed/images/TREES_ENVIRONMENT/trees_environment_0312.jpg,trees_environment_0312.jpg,TREES_ENVIRONMENT,4
processed/images/ROADS/roads_1471.png,roads_1471.png,ROADS,0
processed/images/WATER_DRAINAGE/water_drainage_0357.jpg,water_drainage_0357.jpg,WATER_DRAINAGE,2
processed/images/WASTE_MANAGEMENT/waste_management_0450.jpg,waste_management_0450.jpg,WASTE_MANAGEMENT,3
processed/images/STREET_LIGHTING/street_lighting_0149.jpg,street_lighting_0149.jpg,STREET_LIGHTING,1
processed/images/ROADS/roads_0015.jpeg,roads_0015.jpeg,ROADS,0
processed/images/WASTE_MANAGEMENT/waste_management_0619.jpg,waste_management_0619.jpg,WASTE_MANAGEMENT,3
processed/images/TREES_ENVIRONMENT/trees_environment_0409.jpg,trees_environment_0409.jpg,TREES_ENVIRONMENT,4
processed/images/TREES_ENVIRONMENT/trees_environment_1481.jpg,trees_environment_1481.jpg,TREES_ENVIRONMENT,4
processed/images/ROADS/roads_0184.jpg,roads_0184.jpg,ROADS,0
processed/images/STREET_LIGHTING/street_lighting_0026.jpg,street_lighting_0026.jpg,STREET_LIGHTING,1
processed/images/TREES_ENVIRONMENT/trees_environment_0291.jpg,trees_environment_0291.jpg,TREES_ENVIRONMENT,4
processed/images/TREES_ENVIRONMENT/trees_environment_0268.jpg,trees_environment_0268.jpg,TREES_ENVIRONMENT,4
processed/images/WATER_DRAINAGE/water_drainage_0219.jpg,water_drainage_0219.jpg,WATER_DRAINAGE,2
processed/images/TREES_ENVIRONMENT/trees_environment_0183.jpg,trees_environment_0183.jpg,TREES_ENVIRONMENT,4
processed/images/WASTE_MANAGEMENT/waste_management_0764.jpg,waste_management_0764.jpg,WASTE_MANAGEMENT,3
processed/images/STREET_LIGHTING/street_lighting_0240.jpg,street_lighting_0240.jpg,STREET_LIGHTING,1
processed/images/ROADS/roads_1624.png,roads_1624.png,ROADS,0
processed/images/WASTE_MANAGEMENT/waste_management_0730.jpg,waste_management_0730.jpg,WASTE_MANAGEMENT,3
processed/images/PUBLIC_INFRASTRUCTURE/public_infrastructure_0645.jpg,public_infrastructure_0645.jpg,PUBLIC_INFRASTRUCTURE,5
processed/images/WATER_DRAINAGE/water_drainage_0047.jpg,water_drainage_0047.jpg,WATER_DRAINAGE,2
processed/images/STREET_LIGHTING/street_lighting_1058.jpg,street_lighting_1058.jpg,STREET_LIGHTING,1
processed/images/PUBLIC_INFRASTRUCTURE/public_infrastructure_1349.jpg,public_infrastructure_1349.jpg,PUBLIC_INFRASTRUCTURE,5
processed/images/ROADS/roads_0745.jpg,roads_0745.jpg,ROADS,0
processed/images/WATER_DRAINAGE/water_drainage_0094.jpg,water_drainage_0094.jpg,WATER_DRAINAGE,2
processed/images/TREES_ENVIRONMENT/trees_environment_0782.jpg,trees_environment_0782.jpg,TREES_ENVIRONMENT,4
processed/images/WATER_DRAINAGE/water_drainage_0038.jpg,water_drainage_0038.jpg,WATER_DRAINAGE,2
processed/images/PUBLIC_INFRASTRUCTURE/public_infrastructure_1324.jpg,public_infrastructure_1324.jpg,PUBLIC_INFRASTRUCTURE,5
processed/images/PUBLIC_INFRASTRUCTURE/public_infrastructure_0355.jpg,public_infrastructure_0355.jpg,PUBLIC_INFRASTRUCTURE,5
processed/images/WASTE_MANAGEMENT/waste_management_0891.jpg,waste_management_0891.jpg,WASTE_MANAGEMENT,3
processed/images/STREET_LIGHTING/street_lighting_0032.jpg,street_lighting_0032.jpg,STREET_LIGHTING,1
processed/images/PUBLIC_INFRASTRUCTURE/public_infrastructure_0935.jpg,public_infrastructure_0935.jpg,PUBLIC_INFRASTRUCTURE,5
processed/images/PUBLIC_INFRASTRUCTURE/public_infrastructure_1336.jpg,public_infrastructure_1336.jpg,PUBLIC_INFRASTRUCTURE,5
processed/images/TREES_ENVIRONMENT/trees_environment_0248.jpg,trees_environment_0248.jpg,TREES_ENVIRONMENT,4
processed/images/ROADS/roads_1498.png,roads_1498.png,ROADS,0
processed/images/ROADS/roads_0293.jpg,roads_0293.jpg,ROADS,0
processed/images/WATER_DRAINAGE/water_drainage_0369.jpg,water_drainage_0369.jpg,WATER_DRAINAGE,2
processed/images/STREET_LIGHTING/street_lighting_0077.jpg,street_lighting_0077.jpg,STREET_LIGHTING,1
processed/images/ROADS/roads_0439.jpg,roads_0439.jpg,ROADS,0
processed/images/TREES_ENVIRONMENT/trees_environment_0964.jpg,trees_environment_0964.jpg,TREES_ENVIRONMENT,4
processed/images/ROADS/roads_0091.jpg,roads_0091.jpg,ROADS,0
processed/images/STREET_LIGHTING/street_lighting_0166.jpg,street_lighting_0166.jpg,STREET_LIGHTING,1
processed/images/PUBLIC_INFRASTRUCTURE/public_infrastructure_1378.jpg,public_infrastructure_1378.jpg,PUBLIC_INFRASTRUCTURE,5
processed/images/ROADS/roads_0622.jpg,roads_0622.jpg,ROADS,0
processed/images/TREES_ENVIRONMENT/trees_environment_0817.jpg,trees_environment_0817.jpg,TREES_ENVIRONMENT,4
processed/images/STREET_LIGHTING/street_lighting_0986.jpg,street_lighting_0986.jpg,STREET_LIGHTING,1
processed/images/ROADS/roads_1121.jpg,roads_1121.jpg,ROADS,0
processed/images/STREET_LIGHTING/street_lighting_0307.jpg,street_lighting_0307.jpg,STREET_LIGHTING,1
processed/images/TREES_ENVIRONMENT/trees_environment_1348.jpg,trees_environment_1348.jpg,TREES_ENVIRONMENT,4
processed/images/WASTE_MANAGEMENT/waste_management_0321.jpg,waste_management_0321.jpg,WASTE_MANAGEMENT,3
processed/images/PUBLIC_INFRASTRUCTURE/public_infrastructure_0679.jpg,public_infrastructure_0679.jpg,PUBLIC_INFRASTRUCTURE,5
processed/images/ROADS/roads_1298.png,roads_1298.png,ROADS,0
processed/images/WASTE_MANAGEMENT/waste_management_0837.jpg,waste_management_0837.jpg,WASTE_MANAGEMENT,3
processed/images/STREET_LIGHTING/street_lighting_0130.jpg,street_lighting_0130.jpg,STREET_LIGHTING,1
processed/images/PUBLIC_INFRASTRUCTURE/public_infrastructure_0577.jpg,public_infrastructure_0577.jpg,PUBLIC_INFRASTRUCTURE,5
processed/images/PUBLIC_INFRASTRUCTURE/public_infrastructure_0026.jpg,public_infrastructure_0026.jpg,PUBLIC_INFRASTRUCTURE,5
processed/images/STREET_LIGHTING/street_lighting_0686.jpg,street_lighting_0686.jpg,STREET_LIGHTING,1
processed/images/STREET_LIGHTING/street_lighting_0229.jpg,street_lighting_0229.jpg,STREET_LIGHTING,1
processed/images/ROADS/roads_0212.jpg,roads_0212.jpg,ROADS,0
processed/images/PUBLIC_INFRASTRUCTURE/public_infrastructure_0001.jpg,public_infrastructure_0001.jpg,PUBLIC_INFRASTRUCTURE,5
processed/images/TREES_ENVIRONMENT/trees_environment_0965.jpg,trees_environment_0965.jpg,TREES_ENVIRONMENT,4
processed/images/ROADS/roads_1671.png,roads_1671.png,ROADS,0
processed/images/WASTE_MANAGEMENT/waste_management_0718.jpg,waste_management_0718.jpg,WASTE_MANAGEMENT,3
processed/images/ROADS/roads_1170.jpg,roads_1170.jpg,ROADS,0
processed/images/WASTE_MANAGEMENT/waste_management_0897.jpg,waste_management_0897.jpg,WASTE_MANAGEMENT,3
processed/images/WASTE_MANAGEMENT/waste_management_0294.jpg,waste_management_0294.jpg,WASTE_MANAGEMENT,3
processed/images/WASTE_MANAGEMENT/waste_management_0684.jpg,waste_management_0684.jpg,WASTE_MANAGEMENT,3
processed/images/TREES_ENVIRONMENT/trees_environment_1390.jpg,trees_environment_1390.jpg,TREES_ENVIRONMENT,4
processed/images/PUBLIC_INFRASTRUCTURE/public_infrastructure_0516.jpg,public_infrastructure_0516.jpg,PUBLIC_INFRASTRUCTURE,5
processed/images/TREES_ENVIRONMENT/trees_environment_0378.jpg,trees_environment_0378.jpg,TREES_ENVIRONMENT,4
processed/images/TREES_ENVIRONMENT/trees_environment_0886.jpg,trees_environment_0886.jpg,TREES_ENVIRONMENT,4
processed/images/WATER_DRAINAGE/water_drainage_0192.jpg,water_drainage_0192.jpg,WATER_DRAINAGE,2
processed/images/PUBLIC_INFRASTRUCTURE/public_infrastructure_1042.jpg,public_infrastructure_1042.jpg,PUBLIC_INFRASTRUCTURE,5
processed/images/ROADS/roads_1744.png,roads_1744.png,ROADS,0
processed/images/ROADS/roads_1535.png,roads_1535.png,ROADS,0
processed/images/STREET_LIGHTING/street_lighting_1068.jpg,street_lighting_1068.jpg,STREET_LIGHTING,1
processed/images/WASTE_MANAGEMENT/waste_management_0741.jpg,waste_management_0741.jpg,WASTE_MANAGEMENT,3
processed/images/PUBLIC_INFRASTRUCTURE/public_infrastructure_0830.jpg,public_infrastructure_0830.jpg,PUBLIC_INFRASTRUCTURE,5
processed/images/WASTE_MANAGEMENT/waste_management_0213.jpg,waste_management_0213.jpg,WASTE_MANAGEMENT,3
processed/images/PUBLIC_INFRASTRUCTURE/public_infrastructure_0429.jpg,public_infrastructure_0429.jpg,PUBLIC_INFRASTRUCTURE,5
processed/images/ROADS/roads_1676.png,roads_1676.png,ROADS,0
processed/images/PUBLIC_INFRASTRUCTURE/public_infrastructure_0589.jpg,public_infrastructure_0589.jpg,PUBLIC_INFRASTRUCTURE,5
processed/images/STREET_LIGHTING/street_lighting_0438.jpg,street_lighting_0438.jpg,STREET_LIGHTING,1
processed/images/STREET_LIGHTING/street_lighting_1085.jpg,street_lighting_1085.jpg,STREET_LIGHTING,1
processed/images/STREET_LIGHTING/street_lighting_0094.jpg,street_lighting_0094.jpg,STREET_LIGHTING,1
processed/images/WASTE_MANAGEMENT/waste_management_0580.jpg,waste_management_0580.jpg,WASTE_MANAGEMENT,3
processed/images/PUBLIC_INFRASTRUCTURE/public_infrastructure_0196.jpg,public_infrastructure_0196.jpg,PUBLIC_INFRASTRUCTURE,5
processed/images/PUBLIC_INFRASTRUCTURE/public_infrastructure_0183.jpg,public_infrastructure_0183.jpg,PUBLIC_INFRASTRUCTURE,5
processed/images/PUBLIC_INFRASTRUCTURE/public_infrastructure_1173.jpg,public_infrastructure_1173.jpg,PUBLIC_INFRASTRUCTURE,5
processed/images/STREET_LIGHTING/street_lighting_0034.jpg,street_lighting_0034.jpg,STREET_LIGHTING,1
processed/images/TREES_ENVIRONMENT/trees_environment_0756.jpg,trees_environment_0756.jpg,TREES_ENVIRONMENT,4
processed/images/PUBLIC_INFRASTRUCTURE/public_infrastructure_1012.jpg,public_infrastructure_1012.jpg,PUBLIC_INFRASTRUCTURE,5
processed/images/TREES_ENVIRONMENT/trees_environment_0789.jpg,trees_environment_0789.jpg,TREES_ENVIRONMENT,4
processed/images/ROADS/roads_0800.jpg,roads_0800.jpg,ROADS,0
processed/images/WASTE_MANAGEMENT/waste_management_0254.jpg,waste_management_0254.jpg,WASTE_MANAGEMENT,3
processed/images/TREES_ENVIRONMENT/trees_environment_0921.jpg,trees_environment_0921.jpg,TREES_ENVIRONMENT,4
processed/images/STREET_LIGHTING/street_lighting_0465.jpg,street_lighting_0465.jpg,STREET_LIGHTING,1
processed/images/ROADS/roads_1472.png,roads_1472.png,ROADS,0
processed/images/WATER_DRAINAGE/water_drainage_0114.jpg,water_drainage_0114.jpg,WATER_DRAINAGE,2
processed/images/TREES_ENVIRONMENT/trees_environment_0768.jpg,trees_environment_0768.jpg,TREES_ENVIRONMENT,4
processed/images/ROADS/roads_0233.jpg,roads_0233.jpg,ROADS,0
processed/images/PUBLIC_INFRASTRUCTURE/public_infrastructure_0080.jpg,public_infrastructure_0080.jpg,PUBLIC_INFRASTRUCTURE,5
processed/images/STREET_LIGHTING/street_lighting_0685.jpg,street_lighting_0685.jpg,STREET_LIGHTING,1
processed/images/ROADS/roads_1028.jpg,roads_1028.jpg,ROADS,0
processed/images/TREES_ENVIRONMENT/trees_environment_1373.jpg,trees_environment_1373.jpg,TREES_ENVIRONMENT,4
processed/images/TREES_ENVIRONMENT/trees_environment_0095.jpg,trees_environment_0095.jpg,TREES_ENVIRONMENT,4
processed/images/STREET_LIGHTING/street_lighting_0044.jpg,street_lighting_0044.jpg,STREET_LIGHTING,1
processed/images/ROADS/roads_0026.jpeg,roads_0026.jpeg,ROADS,0
processed/images/PUBLIC_INFRASTRUCTURE/public_infrastructure_1190.jpg,public_infrastructure_1190.jpg,PUBLIC_INFRASTRUCTURE,5
processed/images/ROADS/roads_0820.jpg,roads_0820.jpg,ROADS,0
processed/images/TREES_ENVIRONMENT/trees_environment_0837.jpg,trees_environment_0837.jpg,TREES_ENVIRONMENT,4
processed/images/PUBLIC_INFRASTRUCTURE/public_infrastructure_0818.jpg,public_infrastructure_0818.jpg,PUBLIC_INFRASTRUCTURE,5
processed/images/PUBLIC_INFRASTRUCTURE/public_infrastructure_0185.jpg,public_infrastructure_0185.jpg,PUBLIC_INFRASTRUCTURE,5
processed/images/ROADS/roads_0043.jpg,roads_0043.jpg,ROADS,0
processed/images/PUBLIC_INFRASTRUCTURE/public_infrastructure_1001.jpg,public_infrastructure_1001.jpg,PUBLIC_INFRASTRUCTURE,5
processed/images/STREET_LIGHTING/street_lighting_0266.jpg,street_lighting_0266.jpg,STREET_LIGHTING,1
processed/images/PUBLIC_INFRASTRUCTURE/public_infrastructure_1062.jpg,public_infrastructure_1062.jpg,PUBLIC_INFRASTRUCTURE,5
processed/images/ROADS/roads_1242.jpg,roads_1242.jpg,ROADS,0
processed/images/PUBLIC_INFRASTRUCTURE/public_infrastructure_1451.jpg,public_infrastructure_1451.jpg,PUBLIC_INFRASTRUCTURE,5
processed/images/PUBLIC_INFRASTRUCTURE/public_infrastructure_0081.jpg,public_infrastructure_0081.jpg,PUBLIC_INFRASTRUCTURE,5
processed/images/TREES_ENVIRONMENT/trees_environment_0330.jpg,trees_environment_0330.jpg,TREES_ENVIRONMENT,4
processed/images/ROADS/roads_0207.jpg,roads_0207.jpg,ROADS,0
processed/images/WASTE_MANAGEMENT/waste_management_0776.jpg,waste_management_0776.jpg,WASTE_MANAGEMENT,3
processed/images/ROADS/roads_0603.jpg,roads_0603.jpg,ROADS,0
processed/images/PUBLIC_INFRASTRUCTURE/public_infrastructure_1064.jpg,public_infrastructure_1064.jpg,PUBLIC_INFRASTRUCTURE,5
processed/images/PUBLIC_INFRASTRUCTURE/public_infrastructure_1500.jpg,public_infrastructure_1500.jpg,PUBLIC_INFRASTRUCTURE,5
processed/images/PUBLIC_INFRASTRUCTURE/public_infrastructure_1142.jpg,public_infrastructure_1142.jpg,PUBLIC_INFRASTRUCTURE,5
processed/images/ROADS/roads_1647.png,roads_1647.png,ROADS,0
processed/images/ROADS/roads_0926.jpg,roads_0926.jpg,ROADS,0
processed/images/TREES_ENVIRONMENT/trees_environment_0389.jpg,trees_environment_0389.jpg,TREES_ENVIRONMENT,4
processed/images/TREES_ENVIRONMENT/trees_environment_0617.jpg,trees_environment_0617.jpg,TREES_ENVIRONMENT,4
processed/images/ROADS/roads_0970.jpg,roads_0970.jpg,ROADS,0
processed/images/PUBLIC_INFRASTRUCTURE/public_infrastructure_0928.jpg,public_infrastructure_0928.jpg,PUBLIC_INFRASTRUCTURE,5
processed/images/PUBLIC_INFRASTRUCTURE/public_infrastructure_0448.jpg,public_infrastructure_0448.jpg,PUBLIC_INFRASTRUCTURE,5
processed/images/ROADS/roads_1122.jpg,roads_1122.jpg,ROADS,0
processed/images/TREES_ENVIRONMENT/trees_environment_1070.jpg,trees_environment_1070.jpg,TREES_ENVIRONMENT,4
processed/images/STREET_LIGHTING/street_lighting_0670.jpg,street_lighting_0670.jpg,STREET_LIGHTING,1
processed/images/PUBLIC_INFRASTRUCTURE/public_infrastructure_0193.jpg,public_infrastructure_0193.jpg,PUBLIC_INFRASTRUCTURE,5
processed/images/STREET_LIGHTING/street_lighting_0288.jpg,street_lighting_0288.jpg,STREET_LIGHTING,1
processed/images/ROADS/roads_1160.jpg,roads_1160.jpg,ROADS,0
processed/images/PUBLIC_INFRASTRUCTURE/public_infrastructure_0561.jpg,public_infrastructure_0561.jpg,PUBLIC_INFRASTRUCTURE,5
processed/images/STREET_LIGHTING/street_lighting_0994.jpg,street_lighting_0994.jpg,STREET_LIGHTING,1
processed/images/PUBLIC_INFRASTRUCTURE/public_infrastructure_0506.jpg,public_infrastructure_0506.jpg,PUBLIC_INFRASTRUCTURE,5
processed/images/STREET_LIGHTING/street_lighting_0048.jpg,street_lighting_0048.jpg,STREET_LIGHTING,1
processed/images/ROADS/roads_1823.png,roads_1823.png,ROADS,0
processed/images/TREES_ENVIRONMENT/trees_environment_1476.jpg,trees_environment_1476.jpg,TREES_ENVIRONMENT,4
processed/images/STREET_LIGHTING/street_lighting_0333.jpg,street_lighting_0333.jpg,STREET_LIGHTING,1
processed/images/TREES_ENVIRONMENT/trees_environment_1154.jpg,trees_environment_1154.jpg,TREES_ENVIRONMENT,4
processed/images/WATER_DRAINAGE/water_drainage_0039.jpg,water_drainage_0039.jpg,WATER_DRAINAGE,2
processed/images/STREET_LIGHTING/street_lighting_0439.jpg,street_lighting_0439.jpg,STREET_LIGHTING,1
processed/images/TREES_ENVIRONMENT/trees_environment_0689.jpg,trees_environment_0689.jpg,TREES_ENVIRONMENT,4
processed/images/WASTE_MANAGEMENT/waste_management_0284.jpg,waste_management_0284.jpg,WASTE_MANAGEMENT,3
processed/images/WASTE_MANAGEMENT/waste_management_0232.jpg,waste_management_0232.jpg,WASTE_MANAGEMENT,3
processed/images/PUBLIC_INFRASTRUCTURE/public_infrastructure_1309.jpg,public_infrastructure_1309.jpg,PUBLIC_INFRASTRUCTURE,5
processed/images/ROADS/roads_0339.jpg,roads_0339.jpg,ROADS,0
processed/images/WATER_DRAINAGE/water_drainage_0361.jpg,water_drainage_0361.jpg,WATER_DRAINAGE,2
processed/images/STREET_LIGHTING/street_lighting_0849.jpg,street_lighting_0849.jpg,STREET_LIGHTING,1
processed/images/WATER_DRAINAGE/water_drainage_0378.jpg,water_drainage_0378.jpg,WATER_DRAINAGE,2
processed/images/WASTE_MANAGEMENT/waste_management_0441.jpg,waste_management_0441.jpg,WASTE_MANAGEMENT,3
processed/images/TREES_ENVIRONMENT/trees_environment_1063.jpg,trees_environment_1063.jpg,TREES_ENVIRONMENT,4
processed/images/ROADS/roads_1466.png,roads_1466.png,ROADS,0
processed/images/WATER_DRAINAGE/water_drainage_0294.jpg,water_drainage_0294.jpg,WATER_DRAINAGE,2
processed/images/TREES_ENVIRONMENT/trees_environment_1121.jpg,trees_environment_1121.jpg,TREES_ENVIRONMENT,4
processed/images/WASTE_MANAGEMENT/waste_management_0740.jpg,waste_management_0740.jpg,WASTE_MANAGEMENT,3
processed/images/STREET_LIGHTING/street_lighting_0821.jpg,street_lighting_0821.jpg,STREET_LIGHTING,1
processed/images/PUBLIC_INFRASTRUCTURE/public_infrastructure_0416.jpg,public_infrastructure_0416.jpg,PUBLIC_INFRASTRUCTURE,5
processed/images/ROADS/roads_0476.jpg,roads_0476.jpg,ROADS,0
processed/images/ROADS/roads_0566.jpg,roads_0566.jpg,ROADS,0
processed/images/ROADS/roads_0083.jpg,roads_0083.jpg,ROADS,0
processed/images/PUBLIC_INFRASTRUCTURE/public_infrastructure_0602.jpg,public_infrastructure_0602.jpg,PUBLIC_INFRASTRUCTURE,5
processed/images/TREES_ENVIRONMENT/trees_environment_0980.jpg,trees_environment_0980.jpg,TREES_ENVIRONMENT,4
processed/images/TREES_ENVIRONMENT/trees_environment_0009.jpg,trees_environment_0009.jpg,TREES_ENVIRONMENT,4
processed/images/TREES_ENVIRONMENT/trees_environment_0985.jpg,trees_environment_0985.jpg,TREES_ENVIRONMENT,4
processed/images/TREES_ENVIRONMENT/trees_environment_0118.jpg,trees_environment_0118.jpg,TREES_ENVIRONMENT,4
processed/images/STREET_LIGHTING/street_lighting_0357.jpg,street_lighting_0357.jpg,STREET_LIGHTING,1
processed/images/TREES_ENVIRONMENT/trees_environment_1345.jpg,trees_environment_1345.jpg,TREES_ENVIRONMENT,4
processed/images/TREES_ENVIRONMENT/trees_environment_0646.jpg,trees_environment_0646.jpg,TREES_ENVIRONMENT,4
processed/images/PUBLIC_INFRASTRUCTURE/public_infrastructure_0476.jpg,public_infrastructure_0476.jpg,PUBLIC_INFRASTRUCTURE,5
processed/images/WATER_DRAINAGE/water_drainage_0414.jpg,water_drainage_0414.jpg,WATER_DRAINAGE,2
processed/images/PUBLIC_INFRASTRUCTURE/public_infrastructure_0306.jpg,public_infrastructure_0306.jpg,PUBLIC_INFRASTRUCTURE,5
processed/images/STREET_LIGHTING/street_lighting_0140.jpg,street_lighting_0140.jpg,STREET_LIGHTING,1
processed/images/PUBLIC_INFRASTRUCTURE/public_infrastructure_0484.jpg,public_infrastructure_0484.jpg,PUBLIC_INFRASTRUCTURE,5
processed/images/PUBLIC_INFRASTRUCTURE/public_infrastructure_0087.jpg,public_infrastructure_0087.jpg,PUBLIC_INFRASTRUCTURE,5
processed/images/WASTE_MANAGEMENT/waste_management_0743.jpg,waste_management_0743.jpg,WASTE_MANAGEMENT,3
processed/images/TREES_ENVIRONMENT/trees_environment_1349.jpg,trees_environment_1349.jpg,TREES_ENVIRONMENT,4
processed/images/WATER_DRAINAGE/water_drainage_0281.jpg,water_drainage_0281.jpg,WATER_DRAINAGE,2
processed/images/PUBLIC_INFRASTRUCTURE/public_infrastructure_0421.jpg,public_infrastructure_0421.jpg,PUBLIC_INFRASTRUCTURE,5
processed/images/TREES_ENVIRONMENT/trees_environment_1302.jpg,trees_environment_1302.jpg,TREES_ENVIRONMENT,4
processed/images/ROADS/roads_0946.jpg,roads_0946.jpg,ROADS,0
processed/images/TREES_ENVIRONMENT/trees_environment_0765.jpg,trees_environment_0765.jpg,TREES_ENVIRONMENT,4
processed/images/WATER_DRAINAGE/water_drainage_0021.jpg,water_drainage_0021.jpg,WATER_DRAINAGE,2
processed/images/ROADS/roads_1072.jpg,roads_1072.jpg,ROADS,0
processed/images/PUBLIC_INFRASTRUCTURE/public_infrastructure_0985.jpg,public_infrastructure_0985.jpg,PUBLIC_INFRASTRUCTURE,5
processed/images/WASTE_MANAGEMENT/waste_management_0133.jpg,waste_management_0133.jpg,WASTE_MANAGEMENT,3
processed/images/PUBLIC_INFRASTRUCTURE/public_infrastructure_1431.jpg,public_infrastructure_1431.jpg,PUBLIC_INFRASTRUCTURE,5
processed/images/TREES_ENVIRONMENT/trees_environment_1520.jpg,trees_environment_1520.jpg,TREES_ENVIRONMENT,4
processed/images/WASTE_MANAGEMENT/waste_management_0200.jpg,waste_management_0200.jpg,WASTE_MANAGEMENT,3
processed/images/WASTE_MANAGEMENT/waste_management_0118.jpg,waste_management_0118.jpg,WASTE_MANAGEMENT,3
processed/images/TREES_ENVIRONMENT/trees_environment_0302.jpg,trees_environment_0302.jpg,TREES_ENVIRONMENT,4
processed/images/ROADS/roads_1353.png,roads_1353.png,ROADS,0
processed/images/ROADS/roads_1599.png,roads_1599.png,ROADS,0
processed/images/PUBLIC_INFRASTRUCTURE/public_infrastructure_0197.jpg,public_infrastructure_0197.jpg,PUBLIC_INFRASTRUCTURE,5
processed/images/WASTE_MANAGEMENT/waste_management_0818.jpg,waste_management_0818.jpg,WASTE_MANAGEMENT,3
processed/images/TREES_ENVIRONMENT/trees_environment_0712.jpg,trees_environment_0712.jpg,TREES_ENVIRONMENT,4
processed/images/ROADS/roads_1642.png,roads_1642.png,ROADS,0
processed/images/WASTE_MANAGEMENT/waste_management_0105.jpg,waste_management_0105.jpg,WASTE_MANAGEMENT,3
processed/images/ROADS/roads_0795.jpg,roads_0795.jpg,ROADS,0
processed/images/WATER_DRAINAGE/water_drainage_0439.jpg,water_drainage_0439.jpg,WATER_DRAINAGE,2
processed/images/ROADS/roads_0577.jpg,roads_0577.jpg,ROADS,0
processed/images/STREET_LIGHTING/street_lighting_0618.jpg,street_lighting_0618.jpg,STREET_LIGHTING,1
processed/images/ROADS/roads_0861.jpg,roads_0861.jpg,ROADS,0
processed/images/TREES_ENVIRONMENT/trees_environment_1190.jpg,trees_environment_1190.jpg,TREES_ENVIRONMENT,4
processed/images/ROADS/roads_0279.jpg,roads_0279.jpg,ROADS,0
processed/images/ROADS/roads_0189.jpg,roads_0189.jpg,ROADS,0
processed/images/TREES_ENVIRONMENT/trees_environment_1436.jpg,trees_environment_1436.jpg,TREES_ENVIRONMENT,4
processed/images/STREET_LIGHTING/street_lighting_0150.jpg,street_lighting_0150.jpg,STREET_LIGHTING,1
processed/images/PUBLIC_INFRASTRUCTURE/public_infrastructure_0550.jpg,public_infrastructure_0550.jpg,PUBLIC_INFRASTRUCTURE,5
processed/images/STREET_LIGHTING/street_lighting_1074.jpg,street_lighting_1074.jpg,STREET_LIGHTING,1
processed/images/PUBLIC_INFRASTRUCTURE/public_infrastructure_1078.jpg,public_infrastructure_1078.jpg,PUBLIC_INFRASTRUCTURE,5
processed/images/PUBLIC_INFRASTRUCTURE/public_infrastructure_0376.jpg,public_infrastructure_0376.jpg,PUBLIC_INFRASTRUCTURE,5
processed/images/WATER_DRAINAGE/water_drainage_0017.jpg,water_drainage_0017.jpg,WATER_DRAINAGE,2
processed/images/TREES_ENVIRONMENT/trees_environment_1009.jpg,trees_environment_1009.jpg,TREES_ENVIRONMENT,4
processed/images/WASTE_MANAGEMENT/waste_management_0773.jpg,waste_management_0773.jpg,WASTE_MANAGEMENT,3
processed/images/WATER_DRAINAGE/water_drainage_0107.jpg,water_drainage_0107.jpg,WATER_DRAINAGE,2
processed/images/ROADS/roads_1007.jpg,roads_1007.jpg,ROADS,0
processed/images/STREET_LIGHTING/street_lighting_0409.jpg,street_lighting_0409.jpg,STREET_LIGHTING,1
processed/images/STREET_LIGHTING/street_lighting_0829.jpg,street_lighting_0829.jpg,STREET_LIGHTING,1
processed/images/WASTE_MANAGEMENT/waste_management_0564.jpg,waste_management_0564.jpg,WASTE_MANAGEMENT,3
processed/images/STREET_LIGHTING/street_lighting_0221.jpg,street_lighting_0221.jpg,STREET_LIGHTING,1
processed/images/ROADS/roads_0140.jpg,roads_0140.jpg,ROADS,0
processed/images/TREES_ENVIRONMENT/trees_environment_1057.jpg,trees_environment_1057.jpg,TREES_ENVIRONMENT,4
processed/images/WASTE_MANAGEMENT/waste_management_0547.jpg,waste_management_0547.jpg,WASTE_MANAGEMENT,3
processed/images/WATER_DRAINAGE/water_drainage_0420.jpg,water_drainage_0420.jpg,WATER_DRAINAGE,2
processed/images/ROADS/roads_1145.jpg,roads_1145.jpg,ROADS,0
processed/images/ROADS/roads_0517.jpg,roads_0517.jpg,ROADS,0
processed/images/WASTE_MANAGEMENT/waste_management_0633.jpg,waste_management_0633.jpg,WASTE_MANAGEMENT,3
processed/images/TREES_ENVIRONMENT/trees_environment_1096.jpg,trees_environment_1096.jpg,TREES_ENVIRONMENT,4
processed/images/PUBLIC_INFRASTRUCTURE/public_infrastructure_0907.jpg,public_infrastructure_0907.jpg,PUBLIC_INFRASTRUCTURE,5
processed/images/WATER_DRAINAGE/water_drainage_0312.jpg,water_drainage_0312.jpg,WATER_DRAINAGE,2
processed/images/ROADS/roads_0373.jpg,roads_0373.jpg,ROADS,0
processed/images/STREET_LIGHTING/street_lighting_0805.jpg,street_lighting_0805.jpg,STREET_LIGHTING,1
processed/images/WASTE_MANAGEMENT/waste_management_0372.jpg,waste_management_0372.jpg,WASTE_MANAGEMENT,3
processed/images/WATER_DRAINAGE/water_drainage_0232.jpg,water_drainage_0232.jpg,WATER_DRAINAGE,2
processed/images/STREET_LIGHTING/street_lighting_0886.jpg,street_lighting_0886.jpg,STREET_LIGHTING,1
processed/images/WATER_DRAINAGE/water_drainage_0256.jpg,water_drainage_0256.jpg,WATER_DRAINAGE,2
processed/images/PUBLIC_INFRASTRUCTURE/public_infrastructure_0025.jpg,public_infrastructure_0025.jpg,PUBLIC_INFRASTRUCTURE,5
processed/images/STREET_LIGHTING/street_lighting_0461.jpg,street_lighting_0461.jpg,STREET_LIGHTING,1
processed/images/ROADS/roads_0149.jpg,roads_0149.jpg,ROADS,0
processed/images/PUBLIC_INFRASTRUCTURE/public_infrastructure_0281.jpg,public_infrastructure_0281.jpg,PUBLIC_INFRASTRUCTURE,5
processed/images/WATER_DRAINAGE/water_drainage_0239.jpg,water_drainage_0239.jpg,WATER_DRAINAGE,2
processed/images/WASTE_MANAGEMENT/waste_management_0802.jpg,waste_management_0802.jpg,WASTE_MANAGEMENT,3
processed/images/TREES_ENVIRONMENT/trees_environment_1626.jpg,trees_environment_1626.jpg,TREES_ENVIRONMENT,4
processed/images/WATER_DRAINAGE/water_drainage_0148.jpg,water_drainage_0148.jpg,WATER_DRAINAGE,2
processed/images/STREET_LIGHTING/street_lighting_1075.jpg,street_lighting_1075.jpg,STREET_LIGHTING,1
processed/images/WASTE_MANAGEMENT/waste_management_0893.jpg,waste_management_0893.jpg,WASTE_MANAGEMENT,3
processed/images/ROADS/roads_0813.jpg,roads_0813.jpg,ROADS,0
processed/images/PUBLIC_INFRASTRUCTURE/public_infrastructure_1010.jpg,public_infrastructure_1010.jpg,PUBLIC_INFRASTRUCTURE,5
processed/images/ROADS/roads_1065.jpg,roads_1065.jpg,ROADS,0
processed/images/ROADS/roads_1538.png,roads_1538.png,ROADS,0
processed/images/PUBLIC_INFRASTRUCTURE/public_infrastructure_0725.jpg,public_infrastructure_0725.jpg,PUBLIC_INFRASTRUCTURE,5
processed/images/WATER_DRAINAGE/water_drainage_0206.jpg,water_drainage_0206.jpg,WATER_DRAINAGE,2
processed/images/TREES_ENVIRONMENT/trees_environment_1071.jpg,trees_environment_1071.jpg,TREES_ENVIRONMENT,4
processed/images/TREES_ENVIRONMENT/trees_environment_0510.jpg,trees_environment_0510.jpg,TREES_ENVIRONMENT,4
processed/images/PUBLIC_INFRASTRUCTURE/public_infrastructure_0128.jpg,public_infrastructure_0128.jpg,PUBLIC_INFRASTRUCTURE,5
processed/images/ROADS/roads_0086.jpg,roads_0086.jpg,ROADS,0
processed/images/ROADS/roads_0812.jpg,roads_0812.jpg,ROADS,0
processed/images/STREET_LIGHTING/street_lighting_0901.jpg,street_lighting_0901.jpg,STREET_LIGHTING,1
processed/images/TREES_ENVIRONMENT/trees_environment_1631.jpg,trees_environment_1631.jpg,TREES_ENVIRONMENT,4
processed/images/ROADS/roads_0376.jpg,roads_0376.jpg,ROADS,0
processed/images/TREES_ENVIRONMENT/trees_environment_0284.jpg,trees_environment_0284.jpg,TREES_ENVIRONMENT,4
processed/images/PUBLIC_INFRASTRUCTURE/public_infrastructure_0677.jpg,public_infrastructure_0677.jpg,PUBLIC_INFRASTRUCTURE,5
processed/images/WATER_DRAINAGE/water_drainage_0066.jpg,water_drainage_0066.jpg,WATER_DRAINAGE,2
processed/images/PUBLIC_INFRASTRUCTURE/public_infrastructure_0581.jpg,public_infrastructure_0581.jpg,PUBLIC_INFRASTRUCTURE,5
processed/images/ROADS/roads_0627.jpg,roads_0627.jpg,ROADS,0
processed/images/TREES_ENVIRONMENT/trees_environment_0001.jpg,trees_environment_0001.jpg,TREES_ENVIRONMENT,4
processed/images/ROADS/roads_1125.jpg,roads_1125.jpg,ROADS,0
processed/images/ROADS/roads_1426.png,roads_1426.png,ROADS,0
processed/images/WASTE_MANAGEMENT/waste_management_0585.jpg,waste_management_0585.jpg,WASTE_MANAGEMENT,3
processed/images/PUBLIC_INFRASTRUCTURE/public_infrastructure_1151.jpg,public_infrastructure_1151.jpg,PUBLIC_INFRASTRUCTURE,5
processed/images/ROADS/roads_0001.jpeg,roads_0001.jpeg,ROADS,0
processed/images/ROADS/roads_1370.png,roads_1370.png,ROADS,0
processed/images/STREET_LIGHTING/street_lighting_0854.jpg,street_lighting_0854.jpg,STREET_LIGHTING,1
processed/images/WASTE_MANAGEMENT/waste_management_0188.jpg,waste_management_0188.jpg,WASTE_MANAGEMENT,3
processed/images/ROADS/roads_1430.png,roads_1430.png,ROADS,0
processed/images/WASTE_MANAGEMENT/waste_management_0196.jpg,waste_management_0196.jpg,WASTE_MANAGEMENT,3
processed/images/WASTE_MANAGEMENT/waste_management_0203.jpg,waste_management_0203.jpg,WASTE_MANAGEMENT,3
processed/images/WASTE_MANAGEMENT/waste_management_0448.jpg,waste_management_0448.jpg,WASTE_MANAGEMENT,3
processed/images/TREES_ENVIRONMENT/trees_environment_0113.jpg,trees_environment_0113.jpg,TREES_ENVIRONMENT,4
processed/images/WASTE_MANAGEMENT/waste_management_0518.jpg,waste_management_0518.jpg,WASTE_MANAGEMENT,3
processed/images/WASTE_MANAGEMENT/waste_management_0880.jpg,waste_management_0880.jpg,WASTE_MANAGEMENT,3
processed/images/STREET_LIGHTING/street_lighting_0269.jpg,street_lighting_0269.jpg,STREET_LIGHTING,1
processed/images/PUBLIC_INFRASTRUCTURE/public_infrastructure_0927.jpg,public_infrastructure_0927.jpg,PUBLIC_INFRASTRUCTURE,5
processed/images/PUBLIC_INFRASTRUCTURE/public_infrastructure_1496.jpg,public_infrastructure_1496.jpg,PUBLIC_INFRASTRUCTURE,5
processed/images/TREES_ENVIRONMENT/trees_environment_1248.jpg,trees_environment_1248.jpg,TREES_ENVIRONMENT,4
processed/images/ROADS/roads_0282.jpg,roads_0282.jpg,ROADS,0
processed/images/PUBLIC_INFRASTRUCTURE/public_infrastructure_0100.jpg,public_infrastructure_0100.jpg,PUBLIC_INFRASTRUCTURE,5
processed/images/TREES_ENVIRONMENT/trees_environment_0618.jpg,trees_environment_0618.jpg,TREES_ENVIRONMENT,4
processed/images/TREES_ENVIRONMENT/trees_environment_1562.jpg,trees_environment_1562.jpg,TREES_ENVIRONMENT,4
processed/images/PUBLIC_INFRASTRUCTURE/public_infrastructure_1485.jpg,public_infrastructure_1485.jpg,PUBLIC_INFRASTRUCTURE,5
processed/images/PUBLIC_INFRASTRUCTURE/public_infrastructure_0060.jpg,public_infrastructure_0060.jpg,PUBLIC_INFRASTRUCTURE,5
processed/images/ROADS/roads_1292.png,roads_1292.png,ROADS,0
processed/images/ROADS/roads_1492.png,roads_1492.png,ROADS,0
processed/images/ROADS/roads_1532.png,roads_1532.png,ROADS,0
processed/images/TREES_ENVIRONMENT/trees_environment_0883.jpg,trees_environment_0883.jpg,TREES_ENVIRONMENT,4
processed/images/PUBLIC_INFRASTRUCTURE/public_infrastructure_0436.jpg,public_infrastructure_0436.jpg,PUBLIC_INFRASTRUCTURE,5
processed/images/PUBLIC_INFRASTRUCTURE/public_infrastructure_0169.jpg,public_infrastructure_0169.jpg,PUBLIC_INFRASTRUCTURE,5
processed/images/TREES_ENVIRONMENT/trees_environment_1033.jpg,trees_environment_1033.jpg,TREES_ENVIRONMENT,4
processed/images/PUBLIC_INFRASTRUCTURE/public_infrastructure_0481.jpg,public_infrastructure_0481.jpg,PUBLIC_INFRASTRUCTURE,5
processed/images/PUBLIC_INFRASTRUCTURE/public_infrastructure_0313.jpg,public_infrastructure_0313.jpg,PUBLIC_INFRASTRUCTURE,5
processed/images/ROADS/roads_0240.jpg,roads_0240.jpg,ROADS,0
processed/images/PUBLIC_INFRASTRUCTURE/public_infrastructure_0634.jpg,public_infrastructure_0634.jpg,PUBLIC_INFRASTRUCTURE,5
processed/images/STREET_LIGHTING/street_lighting_0516.jpg,street_lighting_0516.jpg,STREET_LIGHTING,1
processed/images/TREES_ENVIRONMENT/trees_environment_1493.jpg,trees_environment_1493.jpg,TREES_ENVIRONMENT,4
processed/images/PUBLIC_INFRASTRUCTURE/public_infrastructure_0211.jpg,public_infrastructure_0211.jpg,PUBLIC_INFRASTRUCTURE,5
processed/images/STREET_LIGHTING/street_lighting_0744.jpg,street_lighting_0744.jpg,STREET_LIGHTING,1
processed/images/TREES_ENVIRONMENT/trees_environment_1617.jpg,trees_environment_1617.jpg,TREES_ENVIRONMENT,4
processed/images/TREES_ENVIRONMENT/trees_environment_0738.jpg,trees_environment_0738.jpg,TREES_ENVIRONMENT,4
processed/images/PUBLIC_INFRASTRUCTURE/public_infrastructure_0446.jpg,public_infrastructure_0446.jpg,PUBLIC_INFRASTRUCTURE,5
processed/images/WATER_DRAINAGE/water_drainage_0346.jpg,water_drainage_0346.jpg,WATER_DRAINAGE,2
processed/images/TREES_ENVIRONMENT/trees_environment_1298.jpg,trees_environment_1298.jpg,TREES_ENVIRONMENT,4
processed/images/TREES_ENVIRONMENT/trees_environment_1579.jpg,trees_environment_1579.jpg,TREES_ENVIRONMENT,4
processed/images/ROADS/roads_1468.png,roads_1468.png,ROADS,0
processed/images/PUBLIC_INFRASTRUCTURE/public_infrastructure_1170.jpg,public_infrastructure_1170.jpg,PUBLIC_INFRASTRUCTURE,5
processed/images/WATER_DRAINAGE/water_drainage_0025.jpg,water_drainage_0025.jpg,WATER_DRAINAGE,2
processed/images/ROADS/roads_1760.png,roads_1760.png,ROADS,0
processed/images/TREES_ENVIRONMENT/trees_environment_1482.jpg,trees_environment_1482.jpg,TREES_ENVIRONMENT,4
processed/images/WASTE_MANAGEMENT/waste_management_0688.jpg,waste_management_0688.jpg,WASTE_MANAGEMENT,3
processed/images/WASTE_MANAGEMENT/waste_management_0208.jpg,waste_management_0208.jpg,WASTE_MANAGEMENT,3
processed/images/PUBLIC_INFRASTRUCTURE/public_infrastructure_0817.jpg,public_infrastructure_0817.jpg,PUBLIC_INFRASTRUCTURE,5
processed/images/STREET_LIGHTING/street_lighting_0114.jpg,street_lighting_0114.jpg,STREET_LIGHTING,1
processed/images/WASTE_MANAGEMENT/waste_management_0489.jpg,waste_management_0489.jpg,WASTE_MANAGEMENT,3
processed/images/ROADS/roads_1698.png,roads_1698.png,ROADS,0
processed/images/TREES_ENVIRONMENT/trees_environment_1106.jpg,trees_environment_1106.jpg,TREES_ENVIRONMENT,4
processed/images/ROADS/roads_0979.jpg,roads_0979.jpg,ROADS,0
processed/images/PUBLIC_INFRASTRUCTURE/public_infrastructure_1189.jpg,public_infrastructure_1189.jpg,PUBLIC_INFRASTRUCTURE,5
processed/images/ROADS/roads_1913.png,roads_1913.png,ROADS,0
processed/images/WATER_DRAINAGE/water_drainage_0328.jpg,water_drainage_0328.jpg,WATER_DRAINAGE,2
processed/images/ROADS/roads_1324.png,roads_1324.png,ROADS,0
processed/images/ROADS/roads_1067.jpg,roads_1067.jpg,ROADS,0
processed/images/STREET_LIGHTING/street_lighting_0265.jpg,street_lighting_0265.jpg,STREET_LIGHTING,1
processed/images/ROADS/roads_0735.jpg,roads_0735.jpg,ROADS,0
processed/images/ROADS/roads_0770.jpg,roads_0770.jpg,ROADS,0
processed/images/PUBLIC_INFRASTRUCTURE/public_infrastructure_1284.jpg,public_infrastructure_1284.jpg,PUBLIC_INFRASTRUCTURE,5
processed/images/WASTE_MANAGEMENT/waste_management_0808.jpg,waste_management_0808.jpg,WASTE_MANAGEMENT,3
processed/images/WATER_DRAINAGE/water_drainage_0425.jpg,water_drainage_0425.jpg,WATER_DRAINAGE,2
processed/images/WATER_DRAINAGE/water_drainage_0433.jpg,water_drainage_0433.jpg,WATER_DRAINAGE,2
processed/images/STREET_LIGHTING/street_lighting_0482.jpg,street_lighting_0482.jpg,STREET_LIGHTING,1
processed/images/WATER_DRAINAGE/water_drainage_0269.jpg,water_drainage_0269.jpg,WATER_DRAINAGE,2
processed/images/TREES_ENVIRONMENT/trees_environment_1543.jpg,trees_environment_1543.jpg,TREES_ENVIRONMENT,4
processed/images/STREET_LIGHTING/street_lighting_0510.jpg,street_lighting_0510.jpg,STREET_LIGHTING,1
processed/images/WASTE_MANAGEMENT/waste_management_0231.jpg,waste_management_0231.jpg,WASTE_MANAGEMENT,3
processed/images/STREET_LIGHTING/street_lighting_0227.jpg,street_lighting_0227.jpg,STREET_LIGHTING,1
processed/images/PUBLIC_INFRASTRUCTURE/public_infrastructure_0614.jpg,public_infrastructure_0614.jpg,PUBLIC_INFRASTRUCTURE,5
processed/images/STREET_LIGHTING/street_lighting_0341.jpg,street_lighting_0341.jpg,STREET_LIGHTING,1
processed/images/PUBLIC_INFRASTRUCTURE/public_infrastructure_1212.jpg,public_infrastructure_1212.jpg,PUBLIC_INFRASTRUCTURE,5
processed/images/ROADS/roads_1820.png,roads_1820.png,ROADS,0
processed/images/WASTE_MANAGEMENT/waste_management_0377.jpg,waste_management_0377.jpg,WASTE_MANAGEMENT,3
processed/images/ROADS/roads_0775.jpg,roads_0775.jpg,ROADS,0
processed/images/TREES_ENVIRONMENT/trees_environment_0565.jpg,trees_environment_0565.jpg,TREES_ENVIRONMENT,4
processed/images/PUBLIC_INFRASTRUCTURE/public_infrastructure_1086.jpg,public_infrastructure_1086.jpg,PUBLIC_INFRASTRUCTURE,5
processed/images/ROADS/roads_1268.png,roads_1268.png,ROADS,0
processed/images/ROADS/roads_0587.jpg,roads_0587.jpg,ROADS,0
processed/images/ROADS/roads_0596.jpg,roads_0596.jpg,ROADS,0
processed/images/STREET_LIGHTING/street_lighting_1089.jpg,street_lighting_1089.jpg,STREET_LIGHTING,1
processed/images/PUBLIC_INFRASTRUCTURE/public_infrastructure_0683.jpg,public_infrastructure_0683.jpg,PUBLIC_INFRASTRUCTURE,5
processed/images/PUBLIC_INFRASTRUCTURE/public_infrastructure_0024.jpg,public_infrastructure_0024.jpg,PUBLIC_INFRASTRUCTURE,5
processed/images/WATER_DRAINAGE/water_drainage_0191.jpg,water_drainage_0191.jpg,WATER_DRAINAGE,2
processed/images/TREES_ENVIRONMENT/trees_environment_1565.jpg,trees_environment_1565.jpg,TREES_ENVIRONMENT,4
processed/images/WASTE_MANAGEMENT/waste_management_0398.jpg,waste_management_0398.jpg,WASTE_MANAGEMENT,3
processed/images/TREES_ENVIRONMENT/trees_environment_0063.jpg,trees_environment_0063.jpg,TREES_ENVIRONMENT,4
processed/images/TREES_ENVIRONMENT/trees_environment_0599.jpg,trees_environment_0599.jpg,TREES_ENVIRONMENT,4
processed/images/ROADS/roads_1912.png,roads_1912.png,ROADS,0
processed/images/STREET_LIGHTING/street_lighting_0052.jpg,street_lighting_0052.jpg,STREET_LIGHTING,1
processed/images/WATER_DRAINAGE/water_drainage_0331.jpg,water_drainage_0331.jpg,WATER_DRAINAGE,2
processed/images/WATER_DRAINAGE/water_drainage_0001.jpg,water_drainage_0001.jpg,WATER_DRAINAGE,2
processed/images/WASTE_MANAGEMENT/waste_management_0334.jpg,waste_management_0334.jpg,WASTE_MANAGEMENT,3
processed/images/ROADS/roads_0641.jpg,roads_0641.jpg,ROADS,0
processed/images/ROADS/roads_1630.png,roads_1630.png,ROADS,0
processed/images/STREET_LIGHTING/street_lighting_0228.jpg,street_lighting_0228.jpg,STREET_LIGHTING,1
processed/images/TREES_ENVIRONMENT/trees_environment_0553.jpg,trees_environment_0553.jpg,TREES_ENVIRONMENT,4
processed/images/TREES_ENVIRONMENT/trees_environment_1222.jpg,trees_environment_1222.jpg,TREES_ENVIRONMENT,4
processed/images/STREET_LIGHTING/street_lighting_0765.jpg,street_lighting_0765.jpg,STREET_LIGHTING,1
processed/images/ROADS/roads_1924.png,roads_1924.png,ROADS,0
processed/images/WATER_DRAINAGE/water_drainage_0337.jpg,water_drainage_0337.jpg,WATER_DRAINAGE,2
processed/images/WATER_DRAINAGE/water_drainage_0170.jpg,water_drainage_0170.jpg,WATER_DRAINAGE,2
processed/images/ROADS/roads_1789.png,roads_1789.png,ROADS,0
processed/images/WASTE_MANAGEMENT/waste_management_0175.jpg,waste_management_0175.jpg,WASTE_MANAGEMENT,3
processed/images/TREES_ENVIRONMENT/trees_environment_0199.jpg,trees_environment_0199.jpg,TREES_ENVIRONMENT,4
processed/images/WASTE_MANAGEMENT/waste_management_0346.jpg,waste_management_0346.jpg,WASTE_MANAGEMENT,3
processed/images/TREES_ENVIRONMENT/trees_environment_0158.jpg,trees_environment_0158.jpg,TREES_ENVIRONMENT,4
processed/images/STREET_LIGHTING/street_lighting_0759.jpg,street_lighting_0759.jpg,STREET_LIGHTING,1
processed/images/TREES_ENVIRONMENT/trees_environment_0506.jpg,trees_environment_0506.jpg,TREES_ENVIRONMENT,4
processed/images/STREET_LIGHTING/street_lighting_0955.jpg,street_lighting_0955.jpg,STREET_LIGHTING,1
processed/images/WATER_DRAINAGE/water_drainage_0349.jpg,water_drainage_0349.jpg,WATER_DRAINAGE,2
processed/images/TREES_ENVIRONMENT/trees_environment_0252.jpg,trees_environment_0252.jpg,TREES_ENVIRONMENT,4
processed/images/WATER_DRAINAGE/water_drainage_0438.jpg,water_drainage_0438.jpg,WATER_DRAINAGE,2
processed/images/TREES_ENVIRONMENT/trees_environment_0704.jpg,trees_environment_0704.jpg,TREES_ENVIRONMENT,4
processed/images/TREES_ENVIRONMENT/trees_environment_0693.jpg,trees_environment_0693.jpg,TREES_ENVIRONMENT,4
processed/images/WASTE_MANAGEMENT/waste_management_0683.jpg,waste_management_0683.jpg,WASTE_MANAGEMENT,3
processed/images/ROADS/roads_0877.jpg,roads_0877.jpg,ROADS,0
processed/images/TREES_ENVIRONMENT/trees_environment_0636.jpg,trees_environment_0636.jpg,TREES_ENVIRONMENT,4
processed/images/PUBLIC_INFRASTRUCTURE/public_infrastructure_1107.jpg,public_infrastructure_1107.jpg,PUBLIC_INFRASTRUCTURE,5
processed/images/TREES_ENVIRONMENT/trees_environment_0261.jpg,trees_environment_0261.jpg,TREES_ENVIRONMENT,4
processed/images/PUBLIC_INFRASTRUCTURE/public_infrastructure_0465.jpg,public_infrastructure_0465.jpg,PUBLIC_INFRASTRUCTURE,5
processed/images/TREES_ENVIRONMENT/trees_environment_1523.jpg,trees_environment_1523.jpg,TREES_ENVIRONMENT,4
processed/images/TREES_ENVIRONMENT/trees_environment_0176.jpg,trees_environment_0176.jpg,TREES_ENVIRONMENT,4
processed/images/ROADS/roads_1179.jpg,roads_1179.jpg,ROADS,0
processed/images/TREES_ENVIRONMENT/trees_environment_1089.jpg,trees_environment_1089.jpg,TREES_ENVIRONMENT,4
processed/images/STREET_LIGHTING/street_lighting_0969.jpg,street_lighting_0969.jpg,STREET_LIGHTING,1
processed/images/STREET_LIGHTING/street_lighting_0645.jpg,street_lighting_0645.jpg,STREET_LIGHTING,1
processed/images/WASTE_MANAGEMENT/waste_management_0034.jpg,waste_management_0034.jpg,WASTE_MANAGEMENT,3
processed/images/STREET_LIGHTING/street_lighting_0551.jpg,street_lighting_0551.jpg,STREET_LIGHTING,1
processed/images/ROADS/roads_1635.png,roads_1635.png,ROADS,0
processed/images/WASTE_MANAGEMENT/waste_management_0631.jpg,waste_management_0631.jpg,WASTE_MANAGEMENT,3
processed/images/ROADS/roads_0943.jpg,roads_0943.jpg,ROADS,0
processed/images/TREES_ENVIRONMENT/trees_environment_1253.jpg,trees_environment_1253.jpg,TREES_ENVIRONMENT,4
processed/images/ROADS/roads_1273.png,roads_1273.png,ROADS,0
processed/images/ROADS/roads_0765.jpg,roads_0765.jpg,ROADS,0
processed/images/STREET_LIGHTING/street_lighting_0319.jpg,street_lighting_0319.jpg,STREET_LIGHTING,1
processed/images/ROADS/roads_1488.png,roads_1488.png,ROADS,0
processed/images/STREET_LIGHTING/street_lighting_0836.jpg,street_lighting_0836.jpg,STREET_LIGHTING,1
processed/images/TREES_ENVIRONMENT/trees_environment_0290.jpg,trees_environment_0290.jpg,TREES_ENVIRONMENT,4
processed/images/TREES_ENVIRONMENT/trees_environment_0363.jpg,trees_environment_0363.jpg,TREES_ENVIRONMENT,4
processed/images/PUBLIC_INFRASTRUCTURE/public_infrastructure_0990.jpg,public_infrastructure_0990.jpg,PUBLIC_INFRASTRUCTURE,5
processed/images/WATER_DRAINAGE/water_drainage_0146.jpg,water_drainage_0146.jpg,WATER_DRAINAGE,2
processed/images/ROADS/roads_0036.jpeg,roads_0036.jpeg,ROADS,0
processed/images/TREES_ENVIRONMENT/trees_environment_1105.jpg,trees_environment_1105.jpg,TREES_ENVIRONMENT,4
processed/images/TREES_ENVIRONMENT/trees_environment_1571.jpg,trees_environment_1571.jpg,TREES_ENVIRONMENT,4
processed/images/WASTE_MANAGEMENT/waste_management_0913.jpg,waste_management_0913.jpg,WASTE_MANAGEMENT,3
processed/images/WASTE_MANAGEMENT/waste_management_0759.jpg,waste_management_0759.jpg,WASTE_MANAGEMENT,3
processed/images/ROADS/roads_1339.png,roads_1339.png,ROADS,0
processed/images/PUBLIC_INFRASTRUCTURE/public_infrastructure_0890.jpg,public_infrastructure_0890.jpg,PUBLIC_INFRASTRUCTURE,5
processed/images/ROADS/roads_1131.jpg,roads_1131.jpg,ROADS,0
processed/images/TREES_ENVIRONMENT/trees_environment_0385.jpg,trees_environment_0385.jpg,TREES_ENVIRONMENT,4
processed/images/TREES_ENVIRONMENT/trees_environment_0682.jpg,trees_environment_0682.jpg,TREES_ENVIRONMENT,4
processed/images/ROADS/roads_0323.jpg,roads_0323.jpg,ROADS,0
processed/images/ROADS/roads_0810.jpg,roads_0810.jpg,ROADS,0
processed/images/STREET_LIGHTING/street_lighting_0206.jpg,street_lighting_0206.jpg,STREET_LIGHTING,1
processed/images/PUBLIC_INFRASTRUCTURE/public_infrastructure_0596.jpg,public_infrastructure_0596.jpg,PUBLIC_INFRASTRUCTURE,5
processed/images/PUBLIC_INFRASTRUCTURE/public_infrastructure_0078.jpg,public_infrastructure_0078.jpg,PUBLIC_INFRASTRUCTURE,5
processed/images/PUBLIC_INFRASTRUCTURE/public_infrastructure_0205.jpg,public_infrastructure_0205.jpg,PUBLIC_INFRASTRUCTURE,5
processed/images/ROADS/roads_1263.png,roads_1263.png,ROADS,0
processed/images/ROADS/roads_0269.jpg,roads_0269.jpg,ROADS,0
processed/images/ROADS/roads_1622.png,roads_1622.png,ROADS,0
processed/images/TREES_ENVIRONMENT/trees_environment_0071.jpg,trees_environment_0071.jpg,TREES_ENVIRONMENT,4
processed/images/TREES_ENVIRONMENT/trees_environment_0670.jpg,trees_environment_0670.jpg,TREES_ENVIRONMENT,4
processed/images/ROADS/roads_1006.jpg,roads_1006.jpg,ROADS,0
processed/images/WASTE_MANAGEMENT/waste_management_0727.jpg,waste_management_0727.jpg,WASTE_MANAGEMENT,3
processed/images/PUBLIC_INFRASTRUCTURE/public_infrastructure_0166.jpg,public_infrastructure_0166.jpg,PUBLIC_INFRASTRUCTURE,5
processed/images/PUBLIC_INFRASTRUCTURE/public_infrastructure_0874.jpg,public_infrastructure_0874.jpg,PUBLIC_INFRASTRUCTURE,5
processed/images/WASTE_MANAGEMENT/waste_management_0559.jpg,waste_management_0559.jpg,WASTE_MANAGEMENT,3
processed/images/PUBLIC_INFRASTRUCTURE/public_infrastructure_0968.jpg,public_infrastructure_0968.jpg,PUBLIC_INFRASTRUCTURE,5
processed/images/TREES_ENVIRONMENT/trees_environment_0279.jpg,trees_environment_0279.jpg,TREES_ENVIRONMENT,4
processed/images/ROADS/roads_1905.png,roads_1905.png,ROADS,0
processed/images/WASTE_MANAGEMENT/waste_management_0909.jpg,waste_management_0909.jpg,WASTE_MANAGEMENT,3
processed/images/PUBLIC_INFRASTRUCTURE/public_infrastructure_1247.jpg,public_infrastructure_1247.jpg,PUBLIC_INFRASTRUCTURE,5
processed/images/STREET_LIGHTING/street_lighting_0195.jpg,street_lighting_0195.jpg,STREET_LIGHTING,1
processed/images/PUBLIC_INFRASTRUCTURE/public_infrastructure_0638.jpg,public_infrastructure_0638.jpg,PUBLIC_INFRASTRUCTURE,5
processed/images/ROADS/roads_0198.jpg,roads_0198.jpg,ROADS,0
processed/images/STREET_LIGHTING/street_lighting_0252.jpg,street_lighting_0252.jpg,STREET_LIGHTING,1
processed/images/WATER_DRAINAGE/water_drainage_0326.jpg,water_drainage_0326.jpg,WATER_DRAINAGE,2
processed/images/STREET_LIGHTING/street_lighting_0245.jpg,street_lighting_0245.jpg,STREET_LIGHTING,1
processed/images/PUBLIC_INFRASTRUCTURE/public_infrastructure_1287.jpg,public_infrastructure_1287.jpg,PUBLIC_INFRASTRUCTURE,5
processed/images/ROADS/roads_1367.png,roads_1367.png,ROADS,0
processed/images/ROADS/roads_1583.png,roads_1583.png,ROADS,0
processed/images/ROADS/roads_0961.jpg,roads_0961.jpg,ROADS,0
processed/images/ROADS/roads_0728.jpg,roads_0728.jpg,ROADS,0
processed/images/STREET_LIGHTING/street_lighting_0362.jpg,street_lighting_0362.jpg,STREET_LIGHTING,1
processed/images/PUBLIC_INFRASTRUCTURE/public_infrastructure_1147.jpg,public_infrastructure_1147.jpg,PUBLIC_INFRASTRUCTURE,5
processed/images/STREET_LIGHTING/street_lighting_1015.jpg,street_lighting_1015.jpg,STREET_LIGHTING,1
processed/images/ROADS/roads_1280.png,roads_1280.png,ROADS,0
processed/images/WASTE_MANAGEMENT/waste_management_0545.jpg,waste_management_0545.jpg,WASTE_MANAGEMENT,3
processed/images/STREET_LIGHTING/street_lighting_0292.jpg,street_lighting_0292.jpg,STREET_LIGHTING,1
processed/images/WATER_DRAINAGE/water_drainage_0031.jpg,water_drainage_0031.jpg,WATER_DRAINAGE,2
processed/images/WATER_DRAINAGE/water_drainage_0150.jpg,water_drainage_0150.jpg,WATER_DRAINAGE,2
processed/images/PUBLIC_INFRASTRUCTURE/public_infrastructure_0615.jpg,public_infrastructure_0615.jpg,PUBLIC_INFRASTRUCTURE,5
processed/images/PUBLIC_INFRASTRUCTURE/public_infrastructure_0518.jpg,public_infrastructure_0518.jpg,PUBLIC_INFRASTRUCTURE,5
processed/images/WATER_DRAINAGE/water_drainage_0409.jpg,water_drainage_0409.jpg,WATER_DRAINAGE,2
processed/images/PUBLIC_INFRASTRUCTURE/public_infrastructure_0330.jpg,public_infrastructure_0330.jpg,PUBLIC_INFRASTRUCTURE,5
processed/images/ROADS/roads_1859.png,roads_1859.png,ROADS,0
processed/images/ROADS/roads_0878.jpg,roads_0878.jpg,ROADS,0
processed/images/WASTE_MANAGEMENT/waste_management_0786.jpg,waste_management_0786.jpg,WASTE_MANAGEMENT,3
processed/images/TREES_ENVIRONMENT/trees_environment_0556.jpg,trees_environment_0556.jpg,TREES_ENVIRONMENT,4
processed/images/WATER_DRAINAGE/water_drainage_0201.jpg,water_drainage_0201.jpg,WATER_DRAINAGE,2
processed/images/PUBLIC_INFRASTRUCTURE/public_infrastructure_0372.jpg,public_infrastructure_0372.jpg,PUBLIC_INFRASTRUCTURE,5
processed/images/PUBLIC_INFRASTRUCTURE/public_infrastructure_1385.jpg,public_infrastructure_1385.jpg,PUBLIC_INFRASTRUCTURE,5
processed/images/ROADS/roads_0103.jpg,roads_0103.jpg,ROADS,0
processed/images/PUBLIC_INFRASTRUCTURE/public_infrastructure_0082.jpg,public_infrastructure_0082.jpg,PUBLIC_INFRASTRUCTURE,5
processed/images/TREES_ENVIRONMENT/trees_environment_0729.jpg,trees_environment_0729.jpg,TREES_ENVIRONMENT,4
processed/images/ROADS/roads_1800.png,roads_1800.png,ROADS,0
processed/images/WASTE_MANAGEMENT/waste_management_0236.jpg,waste_management_0236.jpg,WASTE_MANAGEMENT,3
processed/images/PUBLIC_INFRASTRUCTURE/public_infrastructure_0067.jpg,public_infrastructure_0067.jpg,PUBLIC_INFRASTRUCTURE,5
processed/images/WASTE_MANAGEMENT/waste_management_0456.jpg,waste_management_0456.jpg,WASTE_MANAGEMENT,3
processed/images/WATER_DRAINAGE/water_drainage_0390.jpg,water_drainage_0390.jpg,WATER_DRAINAGE,2
processed/images/PUBLIC_INFRASTRUCTURE/public_infrastructure_1049.jpg,public_infrastructure_1049.jpg,PUBLIC_INFRASTRUCTURE,5
processed/images/WASTE_MANAGEMENT/waste_management_0258.jpg,waste_management_0258.jpg,WASTE_MANAGEMENT,3
processed/images/WASTE_MANAGEMENT/waste_management_0628.jpg,waste_management_0628.jpg,WASTE_MANAGEMENT,3
processed/images/PUBLIC_INFRASTRUCTURE/public_infrastructure_0347.jpg,public_infrastructure_0347.jpg,PUBLIC_INFRASTRUCTURE,5
processed/images/PUBLIC_INFRASTRUCTURE/public_infrastructure_0502.jpg,public_infrastructure_0502.jpg,PUBLIC_INFRASTRUCTURE,5
processed/images/ROADS/roads_1235.jpg,roads_1235.jpg,ROADS,0
processed/images/PUBLIC_INFRASTRUCTURE/public_infrastructure_0210.jpg,public_infrastructure_0210.jpg,PUBLIC_INFRASTRUCTURE,5
processed/images/PUBLIC_INFRASTRUCTURE/public_infrastructure_1198.jpg,public_infrastructure_1198.jpg,PUBLIC_INFRASTRUCTURE,5
processed/images/TREES_ENVIRONMENT/trees_environment_1501.jpg,trees_environment_1501.jpg,TREES_ENVIRONMENT,4
processed/images/WATER_DRAINAGE/water_drainage_0340.jpg,water_drainage_0340.jpg,WATER_DRAINAGE,2
processed/images/STREET_LIGHTING/street_lighting_0766.jpg,street_lighting_0766.jpg,STREET_LIGHTING,1
processed/images/TREES_ENVIRONMENT/trees_environment_0661.jpg,trees_environment_0661.jpg,TREES_ENVIRONMENT,4
processed/images/ROADS/roads_1812.png,roads_1812.png,ROADS,0
processed/images/TREES_ENVIRONMENT/trees_environment_0051.jpg,trees_environment_0051.jpg,TREES_ENVIRONMENT,4
processed/images/STREET_LIGHTING/street_lighting_0050.jpg,street_lighting_0050.jpg,STREET_LIGHTING,1
processed/images/PUBLIC_INFRASTRUCTURE/public_infrastructure_1082.jpg,public_infrastructure_1082.jpg,PUBLIC_INFRASTRUCTURE,5
processed/images/WATER_DRAINAGE/water_drainage_0111.jpg,water_drainage_0111.jpg,WATER_DRAINAGE,2
processed/images/TREES_ENVIRONMENT/trees_environment_0255.jpg,trees_environment_0255.jpg,TREES_ENVIRONMENT,4
processed/images/ROADS/roads_0912.jpg,roads_0912.jpg,ROADS,0
processed/images/PUBLIC_INFRASTRUCTURE/public_infrastructure_1236.jpg,public_infrastructure_1236.jpg,PUBLIC_INFRASTRUCTURE,5
processed/images/TREES_ENVIRONMENT/trees_environment_0168.jpg,trees_environment_0168.jpg,TREES_ENVIRONMENT,4
processed/images/ROADS/roads_0249.jpg,roads_0249.jpg,ROADS,0
processed/images/PUBLIC_INFRASTRUCTURE/public_infrastructure_0192.jpg,public_infrastructure_0192.jpg,PUBLIC_INFRASTRUCTURE,5
processed/images/TREES_ENVIRONMENT/trees_environment_1529.jpg,trees_environment_1529.jpg,TREES_ENVIRONMENT,4
processed/images/WASTE_MANAGEMENT/waste_management_0618.jpg,waste_management_0618.jpg,WASTE_MANAGEMENT,3
processed/images/PUBLIC_INFRASTRUCTURE/public_infrastructure_0209.jpg,public_infrastructure_0209.jpg,PUBLIC_INFRASTRUCTURE,5
processed/images/WASTE_MANAGEMENT/waste_management_0216.jpg,waste_management_0216.jpg,WASTE_MANAGEMENT,3
processed/images/ROADS/roads_0503.jpg,roads_0503.jpg,ROADS,0
processed/images/WATER_DRAINAGE/water_drainage_0024.jpg,water_drainage_0024.jpg,WATER_DRAINAGE,2
processed/images/ROADS/roads_1026.jpg,roads_1026.jpg,ROADS,0
processed/images/ROADS/roads_0064.jpg,roads_0064.jpg,ROADS,0
processed/images/TREES_ENVIRONMENT/trees_environment_1554.jpg,trees_environment_1554.jpg,TREES_ENVIRONMENT,4
processed/images/TREES_ENVIRONMENT/trees_environment_0884.jpg,trees_environment_0884.jpg,TREES_ENVIRONMENT,4
processed/images/TREES_ENVIRONMENT/trees_environment_1589.jpg,trees_environment_1589.jpg,TREES_ENVIRONMENT,4
processed/images/TREES_ENVIRONMENT/trees_environment_0373.jpg,trees_environment_0373.jpg,TREES_ENVIRONMENT,4
processed/images/ROADS/roads_0590.jpg,roads_0590.jpg,ROADS,0
processed/images/ROADS/roads_1156.jpg,roads_1156.jpg,ROADS,0
processed/images/STREET_LIGHTING/street_lighting_0809.jpg,street_lighting_0809.jpg,STREET_LIGHTING,1
processed/images/WASTE_MANAGEMENT/waste_management_0839.jpg,waste_management_0839.jpg,WASTE_MANAGEMENT,3
processed/images/PUBLIC_INFRASTRUCTURE/public_infrastructure_0719.jpg,public_infrastructure_0719.jpg,PUBLIC_INFRASTRUCTURE,5
processed/images/ROADS/roads_0981.jpg,roads_0981.jpg,ROADS,0
processed/images/TREES_ENVIRONMENT/trees_environment_1353.jpg,trees_environment_1353.jpg,TREES_ENVIRONMENT,4
processed/images/WATER_DRAINAGE/water_drainage_0002.jpg,water_drainage_0002.jpg,WATER_DRAINAGE,2
processed/images/TREES_ENVIRONMENT/trees_environment_1609.jpg,trees_environment_1609.jpg,TREES_ENVIRONMENT,4
processed/images/ROADS/roads_1278.png,roads_1278.png,ROADS,0
processed/images/WASTE_MANAGEMENT/waste_management_0300.jpg,waste_management_0300.jpg,WASTE_MANAGEMENT,3
processed/images/PUBLIC_INFRASTRUCTURE/public_infrastructure_0868.jpg,public_infrastructure_0868.jpg,PUBLIC_INFRASTRUCTURE,5
processed/images/PUBLIC_INFRASTRUCTURE/public_infrastructure_0101.jpg,public_infrastructure_0101.jpg,PUBLIC_INFRASTRUCTURE,5
processed/images/TREES_ENVIRONMENT/trees_environment_1265.jpg,trees_environment_1265.jpg,TREES_ENVIRONMENT,4
processed/images/WASTE_MANAGEMENT/waste_management_0579.jpg,waste_management_0579.jpg,WASTE_MANAGEMENT,3
processed/images/STREET_LIGHTING/street_lighting_0833.jpg,street_lighting_0833.jpg,STREET_LIGHTING,1
processed/images/ROADS/roads_1779.png,roads_1779.png,ROADS,0
processed/images/TREES_ENVIRONMENT/trees_environment_1357.jpg,trees_environment_1357.jpg,TREES_ENVIRONMENT,4
processed/images/PUBLIC_INFRASTRUCTURE/public_infrastructure_0904.jpg,public_infrastructure_0904.jpg,PUBLIC_INFRASTRUCTURE,5
processed/images/TREES_ENVIRONMENT/trees_environment_1459.jpg,trees_environment_1459.jpg,TREES_ENVIRONMENT,4
processed/images/ROADS/roads_1393.png,roads_1393.png,ROADS,0
processed/images/PUBLIC_INFRASTRUCTURE/public_infrastructure_0623.jpg,public_infrastructure_0623.jpg,PUBLIC_INFRASTRUCTURE,5
processed/images/TREES_ENVIRONMENT/trees_environment_0474.jpg,trees_environment_0474.jpg,TREES_ENVIRONMENT,4
processed/images/STREET_LIGHTING/street_lighting_1006.jpg,street_lighting_1006.jpg,STREET_LIGHTING,1
processed/images/TREES_ENVIRONMENT/trees_environment_0981.jpg,trees_environment_0981.jpg,TREES_ENVIRONMENT,4
processed/images/STREET_LIGHTING/street_lighting_0859.jpg,street_lighting_0859.jpg,STREET_LIGHTING,1
processed/images/TREES_ENVIRONMENT/trees_environment_0080.jpg,trees_environment_0080.jpg,TREES_ENVIRONMENT,4
processed/images/TREES_ENVIRONMENT/trees_environment_1218.jpg,trees_environment_1218.jpg,TREES_ENVIRONMENT,4
processed/images/TREES_ENVIRONMENT/trees_environment_0417.jpg,trees_environment_0417.jpg,TREES_ENVIRONMENT,4
processed/images/ROADS/roads_0601.jpg,roads_0601.jpg,ROADS,0
processed/images/WASTE_MANAGEMENT/waste_management_0570.jpg,waste_management_0570.jpg,WASTE_MANAGEMENT,3
processed/images/TREES_ENVIRONMENT/trees_environment_0127.jpg,trees_environment_0127.jpg,TREES_ENVIRONMENT,4
processed/images/ROADS/roads_1451.png,roads_1451.png,ROADS,0
processed/images/WASTE_MANAGEMENT/waste_management_0361.jpg,waste_management_0361.jpg,WASTE_MANAGEMENT,3
processed/images/PUBLIC_INFRASTRUCTURE/public_infrastructure_0876.jpg,public_infrastructure_0876.jpg,PUBLIC_INFRASTRUCTURE,5
processed/images/WASTE_MANAGEMENT/waste_management_0603.jpg,waste_management_0603.jpg,WASTE_MANAGEMENT,3
processed/images/ROADS/roads_1366.png,roads_1366.png,ROADS,0
processed/images/STREET_LIGHTING/street_lighting_0564.jpg,street_lighting_0564.jpg,STREET_LIGHTING,1
processed/images/ROADS/roads_1881.png,roads_1881.png,ROADS,0
processed/images/STREET_LIGHTING/street_lighting_0707.jpg,street_lighting_0707.jpg,STREET_LIGHTING,1
processed/images/ROADS/roads_1362.png,roads_1362.png,ROADS,0
processed/images/STREET_LIGHTING/street_lighting_1032.jpg,street_lighting_1032.jpg,STREET_LIGHTING,1
processed/images/WATER_DRAINAGE/water_drainage_0109.jpg,water_drainage_0109.jpg,WATER_DRAINAGE,2
processed/images/STREET_LIGHTING/street_lighting_0531.jpg,street_lighting_0531.jpg,STREET_LIGHTING,1
processed/images/PUBLIC_INFRASTRUCTURE/public_infrastructure_0302.jpg,public_infrastructure_0302.jpg,PUBLIC_INFRASTRUCTURE,5
processed/images/PUBLIC_INFRASTRUCTURE/public_infrastructure_1043.jpg,public_infrastructure_1043.jpg,PUBLIC_INFRASTRUCTURE,5
processed/images/ROADS/roads_1098.jpg,roads_1098.jpg,ROADS,0
processed/images/WASTE_MANAGEMENT/waste_management_0169.jpg,waste_management_0169.jpg,WASTE_MANAGEMENT,3
processed/images/TREES_ENVIRONMENT/trees_environment_0585.jpg,trees_environment_0585.jpg,TREES_ENVIRONMENT,4
processed/images/ROADS/roads_0819.jpg,roads_0819.jpg,ROADS,0
processed/images/STREET_LIGHTING/street_lighting_0525.jpg,street_lighting_0525.jpg,STREET_LIGHTING,1
processed/images/TREES_ENVIRONMENT/trees_environment_0755.jpg,trees_environment_0755.jpg,TREES_ENVIRONMENT,4
processed/images/WASTE_MANAGEMENT/waste_management_0610.jpg,waste_management_0610.jpg,WASTE_MANAGEMENT,3
processed/images/WASTE_MANAGEMENT/waste_management_0590.jpg,waste_management_0590.jpg,WASTE_MANAGEMENT,3
processed/images/TREES_ENVIRONMENT/trees_environment_0145.jpg,trees_environment_0145.jpg,TREES_ENVIRONMENT,4
processed/images/ROADS/roads_0284.jpg,roads_0284.jpg,ROADS,0
processed/images/ROADS/roads_1135.jpg,roads_1135.jpg,ROADS,0
processed/images/TREES_ENVIRONMENT/trees_environment_1311.jpg,trees_environment_1311.jpg,TREES_ENVIRONMENT,4
processed/images/ROADS/roads_1552.png,roads_1552.png,ROADS,0
processed/images/PUBLIC_INFRASTRUCTURE/public_infrastructure_0809.jpg,public_infrastructure_0809.jpg,PUBLIC_INFRASTRUCTURE,5
processed/images/WASTE_MANAGEMENT/waste_management_0705.jpg,waste_management_0705.jpg,WASTE_MANAGEMENT,3
processed/images/ROADS/roads_0435.jpg,roads_0435.jpg,ROADS,0
processed/images/TREES_ENVIRONMENT/trees_environment_0502.jpg,trees_environment_0502.jpg,TREES_ENVIRONMENT,4
processed/images/TREES_ENVIRONMENT/trees_environment_1124.jpg,trees_environment_1124.jpg,TREES_ENVIRONMENT,4
processed/images/ROADS/roads_1750.png,roads_1750.png,ROADS,0
processed/images/STREET_LIGHTING/street_lighting_0046.jpg,street_lighting_0046.jpg,STREET_LIGHTING,1
processed/images/PUBLIC_INFRASTRUCTURE/public_infrastructure_1200.jpg,public_infrastructure_1200.jpg,PUBLIC_INFRASTRUCTURE,5
processed/images/STREET_LIGHTING/street_lighting_0933.jpg,street_lighting_0933.jpg,STREET_LIGHTING,1
processed/images/PUBLIC_INFRASTRUCTURE/public_infrastructure_1215.jpg,public_infrastructure_1215.jpg,PUBLIC_INFRASTRUCTURE,5
processed/images/ROADS/roads_1904.png,roads_1904.png,ROADS,0
processed/images/ROADS/roads_1756.png,roads_1756.png,ROADS,0
processed/images/ROADS/roads_1638.png,roads_1638.png,ROADS,0
processed/images/WATER_DRAINAGE/water_drainage_0131.jpg,water_drainage_0131.jpg,WATER_DRAINAGE,2
processed/images/PUBLIC_INFRASTRUCTURE/public_infrastructure_0260.jpg,public_infrastructure_0260.jpg,PUBLIC_INFRASTRUCTURE,5
processed/images/ROADS/roads_0485.jpg,roads_0485.jpg,ROADS,0
processed/images/WASTE_MANAGEMENT/waste_management_0543.jpg,waste_management_0543.jpg,WASTE_MANAGEMENT,3
processed/images/STREET_LIGHTING/street_lighting_0493.jpg,street_lighting_0493.jpg,STREET_LIGHTING,1
processed/images/WASTE_MANAGEMENT/waste_management_0874.jpg,waste_management_0874.jpg,WASTE_MANAGEMENT,3
processed/images/ROADS/roads_1134.jpg,roads_1134.jpg,ROADS,0
processed/images/ROADS/roads_1150.jpg,roads_1150.jpg,ROADS,0
processed/images/TREES_ENVIRONMENT/trees_environment_1158.jpg,trees_environment_1158.jpg,TREES_ENVIRONMENT,4
processed/images/WATER_DRAINAGE/water_drainage_0069.jpg,water_drainage_0069.jpg,WATER_DRAINAGE,2
processed/images/WATER_DRAINAGE/water_drainage_0126.jpg,water_drainage_0126.jpg,WATER_DRAINAGE,2
processed/images/PUBLIC_INFRASTRUCTURE/public_infrastructure_0512.jpg,public_infrastructure_0512.jpg,PUBLIC_INFRASTRUCTURE,5
processed/images/ROADS/roads_0186.jpg,roads_0186.jpg,ROADS,0
processed/images/WASTE_MANAGEMENT/waste_management_0222.jpg,waste_management_0222.jpg,WASTE_MANAGEMENT,3
processed/images/TREES_ENVIRONMENT/trees_environment_0632.jpg,trees_environment_0632.jpg,TREES_ENVIRONMENT,4
processed/images/STREET_LIGHTING/street_lighting_0427.jpg,street_lighting_0427.jpg,STREET_LIGHTING,1
processed/images/ROADS/roads_0066.jpg,roads_0066.jpg,ROADS,0
processed/images/PUBLIC_INFRASTRUCTURE/public_infrastructure_1196.jpg,public_infrastructure_1196.jpg,PUBLIC_INFRASTRUCTURE,5
processed/images/ROADS/roads_0164.jpg,roads_0164.jpg,ROADS,0
processed/images/PUBLIC_INFRASTRUCTURE/public_infrastructure_0059.jpg,public_infrastructure_0059.jpg,PUBLIC_INFRASTRUCTURE,5
processed/images/TREES_ENVIRONMENT/trees_environment_0147.jpg,trees_environment_0147.jpg,TREES_ENVIRONMENT,4
processed/images/TREES_ENVIRONMENT/trees_environment_0875.jpg,trees_environment_0875.jpg,TREES_ENVIRONMENT,4
processed/images/PUBLIC_INFRASTRUCTURE/public_infrastructure_0910.jpg,public_infrastructure_0910.jpg,PUBLIC_INFRASTRUCTURE,5
processed/images/STREET_LIGHTING/street_lighting_0762.jpg,street_lighting_0762.jpg,STREET_LIGHTING,1
processed/images/PUBLIC_INFRASTRUCTURE/public_infrastructure_0020.jpg,public_infrastructure_0020.jpg,PUBLIC_INFRASTRUCTURE,5
processed/images/STREET_LIGHTING/street_lighting_0139.jpg,street_lighting_0139.jpg,STREET_LIGHTING,1
processed/images/STREET_LIGHTING/street_lighting_0444.jpg,street_lighting_0444.jpg,STREET_LIGHTING,1
processed/images/ROADS/roads_1752.png,roads_1752.png,ROADS,0
processed/images/ROADS/roads_0366.jpg,roads_0366.jpg,ROADS,0
processed/images/TREES_ENVIRONMENT/trees_environment_1577.jpg,trees_environment_1577.jpg,TREES_ENVIRONMENT,4
processed/images/ROADS/roads_1207.jpg,roads_1207.jpg,ROADS,0
processed/images/TREES_ENVIRONMENT/trees_environment_0222.jpg,trees_environment_0222.jpg,TREES_ENVIRONMENT,4
processed/images/PUBLIC_INFRASTRUCTURE/public_infrastructure_1439.jpg,public_infrastructure_1439.jpg,PUBLIC_INFRASTRUCTURE,5
processed/images/TREES_ENVIRONMENT/trees_environment_1343.jpg,trees_environment_1343.jpg,TREES_ENVIRONMENT,4
processed/images/PUBLIC_INFRASTRUCTURE/public_infrastructure_0028.jpg,public_infrastructure_0028.jpg,PUBLIC_INFRASTRUCTURE,5
processed/images/STREET_LIGHTING/street_lighting_0371.jpg,street_lighting_0371.jpg,STREET_LIGHTING,1
processed/images/ROADS/roads_1254.jpg,roads_1254.jpg,ROADS,0
processed/images/ROADS/roads_0636.jpg,roads_0636.jpg,ROADS,0
processed/images/STREET_LIGHTING/street_lighting_0377.jpg,street_lighting_0377.jpg,STREET_LIGHTING,1
processed/images/TREES_ENVIRONMENT/trees_environment_0832.jpg,trees_environment_0832.jpg,TREES_ENVIRONMENT,4
processed/images/PUBLIC_INFRASTRUCTURE/public_infrastructure_1269.jpg,public_infrastructure_1269.jpg,PUBLIC_INFRASTRUCTURE,5
processed/images/ROADS/roads_0468.jpg,roads_0468.jpg,ROADS,0
processed/images/TREES_ENVIRONMENT/trees_environment_1036.jpg,trees_environment_1036.jpg,TREES_ENVIRONMENT,4
processed/images/ROADS/roads_1597.png,roads_1597.png,ROADS,0
processed/images/ROADS/roads_0718.jpg,roads_0718.jpg,ROADS,0
processed/images/PUBLIC_INFRASTRUCTURE/public_infrastructure_0365.jpg,public_infrastructure_0365.jpg,PUBLIC_INFRASTRUCTURE,5
processed/images/ROADS/roads_0006.jpeg,roads_0006.jpeg,ROADS,0
processed/images/TREES_ENVIRONMENT/trees_environment_0620.jpg,trees_environment_0620.jpg,TREES_ENVIRONMENT,4
processed/images/TREES_ENVIRONMENT/trees_environment_0456.jpg,trees_environment_0456.jpg,TREES_ENVIRONMENT,4
processed/images/WASTE_MANAGEMENT/waste_management_0483.jpg,waste_management_0483.jpg,WASTE_MANAGEMENT,3
processed/images/TREES_ENVIRONMENT/trees_environment_1399.jpg,trees_environment_1399.jpg,TREES_ENVIRONMENT,4
processed/images/WASTE_MANAGEMENT/waste_management_0170.jpg,waste_management_0170.jpg,WASTE_MANAGEMENT,3
processed/images/PUBLIC_INFRASTRUCTURE/public_infrastructure_0319.jpg,public_infrastructure_0319.jpg,PUBLIC_INFRASTRUCTURE,5
processed/images/PUBLIC_INFRASTRUCTURE/public_infrastructure_0944.jpg,public_infrastructure_0944.jpg,PUBLIC_INFRASTRUCTURE,5
processed/images/WASTE_MANAGEMENT/waste_management_0566.jpg,waste_management_0566.jpg,WASTE_MANAGEMENT,3
processed/images/WATER_DRAINAGE/water_drainage_0411.jpg,water_drainage_0411.jpg,WATER_DRAINAGE,2
processed/images/ROADS/roads_0831.jpg,roads_0831.jpg,ROADS,0
processed/images/STREET_LIGHTING/street_lighting_0474.jpg,street_lighting_0474.jpg,STREET_LIGHTING,1
processed/images/TREES_ENVIRONMENT/trees_environment_0033.jpg,trees_environment_0033.jpg,TREES_ENVIRONMENT,4
processed/images/TREES_ENVIRONMENT/trees_environment_0219.jpg,trees_environment_0219.jpg,TREES_ENVIRONMENT,4
processed/images/PUBLIC_INFRASTRUCTURE/public_infrastructure_1399.jpg,public_infrastructure_1399.jpg,PUBLIC_INFRASTRUCTURE,5
processed/images/ROADS/roads_0379.jpg,roads_0379.jpg,ROADS,0
processed/images/ROADS/roads_0196.jpg,roads_0196.jpg,ROADS,0
processed/images/ROADS/roads_0908.jpg,roads_0908.jpg,ROADS,0
processed/images/ROADS/roads_0576.jpg,roads_0576.jpg,ROADS,0
processed/images/ROADS/roads_0409.jpg,roads_0409.jpg,ROADS,0
processed/images/PUBLIC_INFRASTRUCTURE/public_infrastructure_1495.jpg,public_infrastructure_1495.jpg,PUBLIC_INFRASTRUCTURE,5
processed/images/WASTE_MANAGEMENT/waste_management_0444.jpg,waste_management_0444.jpg,WASTE_MANAGEMENT,3
processed/images/WASTE_MANAGEMENT/waste_management_0507.jpg,waste_management_0507.jpg,WASTE_MANAGEMENT,3
processed/images/STREET_LIGHTING/street_lighting_0628.jpg,street_lighting_0628.jpg,STREET_LIGHTING,1
processed/images/ROADS/roads_0825.jpg,roads_0825.jpg,ROADS,0
processed/images/ROADS/roads_1614.png,roads_1614.png,ROADS,0
processed/images/STREET_LIGHTING/street_lighting_0405.jpg,street_lighting_0405.jpg,STREET_LIGHTING,1
processed/images/ROADS/roads_1864.png,roads_1864.png,ROADS,0
processed/images/PUBLIC_INFRASTRUCTURE/public_infrastructure_0013.jpg,public_infrastructure_0013.jpg,PUBLIC_INFRASTRUCTURE,5
processed/images/WASTE_MANAGEMENT/waste_management_0406.jpg,waste_management_0406.jpg,WASTE_MANAGEMENT,3
processed/images/PUBLIC_INFRASTRUCTURE/public_infrastructure_1479.jpg,public_infrastructure_1479.jpg,PUBLIC_INFRASTRUCTURE,5
processed/images/ROADS/roads_0491.jpg,roads_0491.jpg,ROADS,0
processed/images/TREES_ENVIRONMENT/trees_environment_1470.jpg,trees_environment_1470.jpg,TREES_ENVIRONMENT,4
processed/images/PUBLIC_INFRASTRUCTURE/public_infrastructure_0177.jpg,public_infrastructure_0177.jpg,PUBLIC_INFRASTRUCTURE,5
processed/images/STREET_LIGHTING/street_lighting_0513.jpg,street_lighting_0513.jpg,STREET_LIGHTING,1
processed/images/WATER_DRAINAGE/water_drainage_0141.jpg,water_drainage_0141.jpg,WATER_DRAINAGE,2
processed/images/STREET_LIGHTING/street_lighting_0688.jpg,street_lighting_0688.jpg,STREET_LIGHTING,1
processed/images/STREET_LIGHTING/street_lighting_1040.jpg,street_lighting_1040.jpg,STREET_LIGHTING,1
processed/images/WASTE_MANAGEMENT/waste_management_0066.jpg,waste_management_0066.jpg,WASTE_MANAGEMENT,3
processed/images/ROADS/roads_0475.jpg,roads_0475.jpg,ROADS,0
processed/images/ROADS/roads_1446.png,roads_1446.png,ROADS,0
processed/images/PUBLIC_INFRASTRUCTURE/public_infrastructure_1409.jpg,public_infrastructure_1409.jpg,PUBLIC_INFRASTRUCTURE,5
processed/images/TREES_ENVIRONMENT/trees_environment_0633.jpg,trees_environment_0633.jpg,TREES_ENVIRONMENT,4
processed/images/WATER_DRAINAGE/water_drainage_0245.jpg,water_drainage_0245.jpg,WATER_DRAINAGE,2
processed/images/TREES_ENVIRONMENT/trees_environment_1599.jpg,trees_environment_1599.jpg,TREES_ENVIRONMENT,4
processed/images/ROADS/roads_0440.jpg,roads_0440.jpg,ROADS,0
processed/images/STREET_LIGHTING/street_lighting_0827.jpg,street_lighting_0827.jpg,STREET_LIGHTING,1
processed/images/ROADS/roads_0407.jpg,roads_0407.jpg,ROADS,0
processed/images/PUBLIC_INFRASTRUCTURE/public_infrastructure_0312.jpg,public_infrastructure_0312.jpg,PUBLIC_INFRASTRUCTURE,5
processed/images/PUBLIC_INFRASTRUCTURE/public_infrastructure_1175.jpg,public_infrastructure_1175.jpg,PUBLIC_INFRASTRUCTURE,5
processed/images/STREET_LIGHTING/street_lighting_0512.jpg,street_lighting_0512.jpg,STREET_LIGHTING,1
processed/images/PUBLIC_INFRASTRUCTURE/public_infrastructure_1214.jpg,public_infrastructure_1214.jpg,PUBLIC_INFRASTRUCTURE,5
processed/images/STREET_LIGHTING/street_lighting_0735.jpg,street_lighting_0735.jpg,STREET_LIGHTING,1
processed/images/TREES_ENVIRONMENT/trees_environment_0774.jpg,trees_environment_0774.jpg,TREES_ENVIRONMENT,4
processed/images/TREES_ENVIRONMENT/trees_environment_1237.jpg,trees_environment_1237.jpg,TREES_ENVIRONMENT,4
processed/images/WASTE_MANAGEMENT/waste_management_0149.jpg,waste_management_0149.jpg,WASTE_MANAGEMENT,3
processed/images/ROADS/roads_1039.jpg,roads_1039.jpg,ROADS,0
processed/images/STREET_LIGHTING/street_lighting_0625.jpg,street_lighting_0625.jpg,STREET_LIGHTING,1
processed/images/TREES_ENVIRONMENT/trees_environment_1080.jpg,trees_environment_1080.jpg,TREES_ENVIRONMENT,4
processed/images/WASTE_MANAGEMENT/waste_management_0670.jpg,waste_management_0670.jpg,WASTE_MANAGEMENT,3
processed/images/STREET_LIGHTING/street_lighting_1056.jpg,street_lighting_1056.jpg,STREET_LIGHTING,1
processed/images/STREET_LIGHTING/street_lighting_0556.jpg,street_lighting_0556.jpg,STREET_LIGHTING,1
processed/images/WASTE_MANAGEMENT/waste_management_0554.jpg,waste_management_0554.jpg,WASTE_MANAGEMENT,3
processed/images/PUBLIC_INFRASTRUCTURE/public_infrastructure_0824.jpg,public_infrastructure_0824.jpg,PUBLIC_INFRASTRUCTURE,5
processed/images/PUBLIC_INFRASTRUCTURE/public_infrastructure_0272.jpg,public_infrastructure_0272.jpg,PUBLIC_INFRASTRUCTURE,5
processed/images/WASTE_MANAGEMENT/waste_management_0086.jpg,waste_management_0086.jpg,WASTE_MANAGEMENT,3
processed/images/TREES_ENVIRONMENT/trees_environment_1052.jpg,trees_environment_1052.jpg,TREES_ENVIRONMENT,4
processed/images/TREES_ENVIRONMENT/trees_environment_1066.jpg,trees_environment_1066.jpg,TREES_ENVIRONMENT,4
processed/images/STREET_LIGHTING/street_lighting_0992.jpg,street_lighting_0992.jpg,STREET_LIGHTING,1
processed/images/TREES_ENVIRONMENT/trees_environment_0449.jpg,trees_environment_0449.jpg,TREES_ENVIRONMENT,4
processed/images/ROADS/roads_0830.jpg,roads_0830.jpg,ROADS,0
processed/images/TREES_ENVIRONMENT/trees_environment_0150.jpg,trees_environment_0150.jpg,TREES_ENVIRONMENT,4
processed/images/ROADS/roads_1544.png,roads_1544.png,ROADS,0
processed/images/PUBLIC_INFRASTRUCTURE/public_infrastructure_0533.jpg,public_infrastructure_0533.jpg,PUBLIC_INFRASTRUCTURE,5
processed/images/TREES_ENVIRONMENT/trees_environment_1010.jpg,trees_environment_1010.jpg,TREES_ENVIRONMENT,4
processed/images/TREES_ENVIRONMENT/trees_environment_0659.jpg,trees_environment_0659.jpg,TREES_ENVIRONMENT,4
processed/images/TREES_ENVIRONMENT/trees_environment_0750.jpg,trees_environment_0750.jpg,TREES_ENVIRONMENT,4
processed/images/STREET_LIGHTING/street_lighting_0204.jpg,street_lighting_0204.jpg,STREET_LIGHTING,1
processed/images/STREET_LIGHTING/street_lighting_0838.jpg,street_lighting_0838.jpg,STREET_LIGHTING,1
processed/images/STREET_LIGHTING/street_lighting_0275.jpg,street_lighting_0275.jpg,STREET_LIGHTING,1
processed/images/TREES_ENVIRONMENT/trees_environment_1019.jpg,trees_environment_1019.jpg,TREES_ENVIRONMENT,4
processed/images/TREES_ENVIRONMENT/trees_environment_0431.jpg,trees_environment_0431.jpg,TREES_ENVIRONMENT,4
processed/images/WASTE_MANAGEMENT/waste_management_0172.jpg,waste_management_0172.jpg,WASTE_MANAGEMENT,3
processed/images/WASTE_MANAGEMENT/waste_management_0613.jpg,waste_management_0613.jpg,WASTE_MANAGEMENT,3
processed/images/PUBLIC_INFRASTRUCTURE/public_infrastructure_0119.jpg,public_infrastructure_0119.jpg,PUBLIC_INFRASTRUCTURE,5
processed/images/PUBLIC_INFRASTRUCTURE/public_infrastructure_1098.jpg,public_infrastructure_1098.jpg,PUBLIC_INFRASTRUCTURE,5
processed/images/WATER_DRAINAGE/water_drainage_0320.jpg,water_drainage_0320.jpg,WATER_DRAINAGE,2
processed/images/STREET_LIGHTING/street_lighting_0089.jpg,street_lighting_0089.jpg,STREET_LIGHTING,1
processed/images/PUBLIC_INFRASTRUCTURE/public_infrastructure_1388.jpg,public_infrastructure_1388.jpg,PUBLIC_INFRASTRUCTURE,5
processed/images/ROADS/roads_0642.jpg,roads_0642.jpg,ROADS,0
processed/images/ROADS/roads_0514.jpg,roads_0514.jpg,ROADS,0
processed/images/TREES_ENVIRONMENT/trees_environment_0493.jpg,trees_environment_0493.jpg,TREES_ENVIRONMENT,4
processed/images/PUBLIC_INFRASTRUCTURE/public_infrastructure_1405.jpg,public_infrastructure_1405.jpg,PUBLIC_INFRASTRUCTURE,5
processed/images/PUBLIC_INFRASTRUCTURE/public_infrastructure_1032.jpg,public_infrastructure_1032.jpg,PUBLIC_INFRASTRUCTURE,5
processed/images/TREES_ENVIRONMENT/trees_environment_0840.jpg,trees_environment_0840.jpg,TREES_ENVIRONMENT,4
processed/images/ROADS/roads_0404.jpg,roads_0404.jpg,ROADS,0
processed/images/TREES_ENVIRONMENT/trees_environment_0630.jpg,trees_environment_0630.jpg,TREES_ENVIRONMENT,4
processed/images/WASTE_MANAGEMENT/waste_management_0031.jpg,waste_management_0031.jpg,WASTE_MANAGEMENT,3
processed/images/STREET_LIGHTING/street_lighting_0742.jpg,street_lighting_0742.jpg,STREET_LIGHTING,1
processed/images/TREES_ENVIRONMENT/trees_environment_0481.jpg,trees_environment_0481.jpg,TREES_ENVIRONMENT,4
processed/images/PUBLIC_INFRASTRUCTURE/public_infrastructure_1314.jpg,public_infrastructure_1314.jpg,PUBLIC_INFRASTRUCTURE,5
processed/images/ROADS/roads_0406.jpg,roads_0406.jpg,ROADS,0
processed/images/TREES_ENVIRONMENT/trees_environment_0913.jpg,trees_environment_0913.jpg,TREES_ENVIRONMENT,4
processed/images/ROADS/roads_0689.jpg,roads_0689.jpg,ROADS,0
processed/images/TREES_ENVIRONMENT/trees_environment_0530.jpg,trees_environment_0530.jpg,TREES_ENVIRONMENT,4
processed/images/TREES_ENVIRONMENT/trees_environment_0120.jpg,trees_environment_0120.jpg,TREES_ENVIRONMENT,4
processed/images/PUBLIC_INFRASTRUCTURE/public_infrastructure_0423.jpg,public_infrastructure_0423.jpg,PUBLIC_INFRASTRUCTURE,5
processed/images/TREES_ENVIRONMENT/trees_environment_1585.jpg,trees_environment_1585.jpg,TREES_ENVIRONMENT,4
processed/images/STREET_LIGHTING/street_lighting_0312.jpg,street_lighting_0312.jpg,STREET_LIGHTING,1
processed/images/PUBLIC_INFRASTRUCTURE/public_infrastructure_0434.jpg,public_infrastructure_0434.jpg,PUBLIC_INFRASTRUCTURE,5
processed/images/TREES_ENVIRONMENT/trees_environment_0202.jpg,trees_environment_0202.jpg,TREES_ENVIRONMENT,4
processed/images/TREES_ENVIRONMENT/trees_environment_0346.jpg,trees_environment_0346.jpg,TREES_ENVIRONMENT,4
processed/images/STREET_LIGHTING/street_lighting_0605.jpg,street_lighting_0605.jpg,STREET_LIGHTING,1
processed/images/ROADS/roads_0854.jpg,roads_0854.jpg,ROADS,0
processed/images/ROADS/roads_1720.png,roads_1720.png,ROADS,0
processed/images/STREET_LIGHTING/street_lighting_0262.jpg,street_lighting_0262.jpg,STREET_LIGHTING,1
processed/images/TREES_ENVIRONMENT/trees_environment_0527.jpg,trees_environment_0527.jpg,TREES_ENVIRONMENT,4
processed/images/WASTE_MANAGEMENT/waste_management_0717.jpg,waste_management_0717.jpg,WASTE_MANAGEMENT,3
processed/images/STREET_LIGHTING/street_lighting_0950.jpg,street_lighting_0950.jpg,STREET_LIGHTING,1
processed/images/ROADS/roads_1695.png,roads_1695.png,ROADS,0
processed/images/WASTE_MANAGEMENT/waste_management_0513.jpg,waste_management_0513.jpg,WASTE_MANAGEMENT,3
processed/images/WATER_DRAINAGE/water_drainage_0004.jpg,water_drainage_0004.jpg,WATER_DRAINAGE,2
processed/images/PUBLIC_INFRASTRUCTURE/public_infrastructure_1223.jpg,public_infrastructure_1223.jpg,PUBLIC_INFRASTRUCTURE,5
processed/images/TREES_ENVIRONMENT/trees_environment_0863.jpg,trees_environment_0863.jpg,TREES_ENVIRONMENT,4
processed/images/STREET_LIGHTING/street_lighting_0979.jpg,street_lighting_0979.jpg,STREET_LIGHTING,1
processed/images/ROADS/roads_1811.png,roads_1811.png,ROADS,0
processed/images/ROADS/roads_0733.jpg,roads_0733.jpg,ROADS,0
processed/images/ROADS/roads_1495.png,roads_1495.png,ROADS,0
processed/images/PUBLIC_INFRASTRUCTURE/public_infrastructure_0321.jpg,public_infrastructure_0321.jpg,PUBLIC_INFRASTRUCTURE,5
processed/images/WASTE_MANAGEMENT/waste_management_0385.jpg,waste_management_0385.jpg,WASTE_MANAGEMENT,3
processed/images/PUBLIC_INFRASTRUCTURE/public_infrastructure_0288.jpg,public_infrastructure_0288.jpg,PUBLIC_INFRASTRUCTURE,5
processed/images/WASTE_MANAGEMENT/waste_management_0358.jpg,waste_management_0358.jpg,WASTE_MANAGEMENT,3
processed/images/ROADS/roads_0920.jpg,roads_0920.jpg,ROADS,0
processed/images/TREES_ENVIRONMENT/trees_environment_0130.jpg,trees_environment_0130.jpg,TREES_ENVIRONMENT,4
processed/images/STREET_LIGHTING/street_lighting_1034.jpg,street_lighting_1034.jpg,STREET_LIGHTING,1
processed/images/STREET_LIGHTING/street_lighting_0454.jpg,street_lighting_0454.jpg,STREET_LIGHTING,1
processed/images/STREET_LIGHTING/street_lighting_0554.jpg,street_lighting_0554.jpg,STREET_LIGHTING,1
processed/images/TREES_ENVIRONMENT/trees_environment_1412.jpg,trees_environment_1412.jpg,TREES_ENVIRONMENT,4
processed/images/WASTE_MANAGEMENT/waste_management_0132.jpg,waste_management_0132.jpg,WASTE_MANAGEMENT,3
processed/images/ROADS/roads_0498.jpg,roads_0498.jpg,ROADS,0
processed/images/ROADS/roads_0291.jpg,roads_0291.jpg,ROADS,0
processed/images/ROADS/roads_0959.jpg,roads_0959.jpg,ROADS,0
processed/images/TREES_ENVIRONMENT/trees_environment_0700.jpg,trees_environment_0700.jpg,TREES_ENVIRONMENT,4
processed/images/STREET_LIGHTING/street_lighting_0385.jpg,street_lighting_0385.jpg,STREET_LIGHTING,1
processed/images/PUBLIC_INFRASTRUCTURE/public_infrastructure_0133.jpg,public_infrastructure_0133.jpg,PUBLIC_INFRASTRUCTURE,5
processed/images/TREES_ENVIRONMENT/trees_environment_1387.jpg,trees_environment_1387.jpg,TREES_ENVIRONMENT,4
processed/images/ROADS/roads_0487.jpg,roads_0487.jpg,ROADS,0
processed/images/WASTE_MANAGEMENT/waste_management_0155.jpg,waste_management_0155.jpg,WASTE_MANAGEMENT,3
processed/images/ROADS/roads_0624.jpg,roads_0624.jpg,ROADS,0
processed/images/ROADS/roads_1653.png,roads_1653.png,ROADS,0
processed/images/ROADS/roads_0374.jpg,roads_0374.jpg,ROADS,0
processed/images/PUBLIC_INFRASTRUCTURE/public_infrastructure_0121.jpg,public_infrastructure_0121.jpg,PUBLIC_INFRASTRUCTURE,5
processed/images/STREET_LIGHTING/street_lighting_1048.jpg,street_lighting_1048.jpg,STREET_LIGHTING,1
processed/images/ROADS/roads_0508.jpg,roads_0508.jpg,ROADS,0
processed/images/WASTE_MANAGEMENT/waste_management_0791.jpg,waste_management_0791.jpg,WASTE_MANAGEMENT,3
processed/images/WASTE_MANAGEMENT/waste_management_0699.jpg,waste_management_0699.jpg,WASTE_MANAGEMENT,3
processed/images/TREES_ENVIRONMENT/trees_environment_0260.jpg,trees_environment_0260.jpg,TREES_ENVIRONMENT,4
processed/images/WASTE_MANAGEMENT/waste_management_0715.jpg,waste_management_0715.jpg,WASTE_MANAGEMENT,3
processed/images/ROADS/roads_0976.jpg,roads_0976.jpg,ROADS,0
processed/images/ROADS/roads_0688.jpg,roads_0688.jpg,ROADS,0
processed/images/WASTE_MANAGEMENT/waste_management_0120.jpg,waste_management_0120.jpg,WASTE_MANAGEMENT,3
processed/images/TREES_ENVIRONMENT/trees_environment_0269.jpg,trees_environment_0269.jpg,TREES_ENVIRONMENT,4
processed/images/ROADS/roads_0739.jpg,roads_0739.jpg,ROADS,0
processed/images/STREET_LIGHTING/street_lighting_0136.jpg,street_lighting_0136.jpg,STREET_LIGHTING,1
processed/images/ROADS/roads_1889.png,roads_1889.png,ROADS,0
processed/images/STREET_LIGHTING/street_lighting_0376.jpg,street_lighting_0376.jpg,STREET_LIGHTING,1
processed/images/ROADS/roads_1433.png,roads_1433.png,ROADS,0
processed/images/TREES_ENVIRONMENT/trees_environment_0509.jpg,trees_environment_0509.jpg,TREES_ENVIRONMENT,4
processed/images/TREES_ENVIRONMENT/trees_environment_1221.jpg,trees_environment_1221.jpg,TREES_ENVIRONMENT,4
processed/images/STREET_LIGHTING/street_lighting_1098.jpg,street_lighting_1098.jpg,STREET_LIGHTING,1
processed/images/ROADS/roads_1724.png,roads_1724.png,ROADS,0
processed/images/TREES_ENVIRONMENT/trees_environment_1084.jpg,trees_environment_1084.jpg,TREES_ENVIRONMENT,4
processed/images/STREET_LIGHTING/street_lighting_0363.jpg,street_lighting_0363.jpg,STREET_LIGHTING,1
processed/images/PUBLIC_INFRASTRUCTURE/public_infrastructure_1079.jpg,public_infrastructure_1079.jpg,PUBLIC_INFRASTRUCTURE,5
processed/images/WASTE_MANAGEMENT/waste_management_0136.jpg,waste_management_0136.jpg,WASTE_MANAGEMENT,3
processed/images/TREES_ENVIRONMENT/trees_environment_1245.jpg,trees_environment_1245.jpg,TREES_ENVIRONMENT,4
processed/images/TREES_ENVIRONMENT/trees_environment_1151.jpg,trees_environment_1151.jpg,TREES_ENVIRONMENT,4
processed/images/WASTE_MANAGEMENT/waste_management_0878.jpg,waste_management_0878.jpg,WASTE_MANAGEMENT,3
processed/images/ROADS/roads_1351.png,roads_1351.png,ROADS,0
processed/images/WATER_DRAINAGE/water_drainage_0003.jpg,water_drainage_0003.jpg,WATER_DRAINAGE,2
processed/images/WASTE_MANAGEMENT/waste_management_0237.jpg,waste_management_0237.jpg,WASTE_MANAGEMENT,3
processed/images/STREET_LIGHTING/street_lighting_0074.jpg,street_lighting_0074.jpg,STREET_LIGHTING,1
processed/images/PUBLIC_INFRASTRUCTURE/public_infrastructure_1393.jpg,public_infrastructure_1393.jpg,PUBLIC_INFRASTRUCTURE,5
processed/images/ROADS/roads_0177.jpg,roads_0177.jpg,ROADS,0
processed/images/WASTE_MANAGEMENT/waste_management_0714.jpg,waste_management_0714.jpg,WASTE_MANAGEMENT,3
processed/images/STREET_LIGHTING/street_lighting_0487.jpg,street_lighting_0487.jpg,STREET_LIGHTING,1
processed/images/WASTE_MANAGEMENT/waste_management_0501.jpg,waste_management_0501.jpg,WASTE_MANAGEMENT,3
processed/images/ROADS/roads_1571.png,roads_1571.png,ROADS,0
processed/images/PUBLIC_INFRASTRUCTURE/public_infrastructure_1199.jpg,public_infrastructure_1199.jpg,PUBLIC_INFRASTRUCTURE,5
processed/images/TREES_ENVIRONMENT/trees_environment_1143.jpg,trees_environment_1143.jpg,TREES_ENVIRONMENT,4
processed/images/TREES_ENVIRONMENT/trees_environment_0072.jpg,trees_environment_0072.jpg,TREES_ENVIRONMENT,4
processed/images/STREET_LIGHTING/street_lighting_0924.jpg,street_lighting_0924.jpg,STREET_LIGHTING,1
processed/images/PUBLIC_INFRASTRUCTURE/public_infrastructure_1456.jpg,public_infrastructure_1456.jpg,PUBLIC_INFRASTRUCTURE,5
processed/images/PUBLIC_INFRASTRUCTURE/public_infrastructure_0939.jpg,public_infrastructure_0939.jpg,PUBLIC_INFRASTRUCTURE,5
processed/images/STREET_LIGHTING/street_lighting_0331.jpg,street_lighting_0331.jpg,STREET_LIGHTING,1
processed/images/WASTE_MANAGEMENT/waste_management_0562.jpg,waste_management_0562.jpg,WASTE_MANAGEMENT,3
processed/images/PUBLIC_INFRASTRUCTURE/public_infrastructure_0039.jpg,public_infrastructure_0039.jpg,PUBLIC_INFRASTRUCTURE,5
processed/images/STREET_LIGHTING/street_lighting_0361.jpg,street_lighting_0361.jpg,STREET_LIGHTING,1
processed/images/WATER_DRAINAGE/water_drainage_0370.jpg,water_drainage_0370.jpg,WATER_DRAINAGE,2
processed/images/TREES_ENVIRONMENT/trees_environment_0529.jpg,trees_environment_0529.jpg,TREES_ENVIRONMENT,4
processed/images/STREET_LIGHTING/street_lighting_0798.jpg,street_lighting_0798.jpg,STREET_LIGHTING,1
processed/images/STREET_LIGHTING/street_lighting_0155.jpg,street_lighting_0155.jpg,STREET_LIGHTING,1
processed/images/TREES_ENVIRONMENT/trees_environment_1193.jpg,trees_environment_1193.jpg,TREES_ENVIRONMENT,4
processed/images/STREET_LIGHTING/street_lighting_0029.jpg,street_lighting_0029.jpg,STREET_LIGHTING,1
processed/images/WATER_DRAINAGE/water_drainage_0354.jpg,water_drainage_0354.jpg,WATER_DRAINAGE,2
processed/images/ROADS/roads_1085.jpg,roads_1085.jpg,ROADS,0
processed/images/STREET_LIGHTING/street_lighting_1131.jpg,street_lighting_1131.jpg,STREET_LIGHTING,1
processed/images/PUBLIC_INFRASTRUCTURE/public_infrastructure_1291.jpg,public_infrastructure_1291.jpg,PUBLIC_INFRASTRUCTURE,5
processed/images/ROADS/roads_0201.jpg,roads_0201.jpg,ROADS,0
processed/images/TREES_ENVIRONMENT/trees_environment_1561.jpg,trees_environment_1561.jpg,TREES_ENVIRONMENT,4
processed/images/WATER_DRAINAGE/water_drainage_0436.jpg,water_drainage_0436.jpg,WATER_DRAINAGE,2
processed/images/ROADS/roads_1421.png,roads_1421.png,ROADS,0
processed/images/ROADS/roads_0928.jpg,roads_0928.jpg,ROADS,0
processed/images/TREES_ENVIRONMENT/trees_environment_0584.jpg,trees_environment_0584.jpg,TREES_ENVIRONMENT,4
processed/images/TREES_ENVIRONMENT/trees_environment_0827.jpg,trees_environment_0827.jpg,TREES_ENVIRONMENT,4
processed/images/WASTE_MANAGEMENT/waste_management_0651.jpg,waste_management_0651.jpg,WASTE_MANAGEMENT,3
processed/images/TREES_ENVIRONMENT/trees_environment_1418.jpg,trees_environment_1418.jpg,TREES_ENVIRONMENT,4
processed/images/TREES_ENVIRONMENT/trees_environment_0083.jpg,trees_environment_0083.jpg,TREES_ENVIRONMENT,4
processed/images/STREET_LIGHTING/street_lighting_0447.jpg,street_lighting_0447.jpg,STREET_LIGHTING,1
processed/images/PUBLIC_INFRASTRUCTURE/public_infrastructure_0291.jpg,public_infrastructure_0291.jpg,PUBLIC_INFRASTRUCTURE,5
processed/images/PUBLIC_INFRASTRUCTURE/public_infrastructure_1301.jpg,public_infrastructure_1301.jpg,PUBLIC_INFRASTRUCTURE,5
processed/images/TREES_ENVIRONMENT/trees_environment_1107.jpg,trees_environment_1107.jpg,TREES_ENVIRONMENT,4
processed/images/TREES_ENVIRONMENT/trees_environment_1592.jpg,trees_environment_1592.jpg,TREES_ENVIRONMENT,4
processed/images/ROADS/roads_1203.jpg,roads_1203.jpg,ROADS,0
processed/images/ROADS/roads_1386.png,roads_1386.png,ROADS,0
processed/images/ROADS/roads_0999.jpg,roads_0999.jpg,ROADS,0
processed/images/PUBLIC_INFRASTRUCTURE/public_infrastructure_1415.jpg,public_infrastructure_1415.jpg,PUBLIC_INFRASTRUCTURE,5
processed/images/TREES_ENVIRONMENT/trees_environment_0850.jpg,trees_environment_0850.jpg,TREES_ENVIRONMENT,4
processed/images/ROADS/roads_0200.jpg,roads_0200.jpg,ROADS,0
processed/images/TREES_ENVIRONMENT/trees_environment_0987.jpg,trees_environment_0987.jpg,TREES_ENVIRONMENT,4
processed/images/STREET_LIGHTING/street_lighting_0585.jpg,street_lighting_0585.jpg,STREET_LIGHTING,1
processed/images/ROADS/roads_0953.jpg,roads_0953.jpg,ROADS,0
processed/images/TREES_ENVIRONMENT/trees_environment_1326.jpg,trees_environment_1326.jpg,TREES_ENVIRONMENT,4
processed/images/TREES_ENVIRONMENT/trees_environment_1595.jpg,trees_environment_1595.jpg,TREES_ENVIRONMENT,4
processed/images/TREES_ENVIRONMENT/trees_environment_0367.jpg,trees_environment_0367.jpg,TREES_ENVIRONMENT,4
processed/images/TREES_ENVIRONMENT/trees_environment_1318.jpg,trees_environment_1318.jpg,TREES_ENVIRONMENT,4
processed/images/WASTE_MANAGEMENT/waste_management_0452.jpg,waste_management_0452.jpg,WASTE_MANAGEMENT,3
processed/images/WASTE_MANAGEMENT/waste_management_0826.jpg,waste_management_0826.jpg,WASTE_MANAGEMENT,3
processed/images/STREET_LIGHTING/street_lighting_0951.jpg,street_lighting_0951.jpg,STREET_LIGHTING,1
processed/images/STREET_LIGHTING/street_lighting_1005.jpg,street_lighting_1005.jpg,STREET_LIGHTING,1
processed/images/STREET_LIGHTING/street_lighting_0085.jpg,street_lighting_0085.jpg,STREET_LIGHTING,1
processed/images/ROADS/roads_1713.png,roads_1713.png,ROADS,0
processed/images/ROADS/roads_0059.jpg,roads_0059.jpg,ROADS,0
processed/images/TREES_ENVIRONMENT/trees_environment_1451.jpg,trees_environment_1451.jpg,TREES_ENVIRONMENT,4
processed/images/STREET_LIGHTING/street_lighting_0103.jpg,street_lighting_0103.jpg,STREET_LIGHTING,1
processed/images/ROADS/roads_0997.jpg,roads_0997.jpg,ROADS,0
processed/images/TREES_ENVIRONMENT/trees_environment_1460.jpg,trees_environment_1460.jpg,TREES_ENVIRONMENT,4
processed/images/ROADS/roads_0579.jpg,roads_0579.jpg,ROADS,0
processed/images/STREET_LIGHTING/street_lighting_0580.jpg,street_lighting_0580.jpg,STREET_LIGHTING,1
processed/images/STREET_LIGHTING/street_lighting_1082.jpg,street_lighting_1082.jpg,STREET_LIGHTING,1
processed/images/WASTE_MANAGEMENT/waste_management_0148.jpg,waste_management_0148.jpg,WASTE_MANAGEMENT,3
processed/images/WASTE_MANAGEMENT/waste_management_0186.jpg,waste_management_0186.jpg,WASTE_MANAGEMENT,3
processed/images/WATER_DRAINAGE/water_drainage_0154.jpg,water_drainage_0154.jpg,WATER_DRAINAGE,2
processed/images/ROADS/roads_0773.jpg,roads_0773.jpg,ROADS,0
processed/images/STREET_LIGHTING/street_lighting_0939.jpg,street_lighting_0939.jpg,STREET_LIGHTING,1
processed/images/PUBLIC_INFRASTRUCTURE/public_infrastructure_0993.jpg,public_infrastructure_0993.jpg,PUBLIC_INFRASTRUCTURE,5
processed/images/TREES_ENVIRONMENT/trees_environment_0338.jpg,trees_environment_0338.jpg,TREES_ENVIRONMENT,4
processed/images/TREES_ENVIRONMENT/trees_environment_0811.jpg,trees_environment_0811.jpg,TREES_ENVIRONMENT,4
processed/images/STREET_LIGHTING/street_lighting_0866.jpg,street_lighting_0866.jpg,STREET_LIGHTING,1
processed/images/WATER_DRAINAGE/water_drainage_0412.jpg,water_drainage_0412.jpg,WATER_DRAINAGE,2
processed/images/STREET_LIGHTING/street_lighting_0279.jpg,street_lighting_0279.jpg,STREET_LIGHTING,1
processed/images/ROADS/roads_0614.jpg,roads_0614.jpg,ROADS,0
processed/images/STREET_LIGHTING/street_lighting_0643.jpg,street_lighting_0643.jpg,STREET_LIGHTING,1
processed/images/ROADS/roads_1271.png,roads_1271.png,ROADS,0
processed/images/PUBLIC_INFRASTRUCTURE/public_infrastructure_1369.jpg,public_infrastructure_1369.jpg,PUBLIC_INFRASTRUCTURE,5
processed/images/ROADS/roads_1447.png,roads_1447.png,ROADS,0
processed/images/ROADS/roads_0720.jpg,roads_0720.jpg,ROADS,0
processed/images/PUBLIC_INFRASTRUCTURE/public_infrastructure_0461.jpg,public_infrastructure_0461.jpg,PUBLIC_INFRASTRUCTURE,5
processed/images/STREET_LIGHTING/street_lighting_0479.jpg,street_lighting_0479.jpg,STREET_LIGHTING,1
processed/images/ROADS/roads_1382.png,roads_1382.png,ROADS,0
processed/images/ROADS/roads_0966.jpg,roads_0966.jpg,ROADS,0
processed/images/ROADS/roads_0179.jpg,roads_0179.jpg,ROADS,0
processed/images/ROADS/roads_1365.png,roads_1365.png,ROADS,0
processed/images/STREET_LIGHTING/street_lighting_1094.jpg,street_lighting_1094.jpg,STREET_LIGHTING,1
processed/images/STREET_LIGHTING/street_lighting_0253.jpg,street_lighting_0253.jpg,STREET_LIGHTING,1
processed/images/ROADS/roads_0380.jpg,roads_0380.jpg,ROADS,0
processed/images/WATER_DRAINAGE/water_drainage_0160.jpg,water_drainage_0160.jpg,WATER_DRAINAGE,2
processed/images/TREES_ENVIRONMENT/trees_environment_0806.jpg,trees_environment_0806.jpg,TREES_ENVIRONMENT,4
processed/images/ROADS/roads_0375.jpg,roads_0375.jpg,ROADS,0
processed/images/TREES_ENVIRONMENT/trees_environment_0772.jpg,trees_environment_0772.jpg,TREES_ENVIRONMENT,4
processed/images/WASTE_MANAGEMENT/waste_management_0123.jpg,waste_management_0123.jpg,WASTE_MANAGEMENT,3
processed/images/WASTE_MANAGEMENT/waste_management_0397.jpg,waste_management_0397.jpg,WASTE_MANAGEMENT,3
processed/images/ROADS/roads_0764.jpg,roads_0764.jpg,ROADS,0
processed/images/ROADS/roads_1183.jpg,roads_1183.jpg,ROADS,0
processed/images/TREES_ENVIRONMENT/trees_environment_1307.jpg,trees_environment_1307.jpg,TREES_ENVIRONMENT,4
processed/images/PUBLIC_INFRASTRUCTURE/public_infrastructure_0513.jpg,public_infrastructure_0513.jpg,PUBLIC_INFRASTRUCTURE,5
processed/images/PUBLIC_INFRASTRUCTURE/public_infrastructure_1008.jpg,public_infrastructure_1008.jpg,PUBLIC_INFRASTRUCTURE,5
processed/images/STREET_LIGHTING/street_lighting_0303.jpg,street_lighting_0303.jpg,STREET_LIGHTING,1
processed/images/PUBLIC_INFRASTRUCTURE/public_infrastructure_1034.jpg,public_infrastructure_1034.jpg,PUBLIC_INFRASTRUCTURE,5
processed/images/PUBLIC_INFRASTRUCTURE/public_infrastructure_0519.jpg,public_infrastructure_0519.jpg,PUBLIC_INFRASTRUCTURE,5
processed/images/TREES_ENVIRONMENT/trees_environment_0416.jpg,trees_environment_0416.jpg,TREES_ENVIRONMENT,4
processed/images/WATER_DRAINAGE/water_drainage_0071.jpg,water_drainage_0071.jpg,WATER_DRAINAGE,2
processed/images/TREES_ENVIRONMENT/trees_environment_0697.jpg,trees_environment_0697.jpg,TREES_ENVIRONMENT,4
processed/images/ROADS/roads_0568.jpg,roads_0568.jpg,ROADS,0
processed/images/STREET_LIGHTING/street_lighting_1134.png,street_lighting_1134.png,STREET_LIGHTING,1
processed/images/ROADS/roads_1004.jpg,roads_1004.jpg,ROADS,0
processed/images/PUBLIC_INFRASTRUCTURE/public_infrastructure_0159.jpg,public_infrastructure_0159.jpg,PUBLIC_INFRASTRUCTURE,5
processed/images/PUBLIC_INFRASTRUCTURE/public_infrastructure_0156.jpg,public_infrastructure_0156.jpg,PUBLIC_INFRASTRUCTURE,5
processed/images/PUBLIC_INFRASTRUCTURE/public_infrastructure_0083.jpg,public_infrastructure_0083.jpg,PUBLIC_INFRASTRUCTURE,5
processed/images/ROADS/roads_0012.jpeg,roads_0012.jpeg,ROADS,0
processed/images/TREES_ENVIRONMENT/trees_environment_0036.jpg,trees_environment_0036.jpg,TREES_ENVIRONMENT,4
processed/images/PUBLIC_INFRASTRUCTURE/public_infrastructure_0631.jpg,public_infrastructure_0631.jpg,PUBLIC_INFRASTRUCTURE,5
processed/images/STREET_LIGHTING/street_lighting_0966.jpg,street_lighting_0966.jpg,STREET_LIGHTING,1
processed/images/WATER_DRAINAGE/water_drainage_0128.jpg,water_drainage_0128.jpg,WATER_DRAINAGE,2
processed/images/WASTE_MANAGEMENT/waste_management_0492.jpg,waste_management_0492.jpg,WASTE_MANAGEMENT,3
processed/images/TREES_ENVIRONMENT/trees_environment_1413.jpg,trees_environment_1413.jpg,TREES_ENVIRONMENT,4
processed/images/PUBLIC_INFRASTRUCTURE/public_infrastructure_0953.jpg,public_infrastructure_0953.jpg,PUBLIC_INFRASTRUCTURE,5
processed/images/ROADS/roads_0172.jpg,roads_0172.jpg,ROADS,0
processed/images/WASTE_MANAGEMENT/waste_management_0280.jpg,waste_management_0280.jpg,WASTE_MANAGEMENT,3
processed/images/PUBLIC_INFRASTRUCTURE/public_infrastructure_0329.jpg,public_infrastructure_0329.jpg,PUBLIC_INFRASTRUCTURE,5
processed/images/TREES_ENVIRONMENT/trees_environment_1398.jpg,trees_environment_1398.jpg,TREES_ENVIRONMENT,4
processed/images/ROADS/roads_1337.png,roads_1337.png,ROADS,0
processed/images/STREET_LIGHTING/street_lighting_0329.jpg,street_lighting_0329.jpg,STREET_LIGHTING,1
processed/images/PUBLIC_INFRASTRUCTURE/public_infrastructure_0924.jpg,public_infrastructure_0924.jpg,PUBLIC_INFRASTRUCTURE,5
processed/images/STREET_LIGHTING/street_lighting_0159.jpg,street_lighting_0159.jpg,STREET_LIGHTING,1
processed/images/ROADS/roads_0008.jpeg,roads_0008.jpeg,ROADS,0
processed/images/PUBLIC_INFRASTRUCTURE/public_infrastructure_1031.jpg,public_infrastructure_1031.jpg,PUBLIC_INFRASTRUCTURE,5
processed/images/WATER_DRAINAGE/water_drainage_0167.jpg,water_drainage_0167.jpg,WATER_DRAINAGE,2
processed/images/PUBLIC_INFRASTRUCTURE/public_infrastructure_1361.jpg,public_infrastructure_1361.jpg,PUBLIC_INFRASTRUCTURE,5
processed/images/PUBLIC_INFRASTRUCTURE/public_infrastructure_0999.jpg,public_infrastructure_0999.jpg,PUBLIC_INFRASTRUCTURE,5
processed/images/WASTE_MANAGEMENT/waste_management_0695.jpg,waste_management_0695.jpg,WASTE_MANAGEMENT,3
processed/images/WATER_DRAINAGE/water_drainage_0059.jpg,water_drainage_0059.jpg,WATER_DRAINAGE,2
processed/images/STREET_LIGHTING/street_lighting_0403.jpg,street_lighting_0403.jpg,STREET_LIGHTING,1
processed/images/PUBLIC_INFRASTRUCTURE/public_infrastructure_0681.jpg,public_infrastructure_0681.jpg,PUBLIC_INFRASTRUCTURE,5
processed/images/STREET_LIGHTING/street_lighting_0446.jpg,street_lighting_0446.jpg,STREET_LIGHTING,1
processed/images/WASTE_MANAGEMENT/waste_management_0847.jpg,waste_management_0847.jpg,WASTE_MANAGEMENT,3
processed/images/STREET_LIGHTING/street_lighting_0997.jpg,street_lighting_0997.jpg,STREET_LIGHTING,1
processed/images/WATER_DRAINAGE/water_drainage_0298.jpg,water_drainage_0298.jpg,WATER_DRAINAGE,2
processed/images/WATER_DRAINAGE/water_drainage_0311.jpg,water_drainage_0311.jpg,WATER_DRAINAGE,2
processed/images/PUBLIC_INFRASTRUCTURE/public_infrastructure_1347.jpg,public_infrastructure_1347.jpg,PUBLIC_INFRASTRUCTURE,5
processed/images/WATER_DRAINAGE/water_drainage_0428.jpg,water_drainage_0428.jpg,WATER_DRAINAGE,2
processed/images/TREES_ENVIRONMENT/trees_environment_0313.jpg,trees_environment_0313.jpg,TREES_ENVIRONMENT,4
processed/images/WASTE_MANAGEMENT/waste_management_0488.jpg,waste_management_0488.jpg,WASTE_MANAGEMENT,3
processed/images/ROADS/roads_0418.jpg,roads_0418.jpg,ROADS,0
processed/images/WASTE_MANAGEMENT/waste_management_0478.jpg,waste_management_0478.jpg,WASTE_MANAGEMENT,3
processed/images/ROADS/roads_0548.jpg,roads_0548.jpg,ROADS,0
processed/images/PUBLIC_INFRASTRUCTURE/public_infrastructure_1466.jpg,public_infrastructure_1466.jpg,PUBLIC_INFRASTRUCTURE,5
processed/images/PUBLIC_INFRASTRUCTURE/public_infrastructure_0517.jpg,public_infrastructure_0517.jpg,PUBLIC_INFRASTRUCTURE,5
processed/images/STREET_LIGHTING/street_lighting_0156.jpg,street_lighting_0156.jpg,STREET_LIGHTING,1
processed/images/WASTE_MANAGEMENT/waste_management_0438.jpg,waste_management_0438.jpg,WASTE_MANAGEMENT,3
processed/images/TREES_ENVIRONMENT/trees_environment_1256.jpg,trees_environment_1256.jpg,TREES_ENVIRONMENT,4
processed/images/WASTE_MANAGEMENT/waste_management_0393.jpg,waste_management_0393.jpg,WASTE_MANAGEMENT,3
processed/images/WASTE_MANAGEMENT/waste_management_0622.jpg,waste_management_0622.jpg,WASTE_MANAGEMENT,3
processed/images/TREES_ENVIRONMENT/trees_environment_0271.jpg,trees_environment_0271.jpg,TREES_ENVIRONMENT,4
processed/images/PUBLIC_INFRASTRUCTURE/public_infrastructure_0430.jpg,public_infrastructure_0430.jpg,PUBLIC_INFRASTRUCTURE,5
processed/images/STREET_LIGHTING/street_lighting_0667.jpg,street_lighting_0667.jpg,STREET_LIGHTING,1
processed/images/PUBLIC_INFRASTRUCTURE/public_infrastructure_1252.jpg,public_infrastructure_1252.jpg,PUBLIC_INFRASTRUCTURE,5
processed/images/TREES_ENVIRONMENT/trees_environment_0715.jpg,trees_environment_0715.jpg,TREES_ENVIRONMENT,4
processed/images/STREET_LIGHTING/street_lighting_0456.jpg,street_lighting_0456.jpg,STREET_LIGHTING,1
processed/images/STREET_LIGHTING/street_lighting_0349.jpg,street_lighting_0349.jpg,STREET_LIGHTING,1
processed/images/WATER_DRAINAGE/water_drainage_0363.jpg,water_drainage_0363.jpg,WATER_DRAINAGE,2
processed/images/PUBLIC_INFRASTRUCTURE/public_infrastructure_1106.jpg,public_infrastructure_1106.jpg,PUBLIC_INFRASTRUCTURE,5
processed/images/ROADS/roads_0451.jpg,roads_0451.jpg,ROADS,0
processed/images/ROADS/roads_0710.jpg,roads_0710.jpg,ROADS,0
processed/images/STREET_LIGHTING/street_lighting_0463.jpg,street_lighting_0463.jpg,STREET_LIGHTING,1
processed/images/STREET_LIGHTING/street_lighting_0771.jpg,street_lighting_0771.jpg,STREET_LIGHTING,1
processed/images/PUBLIC_INFRASTRUCTURE/public_infrastructure_0437.jpg,public_infrastructure_0437.jpg,PUBLIC_INFRASTRUCTURE,5
processed/images/TREES_ENVIRONMENT/trees_environment_0915.jpg,trees_environment_0915.jpg,TREES_ENVIRONMENT,4
processed/images/ROADS/roads_1499.png,roads_1499.png,ROADS,0
processed/images/STREET_LIGHTING/street_lighting_0839.jpg,street_lighting_0839.jpg,STREET_LIGHTING,1
processed/images/WASTE_MANAGEMENT/waste_management_0417.jpg,waste_management_0417.jpg,WASTE_MANAGEMENT,3
processed/images/ROADS/roads_1245.jpg,roads_1245.jpg,ROADS,0
processed/images/TREES_ENVIRONMENT/trees_environment_1126.jpg,trees_environment_1126.jpg,TREES_ENVIRONMENT,4
processed/images/PUBLIC_INFRASTRUCTURE/public_infrastructure_1461.jpg,public_infrastructure_1461.jpg,PUBLIC_INFRASTRUCTURE,5
processed/images/ROADS/roads_0513.jpg,roads_0513.jpg,ROADS,0
processed/images/WATER_DRAINAGE/water_drainage_0095.jpg,water_drainage_0095.jpg,WATER_DRAINAGE,2
processed/images/PUBLIC_INFRASTRUCTURE/public_infrastructure_1192.jpg,public_infrastructure_1192.jpg,PUBLIC_INFRASTRUCTURE,5
processed/images/WASTE_MANAGEMENT/waste_management_0083.jpg,waste_management_0083.jpg,WASTE_MANAGEMENT,3
processed/images/PUBLIC_INFRASTRUCTURE/public_infrastructure_0243.jpg,public_infrastructure_0243.jpg,PUBLIC_INFRASTRUCTURE,5
processed/images/TREES_ENVIRONMENT/trees_environment_0391.jpg,trees_environment_0391.jpg,TREES_ENVIRONMENT,4
processed/images/ROADS/roads_1336.png,roads_1336.png,ROADS,0
processed/images/TREES_ENVIRONMENT/trees_environment_0108.jpg,trees_environment_0108.jpg,TREES_ENVIRONMENT,4
processed/images/TREES_ENVIRONMENT/trees_environment_1556.jpg,trees_environment_1556.jpg,TREES_ENVIRONMENT,4
processed/images/ROADS/roads_0219.jpg,roads_0219.jpg,ROADS,0
processed/images/TREES_ENVIRONMENT/trees_environment_1324.jpg,trees_environment_1324.jpg,TREES_ENVIRONMENT,4
processed/images/STREET_LIGHTING/street_lighting_0330.jpg,street_lighting_0330.jpg,STREET_LIGHTING,1
processed/images/TREES_ENVIRONMENT/trees_environment_1014.jpg,trees_environment_1014.jpg,TREES_ENVIRONMENT,4
processed/images/STREET_LIGHTING/street_lighting_0747.jpg,street_lighting_0747.jpg,STREET_LIGHTING,1
processed/images/WASTE_MANAGEMENT/waste_management_0486.jpg,waste_management_0486.jpg,WASTE_MANAGEMENT,3
processed/images/TREES_ENVIRONMENT/trees_environment_0822.jpg,trees_environment_0822.jpg,TREES_ENVIRONMENT,4
processed/images/WASTE_MANAGEMENT/waste_management_0239.jpg,waste_management_0239.jpg,WASTE_MANAGEMENT,3
processed/images/PUBLIC_INFRASTRUCTURE/public_infrastructure_0354.jpg,public_infrastructure_0354.jpg,PUBLIC_INFRASTRUCTURE,5
processed/images/STREET_LIGHTING/street_lighting_0636.jpg,street_lighting_0636.jpg,STREET_LIGHTING,1
processed/images/ROADS/roads_1693.png,roads_1693.png,ROADS,0
processed/images/TREES_ENVIRONMENT/trees_environment_0882.jpg,trees_environment_0882.jpg,TREES_ENVIRONMENT,4
processed/images/TREES_ENVIRONMENT/trees_environment_1347.jpg,trees_environment_1347.jpg,TREES_ENVIRONMENT,4
processed/images/WATER_DRAINAGE/water_drainage_0373.jpg,water_drainage_0373.jpg,WATER_DRAINAGE,2
processed/images/PUBLIC_INFRASTRUCTURE/public_infrastructure_1074.jpg,public_infrastructure_1074.jpg,PUBLIC_INFRASTRUCTURE,5
processed/images/TREES_ENVIRONMENT/trees_environment_0517.jpg,trees_environment_0517.jpg,TREES_ENVIRONMENT,4
processed/images/WATER_DRAINAGE/water_drainage_0226.jpg,water_drainage_0226.jpg,WATER_DRAINAGE,2
processed/images/STREET_LIGHTING/street_lighting_0278.jpg,street_lighting_0278.jpg,STREET_LIGHTING,1
processed/images/STREET_LIGHTING/street_lighting_0676.jpg,street_lighting_0676.jpg,STREET_LIGHTING,1
processed/images/ROADS/roads_0205.jpg,roads_0205.jpg,ROADS,0
processed/images/ROADS/roads_1776.png,roads_1776.png,ROADS,0
processed/images/WASTE_MANAGEMENT/waste_management_0642.jpg,waste_management_0642.jpg,WASTE_MANAGEMENT,3
processed/images/STREET_LIGHTING/street_lighting_0468.jpg,street_lighting_0468.jpg,STREET_LIGHTING,1
processed/images/STREET_LIGHTING/street_lighting_1084.jpg,street_lighting_1084.jpg,STREET_LIGHTING,1
processed/images/TREES_ENVIRONMENT/trees_environment_1159.jpg,trees_environment_1159.jpg,TREES_ENVIRONMENT,4
processed/images/WASTE_MANAGEMENT/waste_management_0286.jpg,waste_management_0286.jpg,WASTE_MANAGEMENT,3
processed/images/ROADS/roads_0656.jpg,roads_0656.jpg,ROADS,0
processed/images/PUBLIC_INFRASTRUCTURE/public_infrastructure_0539.jpg,public_infrastructure_0539.jpg,PUBLIC_INFRASTRUCTURE,5
processed/images/STREET_LIGHTING/street_lighting_0185.jpg,street_lighting_0185.jpg,STREET_LIGHTING,1
processed/images/WASTE_MANAGEMENT/waste_management_0881.jpg,waste_management_0881.jpg,WASTE_MANAGEMENT,3
processed/images/PUBLIC_INFRASTRUCTURE/public_infrastructure_0742.jpg,public_infrastructure_0742.jpg,PUBLIC_INFRASTRUCTURE,5
processed/images/STREET_LIGHTING/street_lighting_0135.jpg,street_lighting_0135.jpg,STREET_LIGHTING,1
processed/images/ROADS/roads_0220.jpg,roads_0220.jpg,ROADS,0
processed/images/TREES_ENVIRONMENT/trees_environment_0293.jpg,trees_environment_0293.jpg,TREES_ENVIRONMENT,4
processed/images/TREES_ENVIRONMENT/trees_environment_0577.jpg,trees_environment_0577.jpg,TREES_ENVIRONMENT,4
processed/images/TREES_ENVIRONMENT/trees_environment_0621.jpg,trees_environment_0621.jpg,TREES_ENVIRONMENT,4
processed/images/PUBLIC_INFRASTRUCTURE/public_infrastructure_0293.jpg,public_infrastructure_0293.jpg,PUBLIC_INFRASTRUCTURE,5
processed/images/ROADS/roads_0859.jpg,roads_0859.jpg,ROADS,0
processed/images/TREES_ENVIRONMENT/trees_environment_0814.jpg,trees_environment_0814.jpg,TREES_ENVIRONMENT,4
processed/images/PUBLIC_INFRASTRUCTURE/public_infrastructure_1241.jpg,public_infrastructure_1241.jpg,PUBLIC_INFRASTRUCTURE,5
processed/images/WASTE_MANAGEMENT/waste_management_0592.jpg,waste_management_0592.jpg,WASTE_MANAGEMENT,3
processed/images/WASTE_MANAGEMENT/waste_management_0422.jpg,waste_management_0422.jpg,WASTE_MANAGEMENT,3
processed/images/ROADS/roads_1289.png,roads_1289.png,ROADS,0
processed/images/WASTE_MANAGEMENT/waste_management_0855.jpg,waste_management_0855.jpg,WASTE_MANAGEMENT,3
processed/images/WATER_DRAINAGE/water_drainage_0242.jpg,water_drainage_0242.jpg,WATER_DRAINAGE,2
processed/images/PUBLIC_INFRASTRUCTURE/public_infrastructure_1193.jpg,public_infrastructure_1193.jpg,PUBLIC_INFRASTRUCTURE,5
processed/images/STREET_LIGHTING/street_lighting_0902.jpg,street_lighting_0902.jpg,STREET_LIGHTING,1
processed/images/WASTE_MANAGEMENT/waste_management_0060.jpg,waste_management_0060.jpg,WASTE_MANAGEMENT,3
processed/images/WATER_DRAINAGE/water_drainage_0200.jpg,water_drainage_0200.jpg,WATER_DRAINAGE,2
processed/images/ROADS/roads_1101.jpg,roads_1101.jpg,ROADS,0
processed/images/WASTE_MANAGEMENT/waste_management_0411.jpg,waste_management_0411.jpg,WASTE_MANAGEMENT,3
processed/images/TREES_ENVIRONMENT/trees_environment_0045.jpg,trees_environment_0045.jpg,TREES_ENVIRONMENT,4
processed/images/TREES_ENVIRONMENT/trees_environment_1330.jpg,trees_environment_1330.jpg,TREES_ENVIRONMENT,4
processed/images/TREES_ENVIRONMENT/trees_environment_0740.jpg,trees_environment_0740.jpg,TREES_ENVIRONMENT,4
processed/images/WATER_DRAINAGE/water_drainage_0007.jpg,water_drainage_0007.jpg,WATER_DRAINAGE,2
processed/images/PUBLIC_INFRASTRUCTURE/public_infrastructure_0050.jpg,public_infrastructure_0050.jpg,PUBLIC_INFRASTRUCTURE,5
processed/images/STREET_LIGHTING/street_lighting_0601.jpg,street_lighting_0601.jpg,STREET_LIGHTING,1
processed/images/WASTE_MANAGEMENT/waste_management_0506.jpg,waste_management_0506.jpg,WASTE_MANAGEMENT,3
processed/images/STREET_LIGHTING/street_lighting_0087.jpg,street_lighting_0087.jpg,STREET_LIGHTING,1
processed/images/WASTE_MANAGEMENT/waste_management_0814.jpg,waste_management_0814.jpg,WASTE_MANAGEMENT,3
processed/images/STREET_LIGHTING/street_lighting_0654.jpg,street_lighting_0654.jpg,STREET_LIGHTING,1
processed/images/ROADS/roads_0273.jpg,roads_0273.jpg,ROADS,0
processed/images/WASTE_MANAGEMENT/waste_management_0156.jpg,waste_management_0156.jpg,WASTE_MANAGEMENT,3
processed/images/ROADS/roads_1420.png,roads_1420.png,ROADS,0
processed/images/STREET_LIGHTING/street_lighting_0590.jpg,street_lighting_0590.jpg,STREET_LIGHTING,1
processed/images/STREET_LIGHTING/street_lighting_0495.jpg,street_lighting_0495.jpg,STREET_LIGHTING,1
processed/images/ROADS/roads_1518.png,roads_1518.png,ROADS,0
processed/images/PUBLIC_INFRASTRUCTURE/public_infrastructure_1076.jpg,public_infrastructure_1076.jpg,PUBLIC_INFRASTRUCTURE,5
processed/images/ROADS/roads_1612.png,roads_1612.png,ROADS,0
processed/images/WASTE_MANAGEMENT/waste_management_0666.jpg,waste_management_0666.jpg,WASTE_MANAGEMENT,3
processed/images/TREES_ENVIRONMENT/trees_environment_0545.jpg,trees_environment_0545.jpg,TREES_ENVIRONMENT,4
processed/images/STREET_LIGHTING/street_lighting_0038.jpg,street_lighting_0038.jpg,STREET_LIGHTING,1
processed/images/TREES_ENVIRONMENT/trees_environment_0141.jpg,trees_environment_0141.jpg,TREES_ENVIRONMENT,4
processed/images/PUBLIC_INFRASTRUCTURE/public_infrastructure_0488.jpg,public_infrastructure_0488.jpg,PUBLIC_INFRASTRUCTURE,5
processed/images/ROADS/roads_1211.jpg,roads_1211.jpg,ROADS,0
processed/images/STREET_LIGHTING/street_lighting_0519.jpg,street_lighting_0519.jpg,STREET_LIGHTING,1
processed/images/PUBLIC_INFRASTRUCTURE/public_infrastructure_1371.jpg,public_infrastructure_1371.jpg,PUBLIC_INFRASTRUCTURE,5
processed/images/ROADS/roads_1636.png,roads_1636.png,ROADS,0
processed/images/ROADS/roads_0539.jpg,roads_0539.jpg,ROADS,0
processed/images/PUBLIC_INFRASTRUCTURE/public_infrastructure_1410.jpg,public_infrastructure_1410.jpg,PUBLIC_INFRASTRUCTURE,5
processed/images/WATER_DRAINAGE/water_drainage_0441.jpg,water_drainage_0441.jpg,WATER_DRAINAGE,2
processed/images/PUBLIC_INFRASTRUCTURE/public_infrastructure_0057.jpg,public_infrastructure_0057.jpg,PUBLIC_INFRASTRUCTURE,5
processed/images/PUBLIC_INFRASTRUCTURE/public_infrastructure_0357.jpg,public_infrastructure_0357.jpg,PUBLIC_INFRASTRUCTURE,5
processed/images/WASTE_MANAGEMENT/waste_management_0464.jpg,waste_management_0464.jpg,WASTE_MANAGEMENT,3
processed/images/PUBLIC_INFRASTRUCTURE/public_infrastructure_0639.jpg,public_infrastructure_0639.jpg,PUBLIC_INFRASTRUCTURE,5
processed/images/TREES_ENVIRONMENT/trees_environment_0428.jpg,trees_environment_0428.jpg,TREES_ENVIRONMENT,4
processed/images/PUBLIC_INFRASTRUCTURE/public_infrastructure_0043.jpg,public_infrastructure_0043.jpg,PUBLIC_INFRASTRUCTURE,5
processed/images/PUBLIC_INFRASTRUCTURE/public_infrastructure_0663.jpg,public_infrastructure_0663.jpg,PUBLIC_INFRASTRUCTURE,5
processed/images/ROADS/roads_0699.jpg,roads_0699.jpg,ROADS,0
processed/images/TREES_ENVIRONMENT/trees_environment_0329.jpg,trees_environment_0329.jpg,TREES_ENVIRONMENT,4
processed/images/TREES_ENVIRONMENT/trees_environment_0411.jpg,trees_environment_0411.jpg,TREES_ENVIRONMENT,4
processed/images/ROADS/roads_0660.jpg,roads_0660.jpg,ROADS,0
processed/images/PUBLIC_INFRASTRUCTURE/public_infrastructure_0846.jpg,public_infrastructure_0846.jpg,PUBLIC_INFRASTRUCTURE,5
processed/images/ROADS/roads_0480.jpg,roads_0480.jpg,ROADS,0
processed/images/TREES_ENVIRONMENT/trees_environment_1331.jpg,trees_environment_1331.jpg,TREES_ENVIRONMENT,4
processed/images/STREET_LIGHTING/street_lighting_0532.jpg,street_lighting_0532.jpg,STREET_LIGHTING,1
processed/images/WATER_DRAINAGE/water_drainage_0253.jpg,water_drainage_0253.jpg,WATER_DRAINAGE,2
processed/images/WASTE_MANAGEMENT/waste_management_0088.jpg,waste_management_0088.jpg,WASTE_MANAGEMENT,3
processed/images/PUBLIC_INFRASTRUCTURE/public_infrastructure_1134.jpg,public_infrastructure_1134.jpg,PUBLIC_INFRASTRUCTURE,5
processed/images/TREES_ENVIRONMENT/trees_environment_0360.jpg,trees_environment_0360.jpg,TREES_ENVIRONMENT,4
processed/images/WATER_DRAINAGE/water_drainage_0396.jpg,water_drainage_0396.jpg,WATER_DRAINAGE,2
processed/images/TREES_ENVIRONMENT/trees_environment_1366.jpg,trees_environment_1366.jpg,TREES_ENVIRONMENT,4
processed/images/STREET_LIGHTING/street_lighting_0973.jpg,street_lighting_0973.jpg,STREET_LIGHTING,1
processed/images/PUBLIC_INFRASTRUCTURE/public_infrastructure_1053.jpg,public_infrastructure_1053.jpg,PUBLIC_INFRASTRUCTURE,5
processed/images/WASTE_MANAGEMENT/waste_management_0006.jpg,waste_management_0006.jpg,WASTE_MANAGEMENT,3
processed/images/PUBLIC_INFRASTRUCTURE/public_infrastructure_0248.jpg,public_infrastructure_0248.jpg,PUBLIC_INFRASTRUCTURE,5
processed/images/ROADS/roads_1728.png,roads_1728.png,ROADS,0
processed/images/TREES_ENVIRONMENT/trees_environment_1547.jpg,trees_environment_1547.jpg,TREES_ENVIRONMENT,4
processed/images/ROADS/roads_1703.png,roads_1703.png,ROADS,0
processed/images/PUBLIC_INFRASTRUCTURE/public_infrastructure_0711.jpg,public_infrastructure_0711.jpg,PUBLIC_INFRASTRUCTURE,5
processed/images/TREES_ENVIRONMENT/trees_environment_0778.jpg,trees_environment_0778.jpg,TREES_ENVIRONMENT,4
processed/images/WASTE_MANAGEMENT/waste_management_0087.jpg,waste_management_0087.jpg,WASTE_MANAGEMENT,3
processed/images/ROADS/roads_0347.jpg,roads_0347.jpg,ROADS,0
processed/images/ROADS/roads_1423.png,roads_1423.png,ROADS,0
processed/images/TREES_ENVIRONMENT/trees_environment_0623.jpg,trees_environment_0623.jpg,TREES_ENVIRONMENT,4
processed/images/TREES_ENVIRONMENT/trees_environment_1016.jpg,trees_environment_1016.jpg,TREES_ENVIRONMENT,4
processed/images/TREES_ENVIRONMENT/trees_environment_0234.jpg,trees_environment_0234.jpg,TREES_ENVIRONMENT,4
processed/images/ROADS/roads_1321.png,roads_1321.png,ROADS,0
processed/images/TREES_ENVIRONMENT/trees_environment_1449.jpg,trees_environment_1449.jpg,TREES_ENVIRONMENT,4
processed/images/WATER_DRAINAGE/water_drainage_0028.jpg,water_drainage_0028.jpg,WATER_DRAINAGE,2
processed/images/TREES_ENVIRONMENT/trees_environment_0962.jpg,trees_environment_0962.jpg,TREES_ENVIRONMENT,4
processed/images/PUBLIC_INFRASTRUCTURE/public_infrastructure_0621.jpg,public_infrastructure_0621.jpg,PUBLIC_INFRASTRUCTURE,5
processed/images/TREES_ENVIRONMENT/trees_environment_1130.jpg,trees_environment_1130.jpg,TREES_ENVIRONMENT,4
processed/images/PUBLIC_INFRASTRUCTURE/public_infrastructure_1270.jpg,public_infrastructure_1270.jpg,PUBLIC_INFRASTRUCTURE,5
processed/images/TREES_ENVIRONMENT/trees_environment_1336.jpg,trees_environment_1336.jpg,TREES_ENVIRONMENT,4
processed/images/PUBLIC_INFRASTRUCTURE/public_infrastructure_0807.jpg,public_infrastructure_0807.jpg,PUBLIC_INFRASTRUCTURE,5
processed/images/TREES_ENVIRONMENT/trees_environment_0595.jpg,trees_environment_0595.jpg,TREES_ENVIRONMENT,4
processed/images/PUBLIC_INFRASTRUCTURE/public_infrastructure_0140.jpg,public_infrastructure_0140.jpg,PUBLIC_INFRASTRUCTURE,5
processed/images/TREES_ENVIRONMENT/trees_environment_0860.jpg,trees_environment_0860.jpg,TREES_ENVIRONMENT,4
processed/images/STREET_LIGHTING/street_lighting_0702.jpg,street_lighting_0702.jpg,STREET_LIGHTING,1
processed/images/STREET_LIGHTING/street_lighting_0614.jpg,street_lighting_0614.jpg,STREET_LIGHTING,1
processed/images/WASTE_MANAGEMENT/waste_management_0043.jpg,waste_management_0043.jpg,WASTE_MANAGEMENT,3
processed/images/TREES_ENVIRONMENT/trees_environment_0358.jpg,trees_environment_0358.jpg,TREES_ENVIRONMENT,4
processed/images/STREET_LIGHTING/street_lighting_0313.jpg,street_lighting_0313.jpg,STREET_LIGHTING,1
processed/images/STREET_LIGHTING/street_lighting_0773.jpg,street_lighting_0773.jpg,STREET_LIGHTING,1
processed/images/TREES_ENVIRONMENT/trees_environment_0665.jpg,trees_environment_0665.jpg,TREES_ENVIRONMENT,4
processed/images/ROADS/roads_1600.png,roads_1600.png,ROADS,0
processed/images/WASTE_MANAGEMENT/waste_management_0424.jpg,waste_management_0424.jpg,WASTE_MANAGEMENT,3
processed/images/PUBLIC_INFRASTRUCTURE/public_infrastructure_0062.jpg,public_infrastructure_0062.jpg,PUBLIC_INFRASTRUCTURE,5
processed/images/PUBLIC_INFRASTRUCTURE/public_infrastructure_0707.jpg,public_infrastructure_0707.jpg,PUBLIC_INFRASTRUCTURE,5
processed/images/WASTE_MANAGEMENT/waste_management_0895.jpg,waste_management_0895.jpg,WASTE_MANAGEMENT,3
processed/images/ROADS/roads_1335.png,roads_1335.png,ROADS,0
processed/images/ROADS/roads_1648.png,roads_1648.png,ROADS,0
processed/images/WASTE_MANAGEMENT/waste_management_0413.jpg,waste_management_0413.jpg,WASTE_MANAGEMENT,3
processed/images/TREES_ENVIRONMENT/trees_environment_0500.jpg,trees_environment_0500.jpg,TREES_ENVIRONMENT,4
processed/images/STREET_LIGHTING/street_lighting_0717.jpg,street_lighting_0717.jpg,STREET_LIGHTING,1
processed/images/ROADS/roads_1632.png,roads_1632.png,ROADS,0
processed/images/ROADS/roads_0403.jpg,roads_0403.jpg,ROADS,0
processed/images/STREET_LIGHTING/street_lighting_0611.jpg,street_lighting_0611.jpg,STREET_LIGHTING,1
processed/images/TREES_ENVIRONMENT/trees_environment_0469.jpg,trees_environment_0469.jpg,TREES_ENVIRONMENT,4
processed/images/TREES_ENVIRONMENT/trees_environment_1249.jpg,trees_environment_1249.jpg,TREES_ENVIRONMENT,4
processed/images/ROADS/roads_1136.jpg,roads_1136.jpg,ROADS,0
processed/images/ROADS/roads_1920.png,roads_1920.png,ROADS,0
processed/images/PUBLIC_INFRASTRUCTURE/public_infrastructure_0560.jpg,public_infrastructure_0560.jpg,PUBLIC_INFRASTRUCTURE,5
processed/images/WASTE_MANAGEMENT/waste_management_0614.jpg,waste_management_0614.jpg,WASTE_MANAGEMENT,3
processed/images/WASTE_MANAGEMENT/waste_management_0577.jpg,waste_management_0577.jpg,WASTE_MANAGEMENT,3
processed/images/ROADS/roads_0128.jpg,roads_0128.jpg,ROADS,0
processed/images/ROADS/roads_1437.png,roads_1437.png,ROADS,0
processed/images/WASTE_MANAGEMENT/waste_management_0282.jpg,waste_management_0282.jpg,WASTE_MANAGEMENT,3
processed/images/WATER_DRAINAGE/water_drainage_0037.jpg,water_drainage_0037.jpg,WATER_DRAINAGE,2
processed/images/WATER_DRAINAGE/water_drainage_0110.jpg,water_drainage_0110.jpg,WATER_DRAINAGE,2
processed/images/ROADS/roads_1631.png,roads_1631.png,ROADS,0
processed/images/STREET_LIGHTING/street_lighting_1051.jpg,street_lighting_1051.jpg,STREET_LIGHTING,1
processed/images/TREES_ENVIRONMENT/trees_environment_0060.jpg,trees_environment_0060.jpg,TREES_ENVIRONMENT,4
processed/images/PUBLIC_INFRASTRUCTURE/public_infrastructure_0221.jpg,public_infrastructure_0221.jpg,PUBLIC_INFRASTRUCTURE,5
processed/images/STREET_LIGHTING/street_lighting_0967.jpg,street_lighting_0967.jpg,STREET_LIGHTING,1
processed/images/TREES_ENVIRONMENT/trees_environment_1047.jpg,trees_environment_1047.jpg,TREES_ENVIRONMENT,4
processed/images/WASTE_MANAGEMENT/waste_management_0595.jpg,waste_management_0595.jpg,WASTE_MANAGEMENT,3
processed/images/TREES_ENVIRONMENT/trees_environment_1283.jpg,trees_environment_1283.jpg,TREES_ENVIRONMENT,4
processed/images/WATER_DRAINAGE/water_drainage_0046.jpg,water_drainage_0046.jpg,WATER_DRAINAGE,2
processed/images/WATER_DRAINAGE/water_drainage_0220.jpg,water_drainage_0220.jpg,WATER_DRAINAGE,2
processed/images/ROADS/roads_0313.jpg,roads_0313.jpg,ROADS,0
processed/images/TREES_ENVIRONMENT/trees_environment_0679.jpg,trees_environment_0679.jpg,TREES_ENVIRONMENT,4
processed/images/TREES_ENVIRONMENT/trees_environment_0101.jpg,trees_environment_0101.jpg,TREES_ENVIRONMENT,4
processed/images/PUBLIC_INFRASTRUCTURE/public_infrastructure_1390.jpg,public_infrastructure_1390.jpg,PUBLIC_INFRASTRUCTURE,5
processed/images/TREES_ENVIRONMENT/trees_environment_0076.jpg,trees_environment_0076.jpg,TREES_ENVIRONMENT,4
processed/images/ROADS/roads_1441.png,roads_1441.png,ROADS,0
processed/images/PUBLIC_INFRASTRUCTURE/public_infrastructure_0112.jpg,public_infrastructure_0112.jpg,PUBLIC_INFRASTRUCTURE,5
processed/images/STREET_LIGHTING/street_lighting_0661.jpg,street_lighting_0661.jpg,STREET_LIGHTING,1
processed/images/TREES_ENVIRONMENT/trees_environment_0812.jpg,trees_environment_0812.jpg,TREES_ENVIRONMENT,4
processed/images/TREES_ENVIRONMENT/trees_environment_0198.jpg,trees_environment_0198.jpg,TREES_ENVIRONMENT,4
processed/images/STREET_LIGHTING/street_lighting_0070.jpg,street_lighting_0070.jpg,STREET_LIGHTING,1
processed/images/STREET_LIGHTING/street_lighting_0721.jpg,street_lighting_0721.jpg,STREET_LIGHTING,1
processed/images/PUBLIC_INFRASTRUCTURE/public_infrastructure_0229.jpg,public_infrastructure_0229.jpg,PUBLIC_INFRASTRUCTURE,5
processed/images/WATER_DRAINAGE/water_drainage_0010.jpg,water_drainage_0010.jpg,WATER_DRAINAGE,2
processed/images/ROADS/roads_0723.jpg,roads_0723.jpg,ROADS,0
processed/images/WATER_DRAINAGE/water_drainage_0384.jpg,water_drainage_0384.jpg,WATER_DRAINAGE,2
processed/images/ROADS/roads_0707.jpg,roads_0707.jpg,ROADS,0
processed/images/ROADS/roads_0443.jpg,roads_0443.jpg,ROADS,0
processed/images/ROADS/roads_0805.jpg,roads_0805.jpg,ROADS,0
processed/images/WASTE_MANAGEMENT/waste_management_0463.jpg,waste_management_0463.jpg,WASTE_MANAGEMENT,3
processed/images/TREES_ENVIRONMENT/trees_environment_1467.jpg,trees_environment_1467.jpg,TREES_ENVIRONMENT,4
processed/images/ROADS/roads_0980.jpg,roads_0980.jpg,ROADS,0
processed/images/TREES_ENVIRONMENT/trees_environment_0746.jpg,trees_environment_0746.jpg,TREES_ENVIRONMENT,4
processed/images/STREET_LIGHTING/street_lighting_0352.jpg,street_lighting_0352.jpg,STREET_LIGHTING,1
processed/images/ROADS/roads_0742.jpg,roads_0742.jpg,ROADS,0
processed/images/ROADS/roads_1391.png,roads_1391.png,ROADS,0
processed/images/TREES_ENVIRONMENT/trees_environment_1109.jpg,trees_environment_1109.jpg,TREES_ENVIRONMENT,4
processed/images/ROADS/roads_0821.jpg,roads_0821.jpg,ROADS,0
processed/images/WASTE_MANAGEMENT/waste_management_0333.jpg,waste_management_0333.jpg,WASTE_MANAGEMENT,3
processed/images/WASTE_MANAGEMENT/waste_management_0460.jpg,waste_management_0460.jpg,WASTE_MANAGEMENT,3
processed/images/WATER_DRAINAGE/water_drainage_0085.jpg,water_drainage_0085.jpg,WATER_DRAINAGE,2
processed/images/PUBLIC_INFRASTRUCTURE/public_infrastructure_0555.jpg,public_infrastructure_0555.jpg,PUBLIC_INFRASTRUCTURE,5
processed/images/STREET_LIGHTING/street_lighting_1121.jpg,street_lighting_1121.jpg,STREET_LIGHTING,1
processed/images/PUBLIC_INFRASTRUCTURE/public_infrastructure_0046.jpg,public_infrastructure_0046.jpg,PUBLIC_INFRASTRUCTURE,5
processed/images/TREES_ENVIRONMENT/trees_environment_1382.jpg,trees_environment_1382.jpg,TREES_ENVIRONMENT,4
processed/images/PUBLIC_INFRASTRUCTURE/public_infrastructure_1101.jpg,public_infrastructure_1101.jpg,PUBLIC_INFRASTRUCTURE,5
processed/images/PUBLIC_INFRASTRUCTURE/public_infrastructure_0592.jpg,public_infrastructure_0592.jpg,PUBLIC_INFRASTRUCTURE,5
processed/images/ROADS/roads_0562.jpg,roads_0562.jpg,ROADS,0
processed/images/WASTE_MANAGEMENT/waste_management_0178.jpg,waste_management_0178.jpg,WASTE_MANAGEMENT,3
processed/images/ROADS/roads_1833.png,roads_1833.png,ROADS,0
processed/images/ROADS/roads_1465.png,roads_1465.png,ROADS,0
processed/images/WATER_DRAINAGE/water_drainage_0035.jpg,water_drainage_0035.jpg,WATER_DRAINAGE,2
processed/images/TREES_ENVIRONMENT/trees_environment_1484.jpg,trees_environment_1484.jpg,TREES_ENVIRONMENT,4
processed/images/STREET_LIGHTING/street_lighting_0128.jpg,street_lighting_0128.jpg,STREET_LIGHTING,1
processed/images/ROADS/roads_1915.png,roads_1915.png,ROADS,0
processed/images/WASTE_MANAGEMENT/waste_management_0127.jpg,waste_management_0127.jpg,WASTE_MANAGEMENT,3
processed/images/WASTE_MANAGEMENT/waste_management_0400.jpg,waste_management_0400.jpg,WASTE_MANAGEMENT,3
processed/images/PUBLIC_INFRASTRUCTURE/public_infrastructure_0390.jpg,public_infrastructure_0390.jpg,PUBLIC_INFRASTRUCTURE,5
processed/images/TREES_ENVIRONMENT/trees_environment_0477.jpg,trees_environment_0477.jpg,TREES_ENVIRONMENT,4
processed/images/TREES_ENVIRONMENT/trees_environment_0757.jpg,trees_environment_0757.jpg,TREES_ENVIRONMENT,4
processed/images/WASTE_MANAGEMENT/waste_management_0529.jpg,waste_management_0529.jpg,WASTE_MANAGEMENT,3
processed/images/TREES_ENVIRONMENT/trees_environment_1600.jpg,trees_environment_1600.jpg,TREES_ENVIRONMENT,4
processed/images/PUBLIC_INFRASTRUCTURE/public_infrastructure_0258.jpg,public_infrastructure_0258.jpg,PUBLIC_INFRASTRUCTURE,5
processed/images/ROADS/roads_1463.png,roads_1463.png,ROADS,0
processed/images/STREET_LIGHTING/street_lighting_0208.jpg,street_lighting_0208.jpg,STREET_LIGHTING,1
processed/images/ROADS/roads_1237.jpg,roads_1237.jpg,ROADS,0
processed/images/STREET_LIGHTING/street_lighting_0158.jpg,street_lighting_0158.jpg,STREET_LIGHTING,1
processed/images/STREET_LIGHTING/street_lighting_0814.jpg,street_lighting_0814.jpg,STREET_LIGHTING,1
processed/images/STREET_LIGHTING/street_lighting_0822.jpg,street_lighting_0822.jpg,STREET_LIGHTING,1
processed/images/STREET_LIGHTING/street_lighting_1002.jpg,street_lighting_1002.jpg,STREET_LIGHTING,1
processed/images/PUBLIC_INFRASTRUCTURE/public_infrastructure_0909.jpg,public_infrastructure_0909.jpg,PUBLIC_INFRASTRUCTURE,5
processed/images/PUBLIC_INFRASTRUCTURE/public_infrastructure_0658.jpg,public_infrastructure_0658.jpg,PUBLIC_INFRASTRUCTURE,5
processed/images/ROADS/roads_1363.png,roads_1363.png,ROADS,0
processed/images/ROADS/roads_1481.png,roads_1481.png,ROADS,0
processed/images/STREET_LIGHTING/street_lighting_1038.jpg,street_lighting_1038.jpg,STREET_LIGHTING,1
processed/images/TREES_ENVIRONMENT/trees_environment_0447.jpg,trees_environment_0447.jpg,TREES_ENVIRONMENT,4
processed/images/WASTE_MANAGEMENT/waste_management_0218.jpg,waste_management_0218.jpg,WASTE_MANAGEMENT,3
processed/images/PUBLIC_INFRASTRUCTURE/public_infrastructure_0774.jpg,public_infrastructure_0774.jpg,PUBLIC_INFRASTRUCTURE,5
processed/images/ROADS/roads_1155.jpg,roads_1155.jpg,ROADS,0
processed/images/PUBLIC_INFRASTRUCTURE/public_infrastructure_0345.jpg,public_infrastructure_0345.jpg,PUBLIC_INFRASTRUCTURE,5
processed/images/WASTE_MANAGEMENT/waste_management_0607.jpg,waste_management_0607.jpg,WASTE_MANAGEMENT,3
processed/images/TREES_ENVIRONMENT/trees_environment_0015.jpg,trees_environment_0015.jpg,TREES_ENVIRONMENT,4
processed/images/WASTE_MANAGEMENT/waste_management_0505.jpg,waste_management_0505.jpg,WASTE_MANAGEMENT,3
processed/images/ROADS/roads_1853.png,roads_1853.png,ROADS,0
processed/images/WASTE_MANAGEMENT/waste_management_0364.jpg,waste_management_0364.jpg,WASTE_MANAGEMENT,3
processed/images/ROADS/roads_1424.png,roads_1424.png,ROADS,0
processed/images/STREET_LIGHTING/street_lighting_0382.jpg,street_lighting_0382.jpg,STREET_LIGHTING,1
processed/images/ROADS/roads_1037.jpg,roads_1037.jpg,ROADS,0
processed/images/PUBLIC_INFRASTRUCTURE/public_infrastructure_1230.jpg,public_infrastructure_1230.jpg,PUBLIC_INFRASTRUCTURE,5
processed/images/ROADS/roads_1305.png,roads_1305.png,ROADS,0
processed/images/TREES_ENVIRONMENT/trees_environment_1521.jpg,trees_environment_1521.jpg,TREES_ENVIRONMENT,4
processed/images/WATER_DRAINAGE/water_drainage_0351.jpg,water_drainage_0351.jpg,WATER_DRAINAGE,2
processed/images/STREET_LIGHTING/street_lighting_1031.jpg,street_lighting_1031.jpg,STREET_LIGHTING,1
processed/images/PUBLIC_INFRASTRUCTURE/public_infrastructure_1006.jpg,public_infrastructure_1006.jpg,PUBLIC_INFRASTRUCTURE,5
processed/images/ROADS/roads_0938.jpg,roads_0938.jpg,ROADS,0
processed/images/PUBLIC_INFRASTRUCTURE/public_infrastructure_0839.jpg,public_infrastructure_0839.jpg,PUBLIC_INFRASTRUCTURE,5
processed/images/PUBLIC_INFRASTRUCTURE/public_infrastructure_0926.jpg,public_infrastructure_0926.jpg,PUBLIC_INFRASTRUCTURE,5
processed/images/WASTE_MANAGEMENT/waste_management_0877.jpg,waste_management_0877.jpg,WASTE_MANAGEMENT,3
processed/images/PUBLIC_INFRASTRUCTURE/public_infrastructure_1449.jpg,public_infrastructure_1449.jpg,PUBLIC_INFRASTRUCTURE,5
processed/images/PUBLIC_INFRASTRUCTURE/public_infrastructure_0591.jpg,public_infrastructure_0591.jpg,PUBLIC_INFRASTRUCTURE,5
processed/images/ROADS/roads_0647.jpg,roads_0647.jpg,ROADS,0
processed/images/WASTE_MANAGEMENT/waste_management_0863.jpg,waste_management_0863.jpg,WASTE_MANAGEMENT,3
processed/images/STREET_LIGHTING/street_lighting_0366.jpg,street_lighting_0366.jpg,STREET_LIGHTING,1
processed/images/TREES_ENVIRONMENT/trees_environment_1127.jpg,trees_environment_1127.jpg,TREES_ENVIRONMENT,4
processed/images/WATER_DRAINAGE/water_drainage_0029.jpg,water_drainage_0029.jpg,WATER_DRAINAGE,2
processed/images/TREES_ENVIRONMENT/trees_environment_0936.jpg,trees_environment_0936.jpg,TREES_ENVIRONMENT,4
processed/images/TREES_ENVIRONMENT/trees_environment_0507.jpg,trees_environment_0507.jpg,TREES_ENVIRONMENT,4
processed/images/ROADS/roads_1239.jpg,roads_1239.jpg,ROADS,0
processed/images/WATER_DRAINAGE/water_drainage_0372.jpg,water_drainage_0372.jpg,WATER_DRAINAGE,2
processed/images/ROADS/roads_1573.png,roads_1573.png,ROADS,0
processed/images/WASTE_MANAGEMENT/waste_management_0751.jpg,waste_management_0751.jpg,WASTE_MANAGEMENT,3
processed/images/STREET_LIGHTING/street_lighting_1092.jpg,street_lighting_1092.jpg,STREET_LIGHTING,1
processed/images/TREES_ENVIRONMENT/trees_environment_0421.jpg,trees_environment_0421.jpg,TREES_ENVIRONMENT,4
processed/images/STREET_LIGHTING/street_lighting_0143.jpg,street_lighting_0143.jpg,STREET_LIGHTING,1
processed/images/TREES_ENVIRONMENT/trees_environment_0310.jpg,trees_environment_0310.jpg,TREES_ENVIRONMENT,4
processed/images/TREES_ENVIRONMENT/trees_environment_0602.jpg,trees_environment_0602.jpg,TREES_ENVIRONMENT,4
processed/images/WATER_DRAINAGE/water_drainage_0277.jpg,water_drainage_0277.jpg,WATER_DRAINAGE,2
processed/images/TREES_ENVIRONMENT/trees_environment_1381.jpg,trees_environment_1381.jpg,TREES_ENVIRONMENT,4
processed/images/PUBLIC_INFRASTRUCTURE/public_infrastructure_0412.jpg,public_infrastructure_0412.jpg,PUBLIC_INFRASTRUCTURE,5
processed/images/TREES_ENVIRONMENT/trees_environment_0039.jpg,trees_environment_0039.jpg,TREES_ENVIRONMENT,4
processed/images/WASTE_MANAGEMENT/waste_management_0711.jpg,waste_management_0711.jpg,WASTE_MANAGEMENT,3
processed/images/WATER_DRAINAGE/water_drainage_0400.jpg,water_drainage_0400.jpg,WATER_DRAINAGE,2
processed/images/TREES_ENVIRONMENT/trees_environment_1199.jpg,trees_environment_1199.jpg,TREES_ENVIRONMENT,4
processed/images/ROADS/roads_1349.png,roads_1349.png,ROADS,0
processed/images/TREES_ENVIRONMENT/trees_environment_0446.jpg,trees_environment_0446.jpg,TREES_ENVIRONMENT,4
processed/images/WATER_DRAINAGE/water_drainage_0244.jpg,water_drainage_0244.jpg,WATER_DRAINAGE,2
processed/images/STREET_LIGHTING/street_lighting_0125.jpg,street_lighting_0125.jpg,STREET_LIGHTING,1
processed/images/WATER_DRAINAGE/water_drainage_0080.jpg,water_drainage_0080.jpg,WATER_DRAINAGE,2
processed/images/TREES_ENVIRONMENT/trees_environment_1492.jpg,trees_environment_1492.jpg,TREES_ENVIRONMENT,4
processed/images/WASTE_MANAGEMENT/waste_management_0017.jpg,waste_management_0017.jpg,WASTE_MANAGEMENT,3
processed/images/ROADS/roads_1795.png,roads_1795.png,ROADS,0
processed/images/WASTE_MANAGEMENT/waste_management_0721.jpg,waste_management_0721.jpg,WASTE_MANAGEMENT,3
processed/images/ROADS/roads_0786.jpg,roads_0786.jpg,ROADS,0
processed/images/TREES_ENVIRONMENT/trees_environment_1423.jpg,trees_environment_1423.jpg,TREES_ENVIRONMENT,4
processed/images/STREET_LIGHTING/street_lighting_0171.jpg,street_lighting_0171.jpg,STREET_LIGHTING,1
processed/images/ROADS/roads_0483.jpg,roads_0483.jpg,ROADS,0
processed/images/ROADS/roads_1802.png,roads_1802.png,ROADS,0
processed/images/WATER_DRAINAGE/water_drainage_0319.jpg,water_drainage_0319.jpg,WATER_DRAINAGE,2
processed/images/STREET_LIGHTING/street_lighting_0501.jpg,street_lighting_0501.jpg,STREET_LIGHTING,1
processed/images/PUBLIC_INFRASTRUCTURE/public_infrastructure_1246.jpg,public_infrastructure_1246.jpg,PUBLIC_INFRASTRUCTURE,5
processed/images/ROADS/roads_0231.jpg,roads_0231.jpg,ROADS,0
processed/images/ROADS/roads_0555.jpg,roads_0555.jpg,ROADS,0
processed/images/TREES_ENVIRONMENT/trees_environment_1264.jpg,trees_environment_1264.jpg,TREES_ENVIRONMENT,4
processed/images/TREES_ENVIRONMENT/trees_environment_0357.jpg,trees_environment_0357.jpg,TREES_ENVIRONMENT,4
processed/images/STREET_LIGHTING/street_lighting_0368.jpg,street_lighting_0368.jpg,STREET_LIGHTING,1
processed/images/PUBLIC_INFRASTRUCTURE/public_infrastructure_0239.jpg,public_infrastructure_0239.jpg,PUBLIC_INFRASTRUCTURE,5
processed/images/ROADS/roads_0708.jpg,roads_0708.jpg,ROADS,0
processed/images/ROADS/roads_1861.png,roads_1861.png,ROADS,0
processed/images/WASTE_MANAGEMENT/waste_management_0872.jpg,waste_management_0872.jpg,WASTE_MANAGEMENT,3
processed/images/PUBLIC_INFRASTRUCTURE/public_infrastructure_0875.jpg,public_infrastructure_0875.jpg,PUBLIC_INFRASTRUCTURE,5
processed/images/PUBLIC_INFRASTRUCTURE/public_infrastructure_0040.jpg,public_infrastructure_0040.jpg,PUBLIC_INFRASTRUCTURE,5
processed/images/STREET_LIGHTING/street_lighting_0626.jpg,street_lighting_0626.jpg,STREET_LIGHTING,1
processed/images/STREET_LIGHTING/street_lighting_0263.jpg,street_lighting_0263.jpg,STREET_LIGHTING,1
processed/images/ROADS/roads_0016.jpeg,roads_0016.jpeg,ROADS,0
processed/images/WASTE_MANAGEMENT/waste_management_0907.jpg,waste_management_0907.jpg,WASTE_MANAGEMENT,3
processed/images/WASTE_MANAGEMENT/waste_management_0470.jpg,waste_management_0470.jpg,WASTE_MANAGEMENT,3
processed/images/STREET_LIGHTING/street_lighting_0355.jpg,street_lighting_0355.jpg,STREET_LIGHTING,1
processed/images/PUBLIC_INFRASTRUCTURE/public_infrastructure_0680.jpg,public_infrastructure_0680.jpg,PUBLIC_INFRASTRUCTURE,5
processed/images/TREES_ENVIRONMENT/trees_environment_1389.jpg,trees_environment_1389.jpg,TREES_ENVIRONMENT,4
processed/images/PUBLIC_INFRASTRUCTURE/public_infrastructure_1278.jpg,public_infrastructure_1278.jpg,PUBLIC_INFRASTRUCTURE,5
processed/images/ROADS/roads_0330.jpg,roads_0330.jpg,ROADS,0
processed/images/STREET_LIGHTING/street_lighting_0170.jpg,street_lighting_0170.jpg,STREET_LIGHTING,1
processed/images/PUBLIC_INFRASTRUCTURE/public_infrastructure_1161.jpg,public_infrastructure_1161.jpg,PUBLIC_INFRASTRUCTURE,5
processed/images/WASTE_MANAGEMENT/waste_management_0539.jpg,waste_management_0539.jpg,WASTE_MANAGEMENT,3
processed/images/TREES_ENVIRONMENT/trees_environment_1495.jpg,trees_environment_1495.jpg,TREES_ENVIRONMENT,4
processed/images/TREES_ENVIRONMENT/trees_environment_1384.jpg,trees_environment_1384.jpg,TREES_ENVIRONMENT,4
processed/images/ROADS/roads_0243.jpg,roads_0243.jpg,ROADS,0
processed/images/PUBLIC_INFRASTRUCTURE/public_infrastructure_0754.jpg,public_infrastructure_0754.jpg,PUBLIC_INFRASTRUCTURE,5
processed/images/ROADS/roads_0919.jpg,roads_0919.jpg,ROADS,0
processed/images/WATER_DRAINAGE/water_drainage_0318.jpg,water_drainage_0318.jpg,WATER_DRAINAGE,2
processed/images/PUBLIC_INFRASTRUCTURE/public_infrastructure_1313.jpg,public_infrastructure_1313.jpg,PUBLIC_INFRASTRUCTURE,5
processed/images/WASTE_MANAGEMENT/waste_management_0750.jpg,waste_management_0750.jpg,WASTE_MANAGEMENT,3
processed/images/PUBLIC_INFRASTRUCTURE/public_infrastructure_0678.jpg,public_infrastructure_0678.jpg,PUBLIC_INFRASTRUCTURE,5
processed/images/TREES_ENVIRONMENT/trees_environment_0767.jpg,trees_environment_0767.jpg,TREES_ENVIRONMENT,4
processed/images/TREES_ENVIRONMENT/trees_environment_0086.jpg,trees_environment_0086.jpg,TREES_ENVIRONMENT,4
processed/images/ROADS/roads_0268.jpg,roads_0268.jpg,ROADS,0
processed/images/STREET_LIGHTING/street_lighting_0952.jpg,street_lighting_0952.jpg,STREET_LIGHTING,1
processed/images/ROADS/roads_0565.jpg,roads_0565.jpg,ROADS,0
processed/images/PUBLIC_INFRASTRUCTURE/public_infrastructure_0299.jpg,public_infrastructure_0299.jpg,PUBLIC_INFRASTRUCTURE,5
processed/images/PUBLIC_INFRASTRUCTURE/public_infrastructure_0738.jpg,public_infrastructure_0738.jpg,PUBLIC_INFRASTRUCTURE,5
processed/images/PUBLIC_INFRASTRUCTURE/public_infrastructure_0853.jpg,public_infrastructure_0853.jpg,PUBLIC_INFRASTRUCTURE,5
processed/images/ROADS/roads_1509.png,roads_1509.png,ROADS,0
processed/images/TREES_ENVIRONMENT/trees_environment_0309.jpg,trees_environment_0309.jpg,TREES_ENVIRONMENT,4
processed/images/ROADS/roads_0362.jpg,roads_0362.jpg,ROADS,0
processed/images/TREES_ENVIRONMENT/trees_environment_1575.jpg,trees_environment_1575.jpg,TREES_ENVIRONMENT,4
processed/images/PUBLIC_INFRASTRUCTURE/public_infrastructure_0716.jpg,public_infrastructure_0716.jpg,PUBLIC_INFRASTRUCTURE,5
processed/images/PUBLIC_INFRASTRUCTURE/public_infrastructure_0636.jpg,public_infrastructure_0636.jpg,PUBLIC_INFRASTRUCTURE,5
processed/images/ROADS/roads_1546.png,roads_1546.png,ROADS,0
processed/images/ROADS/roads_1542.png,roads_1542.png,ROADS,0
processed/images/PUBLIC_INFRASTRUCTURE/public_infrastructure_1014.jpg,public_infrastructure_1014.jpg,PUBLIC_INFRASTRUCTURE,5
processed/images/WASTE_MANAGEMENT/waste_management_0446.jpg,waste_management_0446.jpg,WASTE_MANAGEMENT,3
processed/images/PUBLIC_INFRASTRUCTURE/public_infrastructure_0455.jpg,public_infrastructure_0455.jpg,PUBLIC_INFRASTRUCTURE,5
processed/images/TREES_ENVIRONMENT/trees_environment_0382.jpg,trees_environment_0382.jpg,TREES_ENVIRONMENT,4
processed/images/ROADS/roads_1607.png,roads_1607.png,ROADS,0
processed/images/PUBLIC_INFRASTRUCTURE/public_infrastructure_1373.jpg,public_infrastructure_1373.jpg,PUBLIC_INFRASTRUCTURE,5
processed/images/ROADS/roads_1456.png,roads_1456.png,ROADS,0
processed/images/PUBLIC_INFRASTRUCTURE/public_infrastructure_1403.jpg,public_infrastructure_1403.jpg,PUBLIC_INFRASTRUCTURE,5
processed/images/TREES_ENVIRONMENT/trees_environment_0012.jpg,trees_environment_0012.jpg,TREES_ENVIRONMENT,4
processed/images/ROADS/roads_0691.jpg,roads_0691.jpg,ROADS,0
processed/images/PUBLIC_INFRASTRUCTURE/public_infrastructure_0532.jpg,public_infrastructure_0532.jpg,PUBLIC_INFRASTRUCTURE,5
processed/images/WASTE_MANAGEMENT/waste_management_0809.jpg,waste_management_0809.jpg,WASTE_MANAGEMENT,3
processed/images/TREES_ENVIRONMENT/trees_environment_1297.jpg,trees_environment_1297.jpg,TREES_ENVIRONMENT,4
processed/images/WASTE_MANAGEMENT/waste_management_0515.jpg,waste_management_0515.jpg,WASTE_MANAGEMENT,3
processed/images/PUBLIC_INFRASTRUCTURE/public_infrastructure_1341.jpg,public_infrastructure_1341.jpg,PUBLIC_INFRASTRUCTURE,5
processed/images/STREET_LIGHTING/street_lighting_0455.jpg,street_lighting_0455.jpg,STREET_LIGHTING,1
processed/images/ROADS/roads_0922.jpg,roads_0922.jpg,ROADS,0
processed/images/PUBLIC_INFRASTRUCTURE/public_infrastructure_0178.jpg,public_infrastructure_0178.jpg,PUBLIC_INFRASTRUCTURE,5
processed/images/ROADS/roads_1320.png,roads_1320.png,ROADS,0
processed/images/PUBLIC_INFRASTRUCTURE/public_infrastructure_1005.jpg,public_infrastructure_1005.jpg,PUBLIC_INFRASTRUCTURE,5
processed/images/WASTE_MANAGEMENT/waste_management_0061.jpg,waste_management_0061.jpg,WASTE_MANAGEMENT,3
processed/images/STREET_LIGHTING/street_lighting_0429.jpg,street_lighting_0429.jpg,STREET_LIGHTING,1
processed/images/STREET_LIGHTING/street_lighting_0706.jpg,street_lighting_0706.jpg,STREET_LIGHTING,1
processed/images/WASTE_MANAGEMENT/waste_management_0780.jpg,waste_management_0780.jpg,WASTE_MANAGEMENT,3
processed/images/WASTE_MANAGEMENT/waste_management_0152.jpg,waste_management_0152.jpg,WASTE_MANAGEMENT,3
processed/images/WASTE_MANAGEMENT/waste_management_0581.jpg,waste_management_0581.jpg,WASTE_MANAGEMENT,3
processed/images/PUBLIC_INFRASTRUCTURE/public_infrastructure_1037.jpg,public_infrastructure_1037.jpg,PUBLIC_INFRASTRUCTURE,5
processed/images/WASTE_MANAGEMENT/waste_management_0556.jpg,waste_management_0556.jpg,WASTE_MANAGEMENT,3
processed/images/TREES_ENVIRONMENT/trees_environment_0554.jpg,trees_environment_0554.jpg,TREES_ENVIRONMENT,4
processed/images/TREES_ENVIRONMENT/trees_environment_1051.jpg,trees_environment_1051.jpg,TREES_ENVIRONMENT,4
processed/images/STREET_LIGHTING/street_lighting_0863.jpg,street_lighting_0863.jpg,STREET_LIGHTING,1
processed/images/PUBLIC_INFRASTRUCTURE/public_infrastructure_0709.jpg,public_infrastructure_0709.jpg,PUBLIC_INFRASTRUCTURE,5
processed/images/TREES_ENVIRONMENT/trees_environment_1238.jpg,trees_environment_1238.jpg,TREES_ENVIRONMENT,4
processed/images/ROADS/roads_1798.png,roads_1798.png,ROADS,0
processed/images/WASTE_MANAGEMENT/waste_management_0465.jpg,waste_management_0465.jpg,WASTE_MANAGEMENT,3
processed/images/WATER_DRAINAGE/water_drainage_0196.jpg,water_drainage_0196.jpg,WATER_DRAINAGE,2
processed/images/TREES_ENVIRONMENT/trees_environment_1527.jpg,trees_environment_1527.jpg,TREES_ENVIRONMENT,4
processed/images/TREES_ENVIRONMENT/trees_environment_0210.jpg,trees_environment_0210.jpg,TREES_ENVIRONMENT,4
processed/images/ROADS/roads_1302.png,roads_1302.png,ROADS,0
processed/images/TREES_ENVIRONMENT/trees_environment_0135.jpg,trees_environment_0135.jpg,TREES_ENVIRONMENT,4
processed/images/WATER_DRAINAGE/water_drainage_0388.jpg,water_drainage_0388.jpg,WATER_DRAINAGE,2
processed/images/WASTE_MANAGEMENT/waste_management_0076.jpg,waste_management_0076.jpg,WASTE_MANAGEMENT,3
processed/images/WASTE_MANAGEMENT/waste_management_0077.jpg,waste_management_0077.jpg,WASTE_MANAGEMENT,3
processed/images/ROADS/roads_0124.jpg,roads_0124.jpg,ROADS,0
processed/images/PUBLIC_INFRASTRUCTURE/public_infrastructure_1374.jpg,public_infrastructure_1374.jpg,PUBLIC_INFRASTRUCTURE,5
processed/images/PUBLIC_INFRASTRUCTURE/public_infrastructure_0049.jpg,public_infrastructure_0049.jpg,PUBLIC_INFRASTRUCTURE,5
processed/images/PUBLIC_INFRASTRUCTURE/public_infrastructure_0235.jpg,public_infrastructure_0235.jpg,PUBLIC_INFRASTRUCTURE,5
processed/images/STREET_LIGHTING/street_lighting_0586.jpg,street_lighting_0586.jpg,STREET_LIGHTING,1
processed/images/ROADS/roads_1745.png,roads_1745.png,ROADS,0
processed/images/ROADS/roads_0258.jpg,roads_0258.jpg,ROADS,0
processed/images/PUBLIC_INFRASTRUCTURE/public_infrastructure_0813.jpg,public_infrastructure_0813.jpg,PUBLIC_INFRASTRUCTURE,5
processed/images/STREET_LIGHTING/street_lighting_0731.jpg,street_lighting_0731.jpg,STREET_LIGHTING,1
processed/images/WASTE_MANAGEMENT/waste_management_0755.jpg,waste_management_0755.jpg,WASTE_MANAGEMENT,3
processed/images/WATER_DRAINAGE/water_drainage_0399.jpg,water_drainage_0399.jpg,WATER_DRAINAGE,2
processed/images/STREET_LIGHTING/street_lighting_0498.jpg,street_lighting_0498.jpg,STREET_LIGHTING,1
processed/images/ROADS/roads_1682.png,roads_1682.png,ROADS,0
processed/images/PUBLIC_INFRASTRUCTURE/public_infrastructure_0309.jpg,public_infrastructure_0309.jpg,PUBLIC_INFRASTRUCTURE,5
processed/images/TREES_ENVIRONMENT/trees_environment_1013.jpg,trees_environment_1013.jpg,TREES_ENVIRONMENT,4
processed/images/ROADS/roads_0399.jpg,roads_0399.jpg,ROADS,0
processed/images/ROADS/roads_0639.jpg,roads_0639.jpg,ROADS,0
processed/images/STREET_LIGHTING/street_lighting_1135.jpg,street_lighting_1135.jpg,STREET_LIGHTING,1
processed/images/WATER_DRAINAGE/water_drainage_0345.jpg,water_drainage_0345.jpg,WATER_DRAINAGE,2
processed/images/ROADS/roads_0633.jpg,roads_0633.jpg,ROADS,0
processed/images/TREES_ENVIRONMENT/trees_environment_1377.jpg,trees_environment_1377.jpg,TREES_ENVIRONMENT,4
processed/images/STREET_LIGHTING/street_lighting_0123.jpg,street_lighting_0123.jpg,STREET_LIGHTING,1
processed/images/ROADS/roads_0221.jpg,roads_0221.jpg,ROADS,0
processed/images/WASTE_MANAGEMENT/waste_management_0812.jpg,waste_management_0812.jpg,WASTE_MANAGEMENT,3
processed/images/ROADS/roads_0479.jpg,roads_0479.jpg,ROADS,0
processed/images/ROADS/roads_0848.jpg,roads_0848.jpg,ROADS,0
processed/images/PUBLIC_INFRASTRUCTURE/public_infrastructure_0869.jpg,public_infrastructure_0869.jpg,PUBLIC_INFRASTRUCTURE,5
processed/images/ROADS/roads_1118.jpg,roads_1118.jpg,ROADS,0
processed/images/TREES_ENVIRONMENT/trees_environment_1419.jpg,trees_environment_1419.jpg,TREES_ENVIRONMENT,4
processed/images/STREET_LIGHTING/street_lighting_0527.jpg,street_lighting_0527.jpg,STREET_LIGHTING,1
processed/images/PUBLIC_INFRASTRUCTURE/public_infrastructure_0903.jpg,public_infrastructure_0903.jpg,PUBLIC_INFRASTRUCTURE,5
processed/images/WATER_DRAINAGE/water_drainage_0097.jpg,water_drainage_0097.jpg,WATER_DRAINAGE,2
processed/images/WASTE_MANAGEMENT/waste_management_0630.jpg,waste_management_0630.jpg,WASTE_MANAGEMENT,3
processed/images/TREES_ENVIRONMENT/trees_environment_1140.jpg,trees_environment_1140.jpg,TREES_ENVIRONMENT,4
processed/images/WASTE_MANAGEMENT/waste_management_0405.jpg,waste_management_0405.jpg,WASTE_MANAGEMENT,3
processed/images/TREES_ENVIRONMENT/trees_environment_1450.jpg,trees_environment_1450.jpg,TREES_ENVIRONMENT,4
processed/images/PUBLIC_INFRASTRUCTURE/public_infrastructure_0282.jpg,public_infrastructure_0282.jpg,PUBLIC_INFRASTRUCTURE,5
processed/images/WASTE_MANAGEMENT/waste_management_0819.jpg,waste_management_0819.jpg,WASTE_MANAGEMENT,3
processed/images/TREES_ENVIRONMENT/trees_environment_0466.jpg,trees_environment_0466.jpg,TREES_ENVIRONMENT,4
processed/images/WASTE_MANAGEMENT/waste_management_0555.jpg,waste_management_0555.jpg,WASTE_MANAGEMENT,3
processed/images/ROADS/roads_0123.jpg,roads_0123.jpg,ROADS,0
processed/images/WATER_DRAINAGE/water_drainage_0334.jpg,water_drainage_0334.jpg,WATER_DRAINAGE,2
processed/images/STREET_LIGHTING/street_lighting_0110.jpg,street_lighting_0110.jpg,STREET_LIGHTING,1
processed/images/WASTE_MANAGEMENT/waste_management_0704.jpg,waste_management_0704.jpg,WASTE_MANAGEMENT,3
processed/images/ROADS/roads_1658.png,roads_1658.png,ROADS,0
processed/images/WASTE_MANAGEMENT/waste_management_0356.jpg,waste_management_0356.jpg,WASTE_MANAGEMENT,3
processed/images/TREES_ENVIRONMENT/trees_environment_0450.jpg,trees_environment_0450.jpg,TREES_ENVIRONMENT,4
processed/images/ROADS/roads_0290.jpg,roads_0290.jpg,ROADS,0
processed/images/WASTE_MANAGEMENT/waste_management_0391.jpg,waste_management_0391.jpg,WASTE_MANAGEMENT,3
processed/images/ROADS/roads_0939.jpg,roads_0939.jpg,ROADS,0
processed/images/TREES_ENVIRONMENT/trees_environment_0531.jpg,trees_environment_0531.jpg,TREES_ENVIRONMENT,4
processed/images/STREET_LIGHTING/street_lighting_0583.jpg,street_lighting_0583.jpg,STREET_LIGHTING,1
processed/images/WASTE_MANAGEMENT/waste_management_0165.jpg,waste_management_0165.jpg,WASTE_MANAGEMENT,3
processed/images/PUBLIC_INFRASTRUCTURE/public_infrastructure_1271.jpg,public_infrastructure_1271.jpg,PUBLIC_INFRASTRUCTURE,5
processed/images/STREET_LIGHTING/street_lighting_0134.jpg,street_lighting_0134.jpg,STREET_LIGHTING,1
processed/images/TREES_ENVIRONMENT/trees_environment_1458.jpg,trees_environment_1458.jpg,TREES_ENVIRONMENT,4
processed/images/PUBLIC_INFRASTRUCTURE/public_infrastructure_0075.jpg,public_infrastructure_0075.jpg,PUBLIC_INFRASTRUCTURE,5
processed/images/ROADS/roads_1201.jpg,roads_1201.jpg,ROADS,0
processed/images/TREES_ENVIRONMENT/trees_environment_0370.jpg,trees_environment_0370.jpg,TREES_ENVIRONMENT,4
processed/images/ROADS/roads_1769.png,roads_1769.png,ROADS,0
processed/images/PUBLIC_INFRASTRUCTURE/public_infrastructure_0814.jpg,public_infrastructure_0814.jpg,PUBLIC_INFRASTRUCTURE,5
processed/images/TREES_ENVIRONMENT/trees_environment_0587.jpg,trees_environment_0587.jpg,TREES_ENVIRONMENT,4
processed/images/PUBLIC_INFRASTRUCTURE/public_infrastructure_0850.jpg,public_infrastructure_0850.jpg,PUBLIC_INFRASTRUCTURE,5
processed/images/PUBLIC_INFRASTRUCTURE/public_infrastructure_0308.jpg,public_infrastructure_0308.jpg,PUBLIC_INFRASTRUCTURE,5
processed/images/PUBLIC_INFRASTRUCTURE/public_infrastructure_0219.jpg,public_infrastructure_0219.jpg,PUBLIC_INFRASTRUCTURE,5
processed/images/STREET_LIGHTING/street_lighting_0223.jpg,street_lighting_0223.jpg,STREET_LIGHTING,1
processed/images/TREES_ENVIRONMENT/trees_environment_0315.jpg,trees_environment_0315.jpg,TREES_ENVIRONMENT,4
processed/images/STREET_LIGHTING/street_lighting_1025.jpg,street_lighting_1025.jpg,STREET_LIGHTING,1
processed/images/STREET_LIGHTING/street_lighting_0576.jpg,street_lighting_0576.jpg,STREET_LIGHTING,1
processed/images/PUBLIC_INFRASTRUCTURE/public_infrastructure_1194.jpg,public_infrastructure_1194.jpg,PUBLIC_INFRASTRUCTURE,5
processed/images/STREET_LIGHTING/street_lighting_0004.jpg,street_lighting_0004.jpg,STREET_LIGHTING,1
processed/images/WASTE_MANAGEMENT/waste_management_0167.jpg,waste_management_0167.jpg,WASTE_MANAGEMENT,3
processed/images/TREES_ENVIRONMENT/trees_environment_1171.jpg,trees_environment_1171.jpg,TREES_ENVIRONMENT,4
processed/images/TREES_ENVIRONMENT/trees_environment_1050.jpg,trees_environment_1050.jpg,TREES_ENVIRONMENT,4
processed/images/TREES_ENVIRONMENT/trees_environment_0345.jpg,trees_environment_0345.jpg,TREES_ENVIRONMENT,4
processed/images/PUBLIC_INFRASTRUCTURE/public_infrastructure_0498.jpg,public_infrastructure_0498.jpg,PUBLIC_INFRASTRUCTURE,5
processed/images/ROADS/roads_1398.png,roads_1398.png,ROADS,0
processed/images/ROADS/roads_0425.jpg,roads_0425.jpg,ROADS,0
processed/images/WATER_DRAINAGE/water_drainage_0274.jpg,water_drainage_0274.jpg,WATER_DRAINAGE,2
processed/images/TREES_ENVIRONMENT/trees_environment_0758.jpg,trees_environment_0758.jpg,TREES_ENVIRONMENT,4
processed/images/TREES_ENVIRONMENT/trees_environment_0662.jpg,trees_environment_0662.jpg,TREES_ENVIRONMENT,4
processed/images/ROADS/roads_0552.jpg,roads_0552.jpg,ROADS,0
processed/images/PUBLIC_INFRASTRUCTURE/public_infrastructure_0552.jpg,public_infrastructure_0552.jpg,PUBLIC_INFRASTRUCTURE,5
processed/images/PUBLIC_INFRASTRUCTURE/public_infrastructure_0706.jpg,public_infrastructure_0706.jpg,PUBLIC_INFRASTRUCTURE,5
processed/images/TREES_ENVIRONMENT/trees_environment_0452.jpg,trees_environment_0452.jpg,TREES_ENVIRONMENT,4
processed/images/ROADS/roads_0996.jpg,roads_0996.jpg,ROADS,0
processed/images/ROADS/roads_0094.jpg,roads_0094.jpg,ROADS,0
processed/images/PUBLIC_INFRASTRUCTURE/public_infrastructure_0535.jpg,public_infrastructure_0535.jpg,PUBLIC_INFRASTRUCTURE,5
processed/images/ROADS/roads_1754.png,roads_1754.png,ROADS,0
processed/images/STREET_LIGHTING/street_lighting_0877.jpg,street_lighting_0877.jpg,STREET_LIGHTING,1
processed/images/PUBLIC_INFRASTRUCTURE/public_infrastructure_0893.jpg,public_infrastructure_0893.jpg,PUBLIC_INFRASTRUCTURE,5
processed/images/PUBLIC_INFRASTRUCTURE/public_infrastructure_1308.jpg,public_infrastructure_1308.jpg,PUBLIC_INFRASTRUCTURE,5
processed/images/ROADS/roads_0065.jpg,roads_0065.jpg,ROADS,0
processed/images/PUBLIC_INFRASTRUCTURE/public_infrastructure_0160.jpg,public_infrastructure_0160.jpg,PUBLIC_INFRASTRUCTURE,5
processed/images/PUBLIC_INFRASTRUCTURE/public_infrastructure_0860.jpg,public_infrastructure_0860.jpg,PUBLIC_INFRASTRUCTURE,5
processed/images/PUBLIC_INFRASTRUCTURE/public_infrastructure_0838.jpg,public_infrastructure_0838.jpg,PUBLIC_INFRASTRUCTURE,5
processed/images/ROADS/roads_1558.png,roads_1558.png,ROADS,0
processed/images/ROADS/roads_0352.jpg,roads_0352.jpg,ROADS,0
processed/images/TREES_ENVIRONMENT/trees_environment_0065.jpg,trees_environment_0065.jpg,TREES_ENVIRONMENT,4
processed/images/TREES_ENVIRONMENT/trees_environment_1292.jpg,trees_environment_1292.jpg,TREES_ENVIRONMENT,4
processed/images/ROADS/roads_0650.jpg,roads_0650.jpg,ROADS,0
processed/images/ROADS/roads_1315.png,roads_1315.png,ROADS,0
processed/images/PUBLIC_INFRASTRUCTURE/public_infrastructure_0858.jpg,public_infrastructure_0858.jpg,PUBLIC_INFRASTRUCTURE,5
processed/images/STREET_LIGHTING/street_lighting_1126.jpg,street_lighting_1126.jpg,STREET_LIGHTING,1
processed/images/WATER_DRAINAGE/water_drainage_0124.jpg,water_drainage_0124.jpg,WATER_DRAINAGE,2
processed/images/PUBLIC_INFRASTRUCTURE/public_infrastructure_1426.jpg,public_infrastructure_1426.jpg,PUBLIC_INFRASTRUCTURE,5
processed/images/ROADS/roads_1564.png,roads_1564.png,ROADS,0
processed/images/ROADS/roads_0462.jpg,roads_0462.jpg,ROADS,0
processed/images/TREES_ENVIRONMENT/trees_environment_0298.jpg,trees_environment_0298.jpg,TREES_ENVIRONMENT,4
processed/images/ROADS/roads_1184.jpg,roads_1184.jpg,ROADS,0
processed/images/TREES_ENVIRONMENT/trees_environment_0879.jpg,trees_environment_0879.jpg,TREES_ENVIRONMENT,4
processed/images/ROADS/roads_0187.jpg,roads_0187.jpg,ROADS,0
processed/images/TREES_ENVIRONMENT/trees_environment_0050.jpg,trees_environment_0050.jpg,TREES_ENVIRONMENT,4
processed/images/ROADS/roads_0294.jpg,roads_0294.jpg,ROADS,0
processed/images/WASTE_MANAGEMENT/waste_management_0659.jpg,waste_management_0659.jpg,WASTE_MANAGEMENT,3
processed/images/STREET_LIGHTING/street_lighting_0993.jpg,street_lighting_0993.jpg,STREET_LIGHTING,1
processed/images/ROADS/roads_0717.jpg,roads_0717.jpg,ROADS,0
processed/images/ROADS/roads_0044.jpg,roads_0044.jpg,ROADS,0
processed/images/TREES_ENVIRONMENT/trees_environment_1191.jpg,trees_environment_1191.jpg,TREES_ENVIRONMENT,4
processed/images/TREES_ENVIRONMENT/trees_environment_1549.jpg,trees_environment_1549.jpg,TREES_ENVIRONMENT,4
processed/images/WASTE_MANAGEMENT/waste_management_0210.jpg,waste_management_0210.jpg,WASTE_MANAGEMENT,3
processed/images/ROADS/roads_0954.jpg,roads_0954.jpg,ROADS,0
processed/images/STREET_LIGHTING/street_lighting_1041.jpg,street_lighting_1041.jpg,STREET_LIGHTING,1
processed/images/ROADS/roads_0842.jpg,roads_0842.jpg,ROADS,0
processed/images/STREET_LIGHTING/street_lighting_0203.jpg,street_lighting_0203.jpg,STREET_LIGHTING,1
processed/images/WASTE_MANAGEMENT/waste_management_0322.jpg,waste_management_0322.jpg,WASTE_MANAGEMENT,3
processed/images/STREET_LIGHTING/street_lighting_0597.jpg,street_lighting_0597.jpg,STREET_LIGHTING,1
processed/images/TREES_ENVIRONMENT/trees_environment_0699.jpg,trees_environment_0699.jpg,TREES_ENVIRONMENT,4
processed/images/ROADS/roads_0606.jpg,roads_0606.jpg,ROADS,0
processed/images/TREES_ENVIRONMENT/trees_environment_1516.jpg,trees_environment_1516.jpg,TREES_ENVIRONMENT,4
processed/images/STREET_LIGHTING/street_lighting_0372.jpg,street_lighting_0372.jpg,STREET_LIGHTING,1
processed/images/TREES_ENVIRONMENT/trees_environment_1363.jpg,trees_environment_1363.jpg,TREES_ENVIRONMENT,4
processed/images/ROADS/roads_1307.png,roads_1307.png,ROADS,0
processed/images/PUBLIC_INFRASTRUCTURE/public_infrastructure_1350.jpg,public_infrastructure_1350.jpg,PUBLIC_INFRASTRUCTURE,5
processed/images/STREET_LIGHTING/street_lighting_1091.jpg,street_lighting_1091.jpg,STREET_LIGHTING,1
processed/images/ROADS/roads_0097.jpg,roads_0097.jpg,ROADS,0
processed/images/PUBLIC_INFRASTRUCTURE/public_infrastructure_0425.jpg,public_infrastructure_0425.jpg,PUBLIC_INFRASTRUCTURE,5
processed/images/ROADS/roads_0749.jpg,roads_0749.jpg,ROADS,0
processed/images/TREES_ENVIRONMENT/trees_environment_1055.jpg,trees_environment_1055.jpg,TREES_ENVIRONMENT,4
processed/images/WASTE_MANAGEMENT/waste_management_0685.jpg,waste_management_0685.jpg,WASTE_MANAGEMENT,3
processed/images/TREES_ENVIRONMENT/trees_environment_0947.jpg,trees_environment_0947.jpg,TREES_ENVIRONMENT,4
processed/images/ROADS/roads_1579.png,roads_1579.png,ROADS,0
processed/images/TREES_ENVIRONMENT/trees_environment_1090.jpg,trees_environment_1090.jpg,TREES_ENVIRONMENT,4
processed/images/ROADS/roads_1766.png,roads_1766.png,ROADS,0
processed/images/TREES_ENVIRONMENT/trees_environment_1356.jpg,trees_environment_1356.jpg,TREES_ENVIRONMENT,4
processed/images/TREES_ENVIRONMENT/trees_environment_0422.jpg,trees_environment_0422.jpg,TREES_ENVIRONMENT,4
processed/images/ROADS/roads_0154.jpg,roads_0154.jpg,ROADS,0
processed/images/ROADS/roads_0808.jpg,roads_0808.jpg,ROADS,0
processed/images/ROADS/roads_0993.jpg,roads_0993.jpg,ROADS,0
processed/images/STREET_LIGHTING/street_lighting_0207.jpg,street_lighting_0207.jpg,STREET_LIGHTING,1
processed/images/TREES_ENVIRONMENT/trees_environment_0139.jpg,trees_environment_0139.jpg,TREES_ENVIRONMENT,4
processed/images/ROADS/roads_1069.jpg,roads_1069.jpg,ROADS,0
processed/images/TREES_ENVIRONMENT/trees_environment_0564.jpg,trees_environment_0564.jpg,TREES_ENVIRONMENT,4
processed/images/WASTE_MANAGEMENT/waste_management_0846.jpg,waste_management_0846.jpg,WASTE_MANAGEMENT,3
processed/images/ROADS/roads_0449.jpg,roads_0449.jpg,ROADS,0
processed/images/PUBLIC_INFRASTRUCTURE/public_infrastructure_0918.jpg,public_infrastructure_0918.jpg,PUBLIC_INFRASTRUCTURE,5
processed/images/STREET_LIGHTING/street_lighting_0908.jpg,street_lighting_0908.jpg,STREET_LIGHTING,1
processed/images/PUBLIC_INFRASTRUCTURE/public_infrastructure_0236.jpg,public_infrastructure_0236.jpg,PUBLIC_INFRASTRUCTURE,5
processed/images/STREET_LIGHTING/street_lighting_0254.jpg,street_lighting_0254.jpg,STREET_LIGHTING,1
processed/images/ROADS/roads_1849.png,roads_1849.png,ROADS,0
processed/images/PUBLIC_INFRASTRUCTURE/public_infrastructure_0223.jpg,public_infrastructure_0223.jpg,PUBLIC_INFRASTRUCTURE,5
processed/images/PUBLIC_INFRASTRUCTURE/public_infrastructure_1040.jpg,public_infrastructure_1040.jpg,PUBLIC_INFRASTRUCTURE,5
processed/images/ROADS/roads_0193.jpg,roads_0193.jpg,ROADS,0
processed/images/WATER_DRAINAGE/water_drainage_0163.jpg,water_drainage_0163.jpg,WATER_DRAINAGE,2
processed/images/WATER_DRAINAGE/water_drainage_0055.jpg,water_drainage_0055.jpg,WATER_DRAINAGE,2
processed/images/PUBLIC_INFRASTRUCTURE/public_infrastructure_1213.jpg,public_infrastructure_1213.jpg,PUBLIC_INFRASTRUCTURE,5
processed/images/STREET_LIGHTING/street_lighting_0238.jpg,street_lighting_0238.jpg,STREET_LIGHTING,1
processed/images/STREET_LIGHTING/street_lighting_0250.jpg,street_lighting_0250.jpg,STREET_LIGHTING,1
processed/images/STREET_LIGHTING/street_lighting_0105.jpg,street_lighting_0105.jpg,STREET_LIGHTING,1
processed/images/STREET_LIGHTING/street_lighting_0592.jpg,street_lighting_0592.jpg,STREET_LIGHTING,1
processed/images/ROADS/roads_1489.png,roads_1489.png,ROADS,0
processed/images/PUBLIC_INFRASTRUCTURE/public_infrastructure_0981.jpg,public_infrastructure_0981.jpg,PUBLIC_INFRASTRUCTURE,5
processed/images/TREES_ENVIRONMENT/trees_environment_1444.jpg,trees_environment_1444.jpg,TREES_ENVIRONMENT,4
processed/images/ROADS/roads_1827.png,roads_1827.png,ROADS,0
processed/images/ROADS/roads_0526.jpg,roads_0526.jpg,ROADS,0
processed/images/WATER_DRAINAGE/water_drainage_0293.jpg,water_drainage_0293.jpg,WATER_DRAINAGE,2
processed/images/STREET_LIGHTING/street_lighting_0790.jpg,street_lighting_0790.jpg,STREET_LIGHTING,1
processed/images/PUBLIC_INFRASTRUCTURE/public_infrastructure_0399.jpg,public_infrastructure_0399.jpg,PUBLIC_INFRASTRUCTURE,5
processed/images/ROADS/roads_0168.jpg,roads_0168.jpg,ROADS,0
processed/images/WASTE_MANAGEMENT/waste_management_0204.jpg,waste_management_0204.jpg,WASTE_MANAGEMENT,3
processed/images/ROADS/roads_1829.png,roads_1829.png,ROADS,0
processed/images/STREET_LIGHTING/street_lighting_0774.jpg,street_lighting_0774.jpg,STREET_LIGHTING,1
processed/images/TREES_ENVIRONMENT/trees_environment_0802.jpg,trees_environment_0802.jpg,TREES_ENVIRONMENT,4
processed/images/TREES_ENVIRONMENT/trees_environment_0398.jpg,trees_environment_0398.jpg,TREES_ENVIRONMENT,4
processed/images/ROADS/roads_0391.jpg,roads_0391.jpg,ROADS,0
processed/images/STREET_LIGHTING/street_lighting_1100.jpg,street_lighting_1100.jpg,STREET_LIGHTING,1
processed/images/ROADS/roads_1213.jpg,roads_1213.jpg,ROADS,0
processed/images/WASTE_MANAGEMENT/waste_management_0462.jpg,waste_management_0462.jpg,WASTE_MANAGEMENT,3
processed/images/ROADS/roads_1467.png,roads_1467.png,ROADS,0
processed/images/STREET_LIGHTING/street_lighting_0899.jpg,street_lighting_0899.jpg,STREET_LIGHTING,1
processed/images/TREES_ENVIRONMENT/trees_environment_0438.jpg,trees_environment_0438.jpg,TREES_ENVIRONMENT,4
processed/images/STREET_LIGHTING/street_lighting_0299.jpg,street_lighting_0299.jpg,STREET_LIGHTING,1
processed/images/PUBLIC_INFRASTRUCTURE/public_infrastructure_0840.jpg,public_infrastructure_0840.jpg,PUBLIC_INFRASTRUCTURE,5
processed/images/TREES_ENVIRONMENT/trees_environment_0424.jpg,trees_environment_0424.jpg,TREES_ENVIRONMENT,4
processed/images/WASTE_MANAGEMENT/waste_management_0205.jpg,waste_management_0205.jpg,WASTE_MANAGEMENT,3
processed/images/WATER_DRAINAGE/water_drainage_0022.jpg,water_drainage_0022.jpg,WATER_DRAINAGE,2
processed/images/PUBLIC_INFRASTRUCTURE/public_infrastructure_1244.jpg,public_infrastructure_1244.jpg,PUBLIC_INFRASTRUCTURE,5
processed/images/ROADS/roads_1556.png,roads_1556.png,ROADS,0
processed/images/WATER_DRAINAGE/water_drainage_0417.jpg,water_drainage_0417.jpg,WATER_DRAINAGE,2
processed/images/ROADS/roads_0541.jpg,roads_0541.jpg,ROADS,0
processed/images/ROADS/roads_0610.jpg,roads_0610.jpg,ROADS,0
processed/images/PUBLIC_INFRASTRUCTURE/public_infrastructure_1093.jpg,public_infrastructure_1093.jpg,PUBLIC_INFRASTRUCTURE,5
processed/images/WASTE_MANAGEMENT/waste_management_0363.jpg,waste_management_0363.jpg,WASTE_MANAGEMENT,3
processed/images/PUBLIC_INFRASTRUCTURE/public_infrastructure_0626.jpg,public_infrastructure_0626.jpg,PUBLIC_INFRASTRUCTURE,5
processed/images/TREES_ENVIRONMENT/trees_environment_0790.jpg,trees_environment_0790.jpg,TREES_ENVIRONMENT,4
processed/images/PUBLIC_INFRASTRUCTURE/public_infrastructure_1305.jpg,public_infrastructure_1305.jpg,PUBLIC_INFRASTRUCTURE,5
processed/images/TREES_ENVIRONMENT/trees_environment_0414.jpg,trees_environment_0414.jpg,TREES_ENVIRONMENT,4
processed/images/PUBLIC_INFRASTRUCTURE/public_infrastructure_0791.jpg,public_infrastructure_0791.jpg,PUBLIC_INFRASTRUCTURE,5
processed/images/TREES_ENVIRONMENT/trees_environment_0988.jpg,trees_environment_0988.jpg,TREES_ENVIRONMENT,4
processed/images/PUBLIC_INFRASTRUCTURE/public_infrastructure_0761.jpg,public_infrastructure_0761.jpg,PUBLIC_INFRASTRUCTURE,5
processed/images/WASTE_MANAGEMENT/waste_management_0868.jpg,waste_management_0868.jpg,WASTE_MANAGEMENT,3
processed/images/PUBLIC_INFRASTRUCTURE/public_infrastructure_1484.jpg,public_infrastructure_1484.jpg,PUBLIC_INFRASTRUCTURE,5
processed/images/PUBLIC_INFRASTRUCTURE/public_infrastructure_0782.jpg,public_infrastructure_0782.jpg,PUBLIC_INFRASTRUCTURE,5
processed/images/WATER_DRAINAGE/water_drainage_0118.jpg,water_drainage_0118.jpg,WATER_DRAINAGE,2
processed/images/PUBLIC_INFRASTRUCTURE/public_infrastructure_1467.jpg,public_infrastructure_1467.jpg,PUBLIC_INFRASTRUCTURE,5
processed/images/WASTE_MANAGEMENT/waste_management_0455.jpg,waste_management_0455.jpg,WASTE_MANAGEMENT,3
processed/images/STREET_LIGHTING/street_lighting_0457.jpg,street_lighting_0457.jpg,STREET_LIGHTING,1
processed/images/STREET_LIGHTING/street_lighting_0018.jpg,street_lighting_0018.jpg,STREET_LIGHTING,1
processed/images/ROADS/roads_1768.png,roads_1768.png,ROADS,0
processed/images/TREES_ENVIRONMENT/trees_environment_0463.jpg,trees_environment_0463.jpg,TREES_ENVIRONMENT,4
processed/images/STREET_LIGHTING/street_lighting_0745.jpg,street_lighting_0745.jpg,STREET_LIGHTING,1
processed/images/PUBLIC_INFRASTRUCTURE/public_infrastructure_0829.jpg,public_infrastructure_0829.jpg,PUBLIC_INFRASTRUCTURE,5
processed/images/ROADS/roads_1482.png,roads_1482.png,ROADS,0
processed/images/WASTE_MANAGEMENT/waste_management_0833.jpg,waste_management_0833.jpg,WASTE_MANAGEMENT,3
processed/images/PUBLIC_INFRASTRUCTURE/public_infrastructure_0172.jpg,public_infrastructure_0172.jpg,PUBLIC_INFRASTRUCTURE,5
processed/images/WATER_DRAINAGE/water_drainage_0434.jpg,water_drainage_0434.jpg,WATER_DRAINAGE,2
processed/images/STREET_LIGHTING/street_lighting_0669.jpg,street_lighting_0669.jpg,STREET_LIGHTING,1
processed/images/STREET_LIGHTING/street_lighting_0367.jpg,street_lighting_0367.jpg,STREET_LIGHTING,1
processed/images/PUBLIC_INFRASTRUCTURE/public_infrastructure_0408.jpg,public_infrastructure_0408.jpg,PUBLIC_INFRASTRUCTURE,5
processed/images/ROADS/roads_0167.jpg,roads_0167.jpg,ROADS,0
processed/images/TREES_ENVIRONMENT/trees_environment_0629.jpg,trees_environment_0629.jpg,TREES_ENVIRONMENT,4
processed/images/WATER_DRAINAGE/water_drainage_0225.jpg,water_drainage_0225.jpg,WATER_DRAINAGE,2
processed/images/ROADS/roads_0853.jpg,roads_0853.jpg,ROADS,0
processed/images/STREET_LIGHTING/street_lighting_1026.jpg,street_lighting_1026.jpg,STREET_LIGHTING,1
processed/images/TREES_ENVIRONMENT/trees_environment_0783.jpg,trees_environment_0783.jpg,TREES_ENVIRONMENT,4
processed/images/STREET_LIGHTING/street_lighting_0297.jpg,street_lighting_0297.jpg,STREET_LIGHTING,1
processed/images/PUBLIC_INFRASTRUCTURE/public_infrastructure_0317.jpg,public_infrastructure_0317.jpg,PUBLIC_INFRASTRUCTURE,5
processed/images/TREES_ENVIRONMENT/trees_environment_1608.jpg,trees_environment_1608.jpg,TREES_ENVIRONMENT,4
processed/images/STREET_LIGHTING/street_lighting_0599.jpg,street_lighting_0599.jpg,STREET_LIGHTING,1
processed/images/PUBLIC_INFRASTRUCTURE/public_infrastructure_0899.jpg,public_infrastructure_0899.jpg,PUBLIC_INFRASTRUCTURE,5
processed/images/TREES_ENVIRONMENT/trees_environment_0190.jpg,trees_environment_0190.jpg,TREES_ENVIRONMENT,4
processed/images/ROADS/roads_0833.jpg,roads_0833.jpg,ROADS,0
processed/images/WATER_DRAINAGE/water_drainage_0304.jpg,water_drainage_0304.jpg,WATER_DRAINAGE,2
processed/images/TREES_ENVIRONMENT/trees_environment_1405.jpg,trees_environment_1405.jpg,TREES_ENVIRONMENT,4
processed/images/STREET_LIGHTING/street_lighting_0653.jpg,street_lighting_0653.jpg,STREET_LIGHTING,1
processed/images/STREET_LIGHTING/street_lighting_0093.jpg,street_lighting_0093.jpg,STREET_LIGHTING,1
processed/images/TREES_ENVIRONMENT/trees_environment_0645.jpg,trees_environment_0645.jpg,TREES_ENVIRONMENT,4
processed/images/ROADS/roads_0218.jpg,roads_0218.jpg,ROADS,0
processed/images/TREES_ENVIRONMENT/trees_environment_0237.jpg,trees_environment_0237.jpg,TREES_ENVIRONMENT,4
processed/images/WASTE_MANAGEMENT/waste_management_0652.jpg,waste_management_0652.jpg,WASTE_MANAGEMENT,3
processed/images/ROADS/roads_1664.png,roads_1664.png,ROADS,0
processed/images/ROADS/roads_0176.jpg,roads_0176.jpg,ROADS,0
processed/images/PUBLIC_INFRASTRUCTURE/public_infrastructure_0833.jpg,public_infrastructure_0833.jpg,PUBLIC_INFRASTRUCTURE,5
processed/images/TREES_ENVIRONMENT/trees_environment_1277.jpg,trees_environment_1277.jpg,TREES_ENVIRONMENT,4
processed/images/STREET_LIGHTING/street_lighting_0650.jpg,street_lighting_0650.jpg,STREET_LIGHTING,1
processed/images/PUBLIC_INFRASTRUCTURE/public_infrastructure_1332.jpg,public_infrastructure_1332.jpg,PUBLIC_INFRASTRUCTURE,5
processed/images/TREES_ENVIRONMENT/trees_environment_0162.jpg,trees_environment_0162.jpg,TREES_ENVIRONMENT,4
processed/images/WASTE_MANAGEMENT/waste_management_0820.jpg,waste_management_0820.jpg,WASTE_MANAGEMENT,3
processed/images/PUBLIC_INFRASTRUCTURE/public_infrastructure_0851.jpg,public_infrastructure_0851.jpg,PUBLIC_INFRASTRUCTURE,5
processed/images/STREET_LIGHTING/street_lighting_0784.jpg,street_lighting_0784.jpg,STREET_LIGHTING,1
processed/images/TREES_ENVIRONMENT/trees_environment_0448.jpg,trees_environment_0448.jpg,TREES_ENVIRONMENT,4
processed/images/TREES_ENVIRONMENT/trees_environment_1306.jpg,trees_environment_1306.jpg,TREES_ENVIRONMENT,4
processed/images/WATER_DRAINAGE/water_drainage_0091.jpg,water_drainage_0091.jpg,WATER_DRAINAGE,2
processed/images/STREET_LIGHTING/street_lighting_0646.jpg,street_lighting_0646.jpg,STREET_LIGHTING,1
processed/images/STREET_LIGHTING/street_lighting_0121.jpg,street_lighting_0121.jpg,STREET_LIGHTING,1
processed/images/ROADS/roads_0623.jpg,roads_0623.jpg,ROADS,0
processed/images/WASTE_MANAGEMENT/waste_management_0495.jpg,waste_management_0495.jpg,WASTE_MANAGEMENT,3
processed/images/STREET_LIGHTING/street_lighting_0555.jpg,street_lighting_0555.jpg,STREET_LIGHTING,1
processed/images/PUBLIC_INFRASTRUCTURE/public_infrastructure_0126.jpg,public_infrastructure_0126.jpg,PUBLIC_INFRASTRUCTURE,5
processed/images/TREES_ENVIRONMENT/trees_environment_0454.jpg,trees_environment_0454.jpg,TREES_ENVIRONMENT,4
processed/images/ROADS/roads_1848.png,roads_1848.png,ROADS,0
processed/images/PUBLIC_INFRASTRUCTURE/public_infrastructure_0495.jpg,public_infrastructure_0495.jpg,PUBLIC_INFRASTRUCTURE,5
processed/images/ROADS/roads_0250.jpg,roads_0250.jpg,ROADS,0
processed/images/STREET_LIGHTING/street_lighting_0684.jpg,street_lighting_0684.jpg,STREET_LIGHTING,1
processed/images/TREES_ENVIRONMENT/trees_environment_1075.jpg,trees_environment_1075.jpg,TREES_ENVIRONMENT,4
processed/images/PUBLIC_INFRASTRUCTURE/public_infrastructure_0114.jpg,public_infrastructure_0114.jpg,PUBLIC_INFRASTRUCTURE,5
processed/images/ROADS/roads_0488.jpg,roads_0488.jpg,ROADS,0
processed/images/TREES_ENVIRONMENT/trees_environment_1286.jpg,trees_environment_1286.jpg,TREES_ENVIRONMENT,4
processed/images/STREET_LIGHTING/street_lighting_0891.jpg,street_lighting_0891.jpg,STREET_LIGHTING,1
processed/images/PUBLIC_INFRASTRUCTURE/public_infrastructure_1394.jpg,public_infrastructure_1394.jpg,PUBLIC_INFRASTRUCTURE,5
processed/images/STREET_LIGHTING/street_lighting_1020.jpg,street_lighting_1020.jpg,STREET_LIGHTING,1
processed/images/STREET_LIGHTING/street_lighting_0445.jpg,street_lighting_0445.jpg,STREET_LIGHTING,1
processed/images/STREET_LIGHTING/street_lighting_0492.jpg,street_lighting_0492.jpg,STREET_LIGHTING,1
processed/images/ROADS/roads_1524.png,roads_1524.png,ROADS,0
processed/images/ROADS/roads_1893.png,roads_1893.png,ROADS,0
processed/images/ROADS/roads_1674.png,roads_1674.png,ROADS,0
processed/images/PUBLIC_INFRASTRUCTURE/public_infrastructure_1081.jpg,public_infrastructure_1081.jpg,PUBLIC_INFRASTRUCTURE,5
processed/images/TREES_ENVIRONMENT/trees_environment_0394.jpg,trees_environment_0394.jpg,TREES_ENVIRONMENT,4
processed/images/STREET_LIGHTING/street_lighting_0503.jpg,street_lighting_0503.jpg,STREET_LIGHTING,1
processed/images/PUBLIC_INFRASTRUCTURE/public_infrastructure_0575.jpg,public_infrastructure_0575.jpg,PUBLIC_INFRASTRUCTURE,5
processed/images/PUBLIC_INFRASTRUCTURE/public_infrastructure_1089.jpg,public_infrastructure_1089.jpg,PUBLIC_INFRASTRUCTURE,5
processed/images/ROADS/roads_1157.jpg,roads_1157.jpg,ROADS,0
processed/images/STREET_LIGHTING/street_lighting_1003.jpg,street_lighting_1003.jpg,STREET_LIGHTING,1
processed/images/ROADS/roads_0846.jpg,roads_0846.jpg,ROADS,0
processed/images/STREET_LIGHTING/street_lighting_0239.jpg,street_lighting_0239.jpg,STREET_LIGHTING,1
processed/images/ROADS/roads_1686.png,roads_1686.png,ROADS,0
processed/images/PUBLIC_INFRASTRUCTURE/public_infrastructure_1293.jpg,public_infrastructure_1293.jpg,PUBLIC_INFRASTRUCTURE,5
processed/images/TREES_ENVIRONMENT/trees_environment_0224.jpg,trees_environment_0224.jpg,TREES_ENVIRONMENT,4
processed/images/WASTE_MANAGEMENT/waste_management_0011.jpg,waste_management_0011.jpg,WASTE_MANAGEMENT,3
processed/images/TREES_ENVIRONMENT/trees_environment_0322.jpg,trees_environment_0322.jpg,TREES_ENVIRONMENT,4
processed/images/WASTE_MANAGEMENT/waste_management_0014.jpg,waste_management_0014.jpg,WASTE_MANAGEMENT,3
processed/images/WASTE_MANAGEMENT/waste_management_0616.jpg,waste_management_0616.jpg,WASTE_MANAGEMENT,3
processed/images/TREES_ENVIRONMENT/trees_environment_1601.jpg,trees_environment_1601.jpg,TREES_ENVIRONMENT,4
processed/images/TREES_ENVIRONMENT/trees_environment_1361.jpg,trees_environment_1361.jpg,TREES_ENVIRONMENT,4
processed/images/WASTE_MANAGEMENT/waste_management_0032.jpg,waste_management_0032.jpg,WASTE_MANAGEMENT,3
processed/images/ROADS/roads_0265.jpg,roads_0265.jpg,ROADS,0
processed/images/PUBLIC_INFRASTRUCTURE/public_infrastructure_0094.jpg,public_infrastructure_0094.jpg,PUBLIC_INFRASTRUCTURE,5
processed/images/WASTE_MANAGEMENT/waste_management_0500.jpg,waste_management_0500.jpg,WASTE_MANAGEMENT,3
processed/images/TREES_ENVIRONMENT/trees_environment_1351.jpg,trees_environment_1351.jpg,TREES_ENVIRONMENT,4
processed/images/ROADS/roads_1164.jpg,roads_1164.jpg,ROADS,0
processed/images/ROADS/roads_0472.jpg,roads_0472.jpg,ROADS,0
processed/images/ROADS/roads_1625.png,roads_1625.png,ROADS,0
processed/images/TREES_ENVIRONMENT/trees_environment_0041.jpg,trees_environment_0041.jpg,TREES_ENVIRONMENT,4
processed/images/WATER_DRAINAGE/water_drainage_0179.jpg,water_drainage_0179.jpg,WATER_DRAINAGE,2
processed/images/TREES_ENVIRONMENT/trees_environment_1340.jpg,trees_environment_1340.jpg,TREES_ENVIRONMENT,4
processed/images/STREET_LIGHTING/street_lighting_0067.jpg,street_lighting_0067.jpg,STREET_LIGHTING,1
processed/images/WASTE_MANAGEMENT/waste_management_0026.jpg,waste_management_0026.jpg,WASTE_MANAGEMENT,3
processed/images/ROADS/roads_0929.jpg,roads_0929.jpg,ROADS,0
processed/images/ROADS/roads_0834.jpg,roads_0834.jpg,ROADS,0
processed/images/WASTE_MANAGEMENT/waste_management_0789.jpg,waste_management_0789.jpg,WASTE_MANAGEMENT,3
processed/images/WASTE_MANAGEMENT/waste_management_0040.jpg,waste_management_0040.jpg,WASTE_MANAGEMENT,3
processed/images/ROADS/roads_0658.jpg,roads_0658.jpg,ROADS,0
processed/images/PUBLIC_INFRASTRUCTURE/public_infrastructure_1354.jpg,public_infrastructure_1354.jpg,PUBLIC_INFRASTRUCTURE,5
processed/images/TREES_ENVIRONMENT/trees_environment_0368.jpg,trees_environment_0368.jpg,TREES_ENVIRONMENT,4
processed/images/TREES_ENVIRONMENT/trees_environment_1442.jpg,trees_environment_1442.jpg,TREES_ENVIRONMENT,4
processed/images/WASTE_MANAGEMENT/waste_management_0793.jpg,waste_management_0793.jpg,WASTE_MANAGEMENT,3
processed/images/TREES_ENVIRONMENT/trees_environment_0124.jpg,trees_environment_0124.jpg,TREES_ENVIRONMENT,4
processed/images/ROADS/roads_0327.jpg,roads_0327.jpg,ROADS,0
processed/images/PUBLIC_INFRASTRUCTURE/public_infrastructure_0141.jpg,public_infrastructure_0141.jpg,PUBLIC_INFRASTRUCTURE,5
processed/images/PUBLIC_INFRASTRUCTURE/public_infrastructure_1224.jpg,public_infrastructure_1224.jpg,PUBLIC_INFRASTRUCTURE,5
processed/images/TREES_ENVIRONMENT/trees_environment_0961.jpg,trees_environment_0961.jpg,TREES_ENVIRONMENT,4
processed/images/PUBLIC_INFRASTRUCTURE/public_infrastructure_0540.jpg,public_infrastructure_0540.jpg,PUBLIC_INFRASTRUCTURE,5
processed/images/WASTE_MANAGEMENT/waste_management_0265.jpg,waste_management_0265.jpg,WASTE_MANAGEMENT,3
processed/images/WATER_DRAINAGE/water_drainage_0270.jpg,water_drainage_0270.jpg,WATER_DRAINAGE,2
processed/images/ROADS/roads_1032.jpg,roads_1032.jpg,ROADS,0
processed/images/PUBLIC_INFRASTRUCTURE/public_infrastructure_0443.jpg,public_infrastructure_0443.jpg,PUBLIC_INFRASTRUCTURE,5
processed/images/PUBLIC_INFRASTRUCTURE/public_infrastructure_0885.jpg,public_infrastructure_0885.jpg,PUBLIC_INFRASTRUCTURE,5
processed/images/WATER_DRAINAGE/water_drainage_0423.jpg,water_drainage_0423.jpg,WATER_DRAINAGE,2
processed/images/STREET_LIGHTING/street_lighting_0800.jpg,street_lighting_0800.jpg,STREET_LIGHTING,1
processed/images/ROADS/roads_1152.jpg,roads_1152.jpg,ROADS,0
processed/images/ROADS/roads_1761.png,roads_1761.png,ROADS,0
processed/images/ROADS/roads_1111.jpg,roads_1111.jpg,ROADS,0
processed/images/PUBLIC_INFRASTRUCTURE/public_infrastructure_0070.jpg,public_infrastructure_0070.jpg,PUBLIC_INFRASTRUCTURE,5
processed/images/PUBLIC_INFRASTRUCTURE/public_infrastructure_1302.jpg,public_infrastructure_1302.jpg,PUBLIC_INFRASTRUCTURE,5
processed/images/ROADS/roads_1892.png,roads_1892.png,ROADS,0
processed/images/ROADS/roads_1178.jpg,roads_1178.jpg,ROADS,0
processed/images/STREET_LIGHTING/street_lighting_0066.jpg,street_lighting_0066.jpg,STREET_LIGHTING,1
processed/images/TREES_ENVIRONMENT/trees_environment_0152.jpg,trees_environment_0152.jpg,TREES_ENVIRONMENT,4
processed/images/ROADS/roads_1890.png,roads_1890.png,ROADS,0
processed/images/ROADS/roads_0598.jpg,roads_0598.jpg,ROADS,0
processed/images/STREET_LIGHTING/street_lighting_1049.jpg,street_lighting_1049.jpg,STREET_LIGHTING,1
processed/images/ROADS/roads_1687.png,roads_1687.png,ROADS,0
processed/images/PUBLIC_INFRASTRUCTURE/public_infrastructure_1360.jpg,public_infrastructure_1360.jpg,PUBLIC_INFRASTRUCTURE,5
processed/images/PUBLIC_INFRASTRUCTURE/public_infrastructure_0570.jpg,public_infrastructure_0570.jpg,PUBLIC_INFRASTRUCTURE,5
processed/images/PUBLIC_INFRASTRUCTURE/public_infrastructure_0328.jpg,public_infrastructure_0328.jpg,PUBLIC_INFRASTRUCTURE,5
processed/images/TREES_ENVIRONMENT/trees_environment_0995.jpg,trees_environment_0995.jpg,TREES_ENVIRONMENT,4
processed/images/PUBLIC_INFRASTRUCTURE/public_infrastructure_1211.jpg,public_infrastructure_1211.jpg,PUBLIC_INFRASTRUCTURE,5
processed/images/STREET_LIGHTING/street_lighting_0283.jpg,street_lighting_0283.jpg,STREET_LIGHTING,1
processed/images/WASTE_MANAGEMENT/waste_management_0016.jpg,waste_management_0016.jpg,WASTE_MANAGEMENT,3
processed/images/TREES_ENVIRONMENT/trees_environment_1035.jpg,trees_environment_1035.jpg,TREES_ENVIRONMENT,4
processed/images/TREES_ENVIRONMENT/trees_environment_0795.jpg,trees_environment_0795.jpg,TREES_ENVIRONMENT,4
processed/images/WATER_DRAINAGE/water_drainage_0122.jpg,water_drainage_0122.jpg,WATER_DRAINAGE,2
processed/images/TREES_ENVIRONMENT/trees_environment_0891.jpg,trees_environment_0891.jpg,TREES_ENVIRONMENT,4
processed/images/TREES_ENVIRONMENT/trees_environment_0410.jpg,trees_environment_0410.jpg,TREES_ENVIRONMENT,4
processed/images/WASTE_MANAGEMENT/waste_management_0198.jpg,waste_management_0198.jpg,WASTE_MANAGEMENT,3
processed/images/STREET_LIGHTING/street_lighting_0273.jpg,street_lighting_0273.jpg,STREET_LIGHTING,1
processed/images/WASTE_MANAGEMENT/waste_management_0706.jpg,waste_management_0706.jpg,WASTE_MANAGEMENT,3
processed/images/TREES_ENVIRONMENT/trees_environment_0787.jpg,trees_environment_0787.jpg,TREES_ENVIRONMENT,4
processed/images/TREES_ENVIRONMENT/trees_environment_0344.jpg,trees_environment_0344.jpg,TREES_ENVIRONMENT,4
processed/images/PUBLIC_INFRASTRUCTURE/public_infrastructure_0950.jpg,public_infrastructure_0950.jpg,PUBLIC_INFRASTRUCTURE,5
processed/images/ROADS/roads_0121.jpg,roads_0121.jpg,ROADS,0
processed/images/PUBLIC_INFRASTRUCTURE/public_infrastructure_0445.jpg,public_infrastructure_0445.jpg,PUBLIC_INFRASTRUCTURE,5
processed/images/STREET_LIGHTING/street_lighting_1103.jpg,street_lighting_1103.jpg,STREET_LIGHTING,1
processed/images/ROADS/roads_0903.jpg,roads_0903.jpg,ROADS,0
processed/images/WASTE_MANAGEMENT/waste_management_0443.jpg,waste_management_0443.jpg,WASTE_MANAGEMENT,3
processed/images/PUBLIC_INFRASTRUCTURE/public_infrastructure_0998.jpg,public_infrastructure_0998.jpg,PUBLIC_INFRASTRUCTURE,5
processed/images/STREET_LIGHTING/street_lighting_0823.jpg,street_lighting_0823.jpg,STREET_LIGHTING,1
processed/images/STREET_LIGHTING/street_lighting_1108.jpg,street_lighting_1108.jpg,STREET_LIGHTING,1
processed/images/WASTE_MANAGEMENT/waste_management_0350.jpg,waste_management_0350.jpg,WASTE_MANAGEMENT,3
processed/images/WATER_DRAINAGE/water_drainage_0205.jpg,water_drainage_0205.jpg,WATER_DRAINAGE,2
processed/images/PUBLIC_INFRASTRUCTURE/public_infrastructure_1489.jpg,public_infrastructure_1489.jpg,PUBLIC_INFRASTRUCTURE,5
processed/images/PUBLIC_INFRASTRUCTURE/public_infrastructure_0334.jpg,public_infrastructure_0334.jpg,PUBLIC_INFRASTRUCTURE,5
processed/images/PUBLIC_INFRASTRUCTURE/public_infrastructure_0894.jpg,public_infrastructure_0894.jpg,PUBLIC_INFRASTRUCTURE,5
processed/images/PUBLIC_INFRASTRUCTURE/public_infrastructure_0420.jpg,public_infrastructure_0420.jpg,PUBLIC_INFRASTRUCTURE,5
processed/images/PUBLIC_INFRASTRUCTURE/public_infrastructure_1462.jpg,public_infrastructure_1462.jpg,PUBLIC_INFRASTRUCTURE,5
processed/images/ROADS/roads_1870.png,roads_1870.png,ROADS,0
processed/images/ROADS/roads_1011.jpg,roads_1011.jpg,ROADS,0
processed/images/ROADS/roads_1021.jpg,roads_1021.jpg,ROADS,0
processed/images/STREET_LIGHTING/street_lighting_0043.jpg,street_lighting_0043.jpg,STREET_LIGHTING,1
processed/images/STREET_LIGHTING/street_lighting_0756.jpg,street_lighting_0756.jpg,STREET_LIGHTING,1
processed/images/TREES_ENVIRONMENT/trees_environment_0773.jpg,trees_environment_0773.jpg,TREES_ENVIRONMENT,4
processed/images/ROADS/roads_1287.png,roads_1287.png,ROADS,0
processed/images/ROADS/roads_0629.jpg,roads_0629.jpg,ROADS,0
processed/images/STREET_LIGHTING/street_lighting_0845.jpg,street_lighting_0845.jpg,STREET_LIGHTING,1
processed/images/ROADS/roads_0531.jpg,roads_0531.jpg,ROADS,0
processed/images/WASTE_MANAGEMENT/waste_management_0240.jpg,waste_management_0240.jpg,WASTE_MANAGEMENT,3
processed/images/TREES_ENVIRONMENT/trees_environment_1155.jpg,trees_environment_1155.jpg,TREES_ENVIRONMENT,4
processed/images/ROADS/roads_1601.png,roads_1601.png,ROADS,0
processed/images/ROADS/roads_1060.jpg,roads_1060.jpg,ROADS,0
processed/images/WATER_DRAINAGE/water_drainage_0300.jpg,water_drainage_0300.jpg,WATER_DRAINAGE,2
processed/images/ROADS/roads_1584.png,roads_1584.png,ROADS,0
processed/images/ROADS/roads_1814.png,roads_1814.png,ROADS,0
processed/images/WASTE_MANAGEMENT/waste_management_0451.jpg,waste_management_0451.jpg,WASTE_MANAGEMENT,3
processed/images/PUBLIC_INFRASTRUCTURE/public_infrastructure_0091.jpg,public_infrastructure_0091.jpg,PUBLIC_INFRASTRUCTURE,5
processed/images/TREES_ENVIRONMENT/trees_environment_0215.jpg,trees_environment_0215.jpg,TREES_ENVIRONMENT,4
processed/images/PUBLIC_INFRASTRUCTURE/public_infrastructure_0786.jpg,public_infrastructure_0786.jpg,PUBLIC_INFRASTRUCTURE,5
processed/images/WASTE_MANAGEMENT/waste_management_0428.jpg,waste_management_0428.jpg,WASTE_MANAGEMENT,3
processed/images/PUBLIC_INFRASTRUCTURE/public_infrastructure_1447.jpg,public_infrastructure_1447.jpg,PUBLIC_INFRASTRUCTURE,5
processed/images/STREET_LIGHTING/street_lighting_0298.jpg,street_lighting_0298.jpg,STREET_LIGHTING,1
processed/images/ROADS/roads_0654.jpg,roads_0654.jpg,ROADS,0
processed/images/PUBLIC_INFRASTRUCTURE/public_infrastructure_0989.jpg,public_infrastructure_0989.jpg,PUBLIC_INFRASTRUCTURE,5
processed/images/PUBLIC_INFRASTRUCTURE/public_infrastructure_1437.jpg,public_infrastructure_1437.jpg,PUBLIC_INFRASTRUCTURE,5
processed/images/STREET_LIGHTING/street_lighting_0016.jpg,street_lighting_0016.jpg,STREET_LIGHTING,1
processed/images/ROADS/roads_1458.png,roads_1458.png,ROADS,0
processed/images/STREET_LIGHTING/street_lighting_0888.jpg,street_lighting_0888.jpg,STREET_LIGHTING,1
processed/images/WATER_DRAINAGE/water_drainage_0144.jpg,water_drainage_0144.jpg,WATER_DRAINAGE,2
processed/images/ROADS/roads_0875.jpg,roads_0875.jpg,ROADS,0
processed/images/PUBLIC_INFRASTRUCTURE/public_infrastructure_0216.jpg,public_infrastructure_0216.jpg,PUBLIC_INFRASTRUCTURE,5
processed/images/TREES_ENVIRONMENT/trees_environment_1411.jpg,trees_environment_1411.jpg,TREES_ENVIRONMENT,4
processed/images/WASTE_MANAGEMENT/waste_management_0293.jpg,waste_management_0293.jpg,WASTE_MANAGEMENT,3
processed/images/STREET_LIGHTING/street_lighting_0473.jpg,street_lighting_0473.jpg,STREET_LIGHTING,1
processed/images/PUBLIC_INFRASTRUCTURE/public_infrastructure_0175.jpg,public_infrastructure_0175.jpg,PUBLIC_INFRASTRUCTURE,5
processed/images/PUBLIC_INFRASTRUCTURE/public_infrastructure_0496.jpg,public_infrastructure_0496.jpg,PUBLIC_INFRASTRUCTURE,5
processed/images/WASTE_MANAGEMENT/waste_management_0739.jpg,waste_management_0739.jpg,WASTE_MANAGEMENT,3
processed/images/ROADS/roads_1124.jpg,roads_1124.jpg,ROADS,0
processed/images/STREET_LIGHTING/street_lighting_1102.jpg,street_lighting_1102.jpg,STREET_LIGHTING,1
processed/images/TREES_ENVIRONMENT/trees_environment_0784.jpg,trees_environment_0784.jpg,TREES_ENVIRONMENT,4
processed/images/PUBLIC_INFRASTRUCTURE/public_infrastructure_1488.jpg,public_infrastructure_1488.jpg,PUBLIC_INFRASTRUCTURE,5
processed/images/STREET_LIGHTING/street_lighting_0400.jpg,street_lighting_0400.jpg,STREET_LIGHTING,1
processed/images/TREES_ENVIRONMENT/trees_environment_0311.jpg,trees_environment_0311.jpg,TREES_ENVIRONMENT,4
processed/images/PUBLIC_INFRASTRUCTURE/public_infrastructure_1135.jpg,public_infrastructure_1135.jpg,PUBLIC_INFRASTRUCTURE,5
processed/images/WASTE_MANAGEMENT/waste_management_0166.jpg,waste_management_0166.jpg,WASTE_MANAGEMENT,3
processed/images/ROADS/roads_1704.png,roads_1704.png,ROADS,0
processed/images/PUBLIC_INFRASTRUCTURE/public_infrastructure_1396.jpg,public_infrastructure_1396.jpg,PUBLIC_INFRASTRUCTURE,5
processed/images/TREES_ENVIRONMENT/trees_environment_0216.jpg,trees_environment_0216.jpg,TREES_ENVIRONMENT,4
processed/images/PUBLIC_INFRASTRUCTURE/public_infrastructure_0337.jpg,public_infrastructure_0337.jpg,PUBLIC_INFRASTRUCTURE,5
processed/images/TREES_ENVIRONMENT/trees_environment_1040.jpg,trees_environment_1040.jpg,TREES_ENVIRONMENT,4
processed/images/STREET_LIGHTING/street_lighting_1016.jpg,street_lighting_1016.jpg,STREET_LIGHTING,1
processed/images/WASTE_MANAGEMENT/waste_management_0860.jpg,waste_management_0860.jpg,WASTE_MANAGEMENT,3
processed/images/WASTE_MANAGEMENT/waste_management_0476.jpg,waste_management_0476.jpg,WASTE_MANAGEMENT,3
processed/images/PUBLIC_INFRASTRUCTURE/public_infrastructure_0377.jpg,public_infrastructure_0377.jpg,PUBLIC_INFRASTRUCTURE,5
processed/images/WASTE_MANAGEMENT/waste_management_0746.jpg,waste_management_0746.jpg,WASTE_MANAGEMENT,3
processed/images/TREES_ENVIRONMENT/trees_environment_1255.jpg,trees_environment_1255.jpg,TREES_ENVIRONMENT,4
processed/images/PUBLIC_INFRASTRUCTURE/public_infrastructure_1340.jpg,public_infrastructure_1340.jpg,PUBLIC_INFRASTRUCTURE,5
processed/images/PUBLIC_INFRASTRUCTURE/public_infrastructure_1417.jpg,public_infrastructure_1417.jpg,PUBLIC_INFRASTRUCTURE,5
processed/images/ROADS/roads_1408.png,roads_1408.png,ROADS,0
processed/images/STREET_LIGHTING/street_lighting_0880.jpg,street_lighting_0880.jpg,STREET_LIGHTING,1
processed/images/ROADS/roads_0778.jpg,roads_0778.jpg,ROADS,0
processed/images/STREET_LIGHTING/street_lighting_0746.jpg,street_lighting_0746.jpg,STREET_LIGHTING,1
processed/images/ROADS/roads_1574.png,roads_1574.png,ROADS,0
processed/images/STREET_LIGHTING/street_lighting_0642.jpg,street_lighting_0642.jpg,STREET_LIGHTING,1
processed/images/WASTE_MANAGEMENT/waste_management_0697.jpg,waste_management_0697.jpg,WASTE_MANAGEMENT,3
processed/images/TREES_ENVIRONMENT/trees_environment_1355.jpg,trees_environment_1355.jpg,TREES_ENVIRONMENT,4
processed/images/PUBLIC_INFRASTRUCTURE/public_infrastructure_0701.jpg,public_infrastructure_0701.jpg,PUBLIC_INFRASTRUCTURE,5
processed/images/WASTE_MANAGEMENT/waste_management_0104.jpg,waste_management_0104.jpg,WASTE_MANAGEMENT,3
processed/images/ROADS/roads_0529.jpg,roads_0529.jpg,ROADS,0
processed/images/ROADS/roads_1617.png,roads_1617.png,ROADS,0
processed/images/TREES_ENVIRONMENT/trees_environment_1068.jpg,trees_environment_1068.jpg,TREES_ENVIRONMENT,4
processed/images/WASTE_MANAGEMENT/waste_management_0693.jpg,waste_management_0693.jpg,WASTE_MANAGEMENT,3
processed/images/ROADS/roads_1869.png,roads_1869.png,ROADS,0
processed/images/PUBLIC_INFRASTRUCTURE/public_infrastructure_0729.jpg,public_infrastructure_0729.jpg,PUBLIC_INFRASTRUCTURE,5
processed/images/STREET_LIGHTING/street_lighting_0434.jpg,street_lighting_0434.jpg,STREET_LIGHTING,1
processed/images/ROADS/roads_0433.jpg,roads_0433.jpg,ROADS,0
processed/images/WASTE_MANAGEMENT/waste_management_0639.jpg,waste_management_0639.jpg,WASTE_MANAGEMENT,3
processed/images/PUBLIC_INFRASTRUCTURE/public_infrastructure_0568.jpg,public_infrastructure_0568.jpg,PUBLIC_INFRASTRUCTURE,5
processed/images/STREET_LIGHTING/street_lighting_0406.jpg,street_lighting_0406.jpg,STREET_LIGHTING,1
processed/images/STREET_LIGHTING/street_lighting_0635.jpg,street_lighting_0635.jpg,STREET_LIGHTING,1
processed/images/TREES_ENVIRONMENT/trees_environment_1611.jpg,trees_environment_1611.jpg,TREES_ENVIRONMENT,4
processed/images/TREES_ENVIRONMENT/trees_environment_0136.jpg,trees_environment_0136.jpg,TREES_ENVIRONMENT,4
processed/images/TREES_ENVIRONMENT/trees_environment_0954.jpg,trees_environment_0954.jpg,TREES_ENVIRONMENT,4
processed/images/ROADS/roads_0429.jpg,roads_0429.jpg,ROADS,0
processed/images/TREES_ENVIRONMENT/trees_environment_1117.jpg,trees_environment_1117.jpg,TREES_ENVIRONMENT,4
processed/images/TREES_ENVIRONMENT/trees_environment_0270.jpg,trees_environment_0270.jpg,TREES_ENVIRONMENT,4
processed/images/STREET_LIGHTING/street_lighting_0449.jpg,street_lighting_0449.jpg,STREET_LIGHTING,1
processed/images/WASTE_MANAGEMENT/waste_management_0009.jpg,waste_management_0009.jpg,WASTE_MANAGEMENT,3
processed/images/TREES_ENVIRONMENT/trees_environment_1473.jpg,trees_environment_1473.jpg,TREES_ENVIRONMENT,4
processed/images/ROADS/roads_1079.jpg,roads_1079.jpg,ROADS,0
processed/images/TREES_ENVIRONMENT/trees_environment_1175.jpg,trees_environment_1175.jpg,TREES_ENVIRONMENT,4
processed/images/ROADS/roads_1431.png,roads_1431.png,ROADS,0
processed/images/TREES_ENVIRONMENT/trees_environment_1250.jpg,trees_environment_1250.jpg,TREES_ENVIRONMENT,4
processed/images/ROADS/roads_0769.jpg,roads_0769.jpg,ROADS,0
processed/images/WATER_DRAINAGE/water_drainage_0079.jpg,water_drainage_0079.jpg,WATER_DRAINAGE,2
processed/images/ROADS/roads_0724.jpg,roads_0724.jpg,ROADS,0
processed/images/ROADS/roads_1415.png,roads_1415.png,ROADS,0
processed/images/TREES_ENVIRONMENT/trees_environment_0904.jpg,trees_environment_0904.jpg,TREES_ENVIRONMENT,4
processed/images/ROADS/roads_1258.jpg,roads_1258.jpg,ROADS,0
processed/images/TREES_ENVIRONMENT/trees_environment_0652.jpg,trees_environment_0652.jpg,TREES_ENVIRONMENT,4
processed/images/PUBLIC_INFRASTRUCTURE/public_infrastructure_1337.jpg,public_infrastructure_1337.jpg,PUBLIC_INFRASTRUCTURE,5
processed/images/WASTE_MANAGEMENT/waste_management_0902.jpg,waste_management_0902.jpg,WASTE_MANAGEMENT,3
processed/images/ROADS/roads_0563.jpg,roads_0563.jpg,ROADS,0
processed/images/WASTE_MANAGEMENT/waste_management_0251.jpg,waste_management_0251.jpg,WASTE_MANAGEMENT,3
processed/images/ROADS/roads_0573.jpg,roads_0573.jpg,ROADS,0
processed/images/PUBLIC_INFRASTRUCTURE/public_infrastructure_0655.jpg,public_infrastructure_0655.jpg,PUBLIC_INFRASTRUCTURE,5
processed/images/WATER_DRAINAGE/water_drainage_0266.jpg,water_drainage_0266.jpg,WATER_DRAINAGE,2
processed/images/TREES_ENVIRONMENT/trees_environment_1317.jpg,trees_environment_1317.jpg,TREES_ENVIRONMENT,4
processed/images/PUBLIC_INFRASTRUCTURE/public_infrastructure_0959.jpg,public_infrastructure_0959.jpg,PUBLIC_INFRASTRUCTURE,5
processed/images/ROADS/roads_0911.jpg,roads_0911.jpg,ROADS,0
processed/images/PUBLIC_INFRASTRUCTURE/public_infrastructure_0019.jpg,public_infrastructure_0019.jpg,PUBLIC_INFRASTRUCTURE,5
processed/images/WASTE_MANAGEMENT/waste_management_0524.jpg,waste_management_0524.jpg,WASTE_MANAGEMENT,3
processed/images/PUBLIC_INFRASTRUCTURE/public_infrastructure_0765.jpg,public_infrastructure_0765.jpg,PUBLIC_INFRASTRUCTURE,5
processed/images/WASTE_MANAGEMENT/waste_management_0354.jpg,waste_management_0354.jpg,WASTE_MANAGEMENT,3
processed/images/TREES_ENVIRONMENT/trees_environment_0134.jpg,trees_environment_0134.jpg,TREES_ENVIRONMENT,4
processed/images/ROADS/roads_1277.png,roads_1277.png,ROADS,0
processed/images/TREES_ENVIRONMENT/trees_environment_1534.jpg,trees_environment_1534.jpg,TREES_ENVIRONMENT,4
processed/images/PUBLIC_INFRASTRUCTURE/public_infrastructure_0811.jpg,public_infrastructure_0811.jpg,PUBLIC_INFRASTRUCTURE,5
processed/images/ROADS/roads_1233.jpg,roads_1233.jpg,ROADS,0
processed/images/STREET_LIGHTING/street_lighting_0289.jpg,street_lighting_0289.jpg,STREET_LIGHTING,1
processed/images/PUBLIC_INFRASTRUCTURE/public_infrastructure_1070.jpg,public_infrastructure_1070.jpg,PUBLIC_INFRASTRUCTURE,5
processed/images/ROADS/roads_0706.jpg,roads_0706.jpg,ROADS,0
processed/images/WASTE_MANAGEMENT/waste_management_0145.jpg,waste_management_0145.jpg,WASTE_MANAGEMENT,3
processed/images/WASTE_MANAGEMENT/waste_management_0310.jpg,waste_management_0310.jpg,WASTE_MANAGEMENT,3
processed/images/PUBLIC_INFRASTRUCTURE/public_infrastructure_1133.jpg,public_infrastructure_1133.jpg,PUBLIC_INFRASTRUCTURE,5
processed/images/ROADS/roads_1053.jpg,roads_1053.jpg,ROADS,0
processed/images/TREES_ENVIRONMENT/trees_environment_1434.jpg,trees_environment_1434.jpg,TREES_ENVIRONMENT,4
processed/images/TREES_ENVIRONMENT/trees_environment_0711.jpg,trees_environment_0711.jpg,TREES_ENVIRONMENT,4
processed/images/PUBLIC_INFRASTRUCTURE/public_infrastructure_0588.jpg,public_infrastructure_0588.jpg,PUBLIC_INFRASTRUCTURE,5
processed/images/PUBLIC_INFRASTRUCTURE/public_infrastructure_0988.jpg,public_infrastructure_0988.jpg,PUBLIC_INFRASTRUCTURE,5
processed/images/TREES_ENVIRONMENT/trees_environment_0192.jpg,trees_environment_0192.jpg,TREES_ENVIRONMENT,4
processed/images/WASTE_MANAGEMENT/waste_management_0733.jpg,waste_management_0733.jpg,WASTE_MANAGEMENT,3
processed/images/PUBLIC_INFRASTRUCTURE/public_infrastructure_0266.jpg,public_infrastructure_0266.jpg,PUBLIC_INFRASTRUCTURE,5
processed/images/TREES_ENVIRONMENT/trees_environment_1371.jpg,trees_environment_1371.jpg,TREES_ENVIRONMENT,4
processed/images/STREET_LIGHTING/street_lighting_0671.jpg,street_lighting_0671.jpg,STREET_LIGHTING,1
processed/images/ROADS/roads_1729.png,roads_1729.png,ROADS,0
processed/images/ROADS/roads_1001.jpg,roads_1001.jpg,ROADS,0
processed/images/PUBLIC_INFRASTRUCTURE/public_infrastructure_0093.jpg,public_infrastructure_0093.jpg,PUBLIC_INFRASTRUCTURE,5
processed/images/STREET_LIGHTING/street_lighting_0231.jpg,street_lighting_0231.jpg,STREET_LIGHTING,1
processed/images/STREET_LIGHTING/street_lighting_0259.jpg,street_lighting_0259.jpg,STREET_LIGHTING,1
processed/images/ROADS/roads_0838.jpg,roads_0838.jpg,ROADS,0
processed/images/ROADS/roads_1651.png,roads_1651.png,ROADS,0
processed/images/TREES_ENVIRONMENT/trees_environment_1625.jpg,trees_environment_1625.jpg,TREES_ENVIRONMENT,4
processed/images/TREES_ENVIRONMENT/trees_environment_1313.jpg,trees_environment_1313.jpg,TREES_ENVIRONMENT,4
processed/images/WASTE_MANAGEMENT/waste_management_0337.jpg,waste_management_0337.jpg,WASTE_MANAGEMENT,3
processed/images/ROADS/roads_1855.png,roads_1855.png,ROADS,0
processed/images/WASTE_MANAGEMENT/waste_management_0497.jpg,waste_management_0497.jpg,WASTE_MANAGEMENT,3
processed/images/PUBLIC_INFRASTRUCTURE/public_infrastructure_0454.jpg,public_infrastructure_0454.jpg,PUBLIC_INFRASTRUCTURE,5
processed/images/TREES_ENVIRONMENT/trees_environment_0845.jpg,trees_environment_0845.jpg,TREES_ENVIRONMENT,4
processed/images/PUBLIC_INFRASTRUCTURE/public_infrastructure_0505.jpg,public_infrastructure_0505.jpg,PUBLIC_INFRASTRUCTURE,5
processed/images/STREET_LIGHTING/street_lighting_0799.jpg,street_lighting_0799.jpg,STREET_LIGHTING,1
processed/images/PUBLIC_INFRASTRUCTURE/public_infrastructure_0462.jpg,public_infrastructure_0462.jpg,PUBLIC_INFRASTRUCTURE,5
processed/images/ROADS/roads_1024.jpg,roads_1024.jpg,ROADS,0
processed/images/PUBLIC_INFRASTRUCTURE/public_infrastructure_1445.jpg,public_infrastructure_1445.jpg,PUBLIC_INFRASTRUCTURE,5
processed/images/TREES_ENVIRONMENT/trees_environment_0297.jpg,trees_environment_0297.jpg,TREES_ENVIRONMENT,4
processed/images/ROADS/roads_0127.jpg,roads_0127.jpg,ROADS,0
processed/images/WATER_DRAINAGE/water_drainage_0212.jpg,water_drainage_0212.jpg,WATER_DRAINAGE,2
processed/images/TREES_ENVIRONMENT/trees_environment_0639.jpg,trees_environment_0639.jpg,TREES_ENVIRONMENT,4
processed/images/ROADS/roads_0794.jpg,roads_0794.jpg,ROADS,0
processed/images/PUBLIC_INFRASTRUCTURE/public_infrastructure_0137.jpg,public_infrastructure_0137.jpg,PUBLIC_INFRASTRUCTURE,5
processed/images/PUBLIC_INFRASTRUCTURE/public_infrastructure_0029.jpg,public_infrastructure_0029.jpg,PUBLIC_INFRASTRUCTURE,5
processed/images/WASTE_MANAGEMENT/waste_management_0047.jpg,waste_management_0047.jpg,WASTE_MANAGEMENT,3
processed/images/TREES_ENVIRONMENT/trees_environment_1098.jpg,trees_environment_1098.jpg,TREES_ENVIRONMENT,4
processed/images/PUBLIC_INFRASTRUCTURE/public_infrastructure_0422.jpg,public_infrastructure_0422.jpg,PUBLIC_INFRASTRUCTURE,5
processed/images/ROADS/roads_1035.jpg,roads_1035.jpg,ROADS,0
processed/images/TREES_ENVIRONMENT/trees_environment_1375.jpg,trees_environment_1375.jpg,TREES_ENVIRONMENT,4
processed/images/PUBLIC_INFRASTRUCTURE/public_infrastructure_0867.jpg,public_infrastructure_0867.jpg,PUBLIC_INFRASTRUCTURE,5
processed/images/ROADS/roads_1455.png,roads_1455.png,ROADS,0
processed/images/TREES_ENVIRONMENT/trees_environment_0232.jpg,trees_environment_0232.jpg,TREES_ENVIRONMENT,4
processed/images/ROADS/roads_0110.jpg,roads_0110.jpg,ROADS,0
processed/images/TREES_ENVIRONMENT/trees_environment_0048.jpg,trees_environment_0048.jpg,TREES_ENVIRONMENT,4
processed/images/ROADS/roads_0421.jpg,roads_0421.jpg,ROADS,0
processed/images/STREET_LIGHTING/street_lighting_0213.jpg,street_lighting_0213.jpg,STREET_LIGHTING,1
processed/images/TREES_ENVIRONMENT/trees_environment_1186.jpg,trees_environment_1186.jpg,TREES_ENVIRONMENT,4
processed/images/ROADS/roads_1512.png,roads_1512.png,ROADS,0
processed/images/WASTE_MANAGEMENT/waste_management_0138.jpg,waste_management_0138.jpg,WASTE_MANAGEMENT,3
processed/images/PUBLIC_INFRASTRUCTURE/public_infrastructure_0154.jpg,public_infrastructure_0154.jpg,PUBLIC_INFRASTRUCTURE,5
processed/images/ROADS/roads_0437.jpg,roads_0437.jpg,ROADS,0
processed/images/TREES_ENVIRONMENT/trees_environment_0946.jpg,trees_environment_0946.jpg,TREES_ENVIRONMENT,4
processed/images/STREET_LIGHTING/street_lighting_0714.jpg,street_lighting_0714.jpg,STREET_LIGHTING,1
processed/images/PUBLIC_INFRASTRUCTURE/public_infrastructure_0045.jpg,public_infrastructure_0045.jpg,PUBLIC_INFRASTRUCTURE,5
processed/images/PUBLIC_INFRASTRUCTURE/public_infrastructure_0056.jpg,public_infrastructure_0056.jpg,PUBLIC_INFRASTRUCTURE,5
processed/images/ROADS/roads_0495.jpg,roads_0495.jpg,ROADS,0
processed/images/ROADS/roads_1536.png,roads_1536.png,ROADS,0
processed/images/WATER_DRAINAGE/water_drainage_0133.jpg,water_drainage_0133.jpg,WATER_DRAINAGE,2
processed/images/ROADS/roads_1610.png,roads_1610.png,ROADS,0
processed/images/PUBLIC_INFRASTRUCTURE/public_infrastructure_0303.jpg,public_infrastructure_0303.jpg,PUBLIC_INFRASTRUCTURE,5
processed/images/ROADS/roads_1401.png,roads_1401.png,ROADS,0
processed/images/TREES_ENVIRONMENT/trees_environment_1203.jpg,trees_environment_1203.jpg,TREES_ENVIRONMENT,4
processed/images/STREET_LIGHTING/street_lighting_0996.jpg,street_lighting_0996.jpg,STREET_LIGHTING,1
processed/images/TREES_ENVIRONMENT/trees_environment_1407.jpg,trees_environment_1407.jpg,TREES_ENVIRONMENT,4
processed/images/STREET_LIGHTING/street_lighting_0423.jpg,street_lighting_0423.jpg,STREET_LIGHTING,1
processed/images/PUBLIC_INFRASTRUCTURE/public_infrastructure_0977.jpg,public_infrastructure_0977.jpg,PUBLIC_INFRASTRUCTURE,5
processed/images/TREES_ENVIRONMENT/trees_environment_1011.jpg,trees_environment_1011.jpg,TREES_ENVIRONMENT,4
processed/images/ROADS/roads_1873.png,roads_1873.png,ROADS,0
processed/images/TREES_ENVIRONMENT/trees_environment_0723.jpg,trees_environment_0723.jpg,TREES_ENVIRONMENT,4
processed/images/ROADS/roads_0098.jpg,roads_0098.jpg,ROADS,0
processed/images/ROADS/roads_0420.jpg,roads_0420.jpg,ROADS,0
processed/images/WATER_DRAINAGE/water_drainage_0364.jpg,water_drainage_0364.jpg,WATER_DRAINAGE,2
processed/images/STREET_LIGHTING/street_lighting_0316.jpg,street_lighting_0316.jpg,STREET_LIGHTING,1
processed/images/TREES_ENVIRONMENT/trees_environment_0707.jpg,trees_environment_0707.jpg,TREES_ENVIRONMENT,4
processed/images/STREET_LIGHTING/street_lighting_0857.jpg,street_lighting_0857.jpg,STREET_LIGHTING,1
processed/images/ROADS/roads_1214.jpg,roads_1214.jpg,ROADS,0
processed/images/ROADS/roads_1249.jpg,roads_1249.jpg,ROADS,0
processed/images/WASTE_MANAGEMENT/waste_management_0778.jpg,waste_management_0778.jpg,WASTE_MANAGEMENT,3
processed/images/TREES_ENVIRONMENT/trees_environment_0819.jpg,trees_environment_0819.jpg,TREES_ENVIRONMENT,4
processed/images/TREES_ENVIRONMENT/trees_environment_0178.jpg,trees_environment_0178.jpg,TREES_ENVIRONMENT,4
processed/images/WASTE_MANAGEMENT/waste_management_0857.jpg,waste_management_0857.jpg,WASTE_MANAGEMENT,3
processed/images/WATER_DRAINAGE/water_drainage_0060.jpg,water_drainage_0060.jpg,WATER_DRAINAGE,2
processed/images/TREES_ENVIRONMENT/trees_environment_1266.jpg,trees_environment_1266.jpg,TREES_ENVIRONMENT,4
processed/images/PUBLIC_INFRASTRUCTURE/public_infrastructure_1121.jpg,public_infrastructure_1121.jpg,PUBLIC_INFRASTRUCTURE,5
processed/images/PUBLIC_INFRASTRUCTURE/public_infrastructure_0084.jpg,public_infrastructure_0084.jpg,PUBLIC_INFRASTRUCTURE,5
processed/images/TREES_ENVIRONMENT/trees_environment_0745.jpg,trees_environment_0745.jpg,TREES_ENVIRONMENT,4
processed/images/TREES_ENVIRONMENT/trees_environment_1610.jpg,trees_environment_1610.jpg,TREES_ENVIRONMENT,4
processed/images/TREES_ENVIRONMENT/trees_environment_1560.jpg,trees_environment_1560.jpg,TREES_ENVIRONMENT,4
processed/images/ROADS/roads_0298.jpg,roads_0298.jpg,ROADS,0
processed/images/ROADS/roads_1528.png,roads_1528.png,ROADS,0
processed/images/PUBLIC_INFRASTRUCTURE/public_infrastructure_0061.jpg,public_infrastructure_0061.jpg,PUBLIC_INFRASTRUCTURE,5
processed/images/WASTE_MANAGEMENT/waste_management_0319.jpg,waste_management_0319.jpg,WASTE_MANAGEMENT,3
processed/images/TREES_ENVIRONMENT/trees_environment_0242.jpg,trees_environment_0242.jpg,TREES_ENVIRONMENT,4
processed/images/WASTE_MANAGEMENT/waste_management_0625.jpg,waste_management_0625.jpg,WASTE_MANAGEMENT,3
processed/images/WASTE_MANAGEMENT/waste_management_0386.jpg,waste_management_0386.jpg,WASTE_MANAGEMENT,3
processed/images/TREES_ENVIRONMENT/trees_environment_1410.jpg,trees_environment_1410.jpg,TREES_ENVIRONMENT,4
processed/images/TREES_ENVIRONMENT/trees_environment_1145.jpg,trees_environment_1145.jpg,TREES_ENVIRONMENT,4
processed/images/TREES_ENVIRONMENT/trees_environment_1042.jpg,trees_environment_1042.jpg,TREES_ENVIRONMENT,4
processed/images/ROADS/roads_1105.jpg,roads_1105.jpg,ROADS,0
processed/images/WATER_DRAINAGE/water_drainage_0382.jpg,water_drainage_0382.jpg,WATER_DRAINAGE,2
processed/images/ROADS/roads_1146.jpg,roads_1146.jpg,ROADS,0
processed/images/STREET_LIGHTING/street_lighting_0200.jpg,street_lighting_0200.jpg,STREET_LIGHTING,1
processed/images/TREES_ENVIRONMENT/trees_environment_1037.jpg,trees_environment_1037.jpg,TREES_ENVIRONMENT,4
processed/images/ROADS/roads_1654.png,roads_1654.png,ROADS,0
processed/images/ROADS/roads_0754.jpg,roads_0754.jpg,ROADS,0
processed/images/WASTE_MANAGEMENT/waste_management_0678.jpg,waste_management_0678.jpg,WASTE_MANAGEMENT,3
processed/images/WASTE_MANAGEMENT/waste_management_0220.jpg,waste_management_0220.jpg,WASTE_MANAGEMENT,3
processed/images/ROADS/roads_0915.jpg,roads_0915.jpg,ROADS,0
processed/images/TREES_ENVIRONMENT/trees_environment_1447.jpg,trees_environment_1447.jpg,TREES_ENVIRONMENT,4
processed/images/PUBLIC_INFRASTRUCTURE/public_infrastructure_0353.jpg,public_infrastructure_0353.jpg,PUBLIC_INFRASTRUCTURE,5
processed/images/TREES_ENVIRONMENT/trees_environment_0425.jpg,trees_environment_0425.jpg,TREES_ENVIRONMENT,4
processed/images/ROADS/roads_0466.jpg,roads_0466.jpg,ROADS,0
processed/images/TREES_ENVIRONMENT/trees_environment_1540.jpg,trees_environment_1540.jpg,TREES_ENVIRONMENT,4
processed/images/TREES_ENVIRONMENT/trees_environment_0847.jpg,trees_environment_0847.jpg,TREES_ENVIRONMENT,4
processed/images/TREES_ENVIRONMENT/trees_environment_0663.jpg,trees_environment_0663.jpg,TREES_ENVIRONMENT,4
processed/images/WATER_DRAINAGE/water_drainage_0045.jpg,water_drainage_0045.jpg,WATER_DRAINAGE,2
processed/images/PUBLIC_INFRASTRUCTURE/public_infrastructure_1382.jpg,public_infrastructure_1382.jpg,PUBLIC_INFRASTRUCTURE,5
processed/images/ROADS/roads_1803.png,roads_1803.png,ROADS,0
processed/images/PUBLIC_INFRASTRUCTURE/public_infrastructure_0966.jpg,public_infrastructure_0966.jpg,PUBLIC_INFRASTRUCTURE,5
processed/images/ROADS/roads_1261.jpg,roads_1261.jpg,ROADS,0
processed/images/ROADS/roads_0432.jpg,roads_0432.jpg,ROADS,0
processed/images/ROADS/roads_1618.png,roads_1618.png,ROADS,0
processed/images/TREES_ENVIRONMENT/trees_environment_0415.jpg,trees_environment_0415.jpg,TREES_ENVIRONMENT,4
processed/images/WASTE_MANAGEMENT/waste_management_0873.jpg,waste_management_0873.jpg,WASTE_MANAGEMENT,3
processed/images/ROADS/roads_0977.jpg,roads_0977.jpg,ROADS,0
processed/images/STREET_LIGHTING/street_lighting_0351.jpg,street_lighting_0351.jpg,STREET_LIGHTING,1
processed/images/WATER_DRAINAGE/water_drainage_0068.jpg,water_drainage_0068.jpg,WATER_DRAINAGE,2
processed/images/ROADS/roads_0982.jpg,roads_0982.jpg,ROADS,0
processed/images/PUBLIC_INFRASTRUCTURE/public_infrastructure_0224.jpg,public_infrastructure_0224.jpg,PUBLIC_INFRASTRUCTURE,5
processed/images/WASTE_MANAGEMENT/waste_management_0526.jpg,waste_management_0526.jpg,WASTE_MANAGEMENT,3
processed/images/PUBLIC_INFRASTRUCTURE/public_infrastructure_0426.jpg,public_infrastructure_0426.jpg,PUBLIC_INFRASTRUCTURE,5
processed/images/ROADS/roads_1731.png,roads_1731.png,ROADS,0
processed/images/ROADS/roads_1047.jpg,roads_1047.jpg,ROADS,0
processed/images/TREES_ENVIRONMENT/trees_environment_0128.jpg,trees_environment_0128.jpg,TREES_ENVIRONMENT,4
processed/images/TREES_ENVIRONMENT/trees_environment_0818.jpg,trees_environment_0818.jpg,TREES_ENVIRONMENT,4
processed/images/PUBLIC_INFRASTRUCTURE/public_infrastructure_1238.jpg,public_infrastructure_1238.jpg,PUBLIC_INFRASTRUCTURE,5
processed/images/ROADS/roads_0153.jpg,roads_0153.jpg,ROADS,0
processed/images/ROADS/roads_0178.jpg,roads_0178.jpg,ROADS,0
processed/images/STREET_LIGHTING/street_lighting_0095.jpg,street_lighting_0095.jpg,STREET_LIGHTING,1
processed/images/ROADS/roads_1675.png,roads_1675.png,ROADS,0
processed/images/STREET_LIGHTING/street_lighting_0673.jpg,street_lighting_0673.jpg,STREET_LIGHTING,1
processed/images/PUBLIC_INFRASTRUCTURE/public_infrastructure_0737.jpg,public_infrastructure_0737.jpg,PUBLIC_INFRASTRUCTURE,5
processed/images/TREES_ENVIRONMENT/trees_environment_1162.jpg,trees_environment_1162.jpg,TREES_ENVIRONMENT,4
processed/images/PUBLIC_INFRASTRUCTURE/public_infrastructure_0072.jpg,public_infrastructure_0072.jpg,PUBLIC_INFRASTRUCTURE,5
processed/images/ROADS/roads_0712.jpg,roads_0712.jpg,ROADS,0
processed/images/WASTE_MANAGEMENT/waste_management_0128.jpg,waste_management_0128.jpg,WASTE_MANAGEMENT,3
processed/images/PUBLIC_INFRASTRUCTURE/public_infrastructure_0491.jpg,public_infrastructure_0491.jpg,PUBLIC_INFRASTRUCTURE,5
processed/images/ROADS/roads_0180.jpg,roads_0180.jpg,ROADS,0
processed/images/WASTE_MANAGEMENT/waste_management_0783.jpg,waste_management_0783.jpg,WASTE_MANAGEMENT,3
processed/images/ROADS/roads_0302.jpg,roads_0302.jpg,ROADS,0
processed/images/TREES_ENVIRONMENT/trees_environment_0748.jpg,trees_environment_0748.jpg,TREES_ENVIRONMENT,4
processed/images/TREES_ENVIRONMENT/trees_environment_0542.jpg,trees_environment_0542.jpg,TREES_ENVIRONMENT,4
processed/images/TREES_ENVIRONMENT/trees_environment_1578.jpg,trees_environment_1578.jpg,TREES_ENVIRONMENT,4
processed/images/PUBLIC_INFRASTRUCTURE/public_infrastructure_1443.jpg,public_infrastructure_1443.jpg,PUBLIC_INFRASTRUCTURE,5
processed/images/PUBLIC_INFRASTRUCTURE/public_infrastructure_1109.jpg,public_infrastructure_1109.jpg,PUBLIC_INFRASTRUCTURE,5
processed/images/ROADS/roads_0241.jpg,roads_0241.jpg,ROADS,0
processed/images/ROADS/roads_1876.png,roads_1876.png,ROADS,0
processed/images/PUBLIC_INFRASTRUCTURE/public_infrastructure_0130.jpg,public_infrastructure_0130.jpg,PUBLIC_INFRASTRUCTURE,5
processed/images/ROADS/roads_0618.jpg,roads_0618.jpg,ROADS,0
processed/images/ROADS/roads_1748.png,roads_1748.png,ROADS,0
processed/images/WATER_DRAINAGE/water_drainage_0290.jpg,water_drainage_0290.jpg,WATER_DRAINAGE,2
processed/images/WATER_DRAINAGE/water_drainage_0246.jpg,water_drainage_0246.jpg,WATER_DRAINAGE,2
processed/images/TREES_ENVIRONMENT/trees_environment_1244.jpg,trees_environment_1244.jpg,TREES_ENVIRONMENT,4
processed/images/ROADS/roads_1166.jpg,roads_1166.jpg,ROADS,0
processed/images/TREES_ENVIRONMENT/trees_environment_0948.jpg,trees_environment_0948.jpg,TREES_ENVIRONMENT,4
processed/images/TREES_ENVIRONMENT/trees_environment_1172.jpg,trees_environment_1172.jpg,TREES_ENVIRONMENT,4
processed/images/TREES_ENVIRONMENT/trees_environment_0959.jpg,trees_environment_0959.jpg,TREES_ENVIRONMENT,4
processed/images/WASTE_MANAGEMENT/waste_management_0568.jpg,waste_management_0568.jpg,WASTE_MANAGEMENT,3
processed/images/TREES_ENVIRONMENT/trees_environment_0909.jpg,trees_environment_0909.jpg,TREES_ENVIRONMENT,4
processed/images/WASTE_MANAGEMENT/waste_management_0869.jpg,waste_management_0869.jpg,WASTE_MANAGEMENT,3
processed/images/TREES_ENVIRONMENT/trees_environment_0484.jpg,trees_environment_0484.jpg,TREES_ENVIRONMENT,4
processed/images/STREET_LIGHTING/street_lighting_0893.jpg,street_lighting_0893.jpg,STREET_LIGHTING,1
processed/images/TREES_ENVIRONMENT/trees_environment_0687.jpg,trees_environment_0687.jpg,TREES_ENVIRONMENT,4
processed/images/WASTE_MANAGEMENT/waste_management_0635.jpg,waste_management_0635.jpg,WASTE_MANAGEMENT,3
processed/images/WASTE_MANAGEMENT/waste_management_0691.jpg,waste_management_0691.jpg,WASTE_MANAGEMENT,3
processed/images/ROADS/roads_1276.png,roads_1276.png,ROADS,0
processed/images/PUBLIC_INFRASTRUCTURE/public_infrastructure_0597.jpg,public_infrastructure_0597.jpg,PUBLIC_INFRASTRUCTURE,5
processed/images/TREES_ENVIRONMENT/trees_environment_1497.jpg,trees_environment_1497.jpg,TREES_ENVIRONMENT,4
processed/images/PUBLIC_INFRASTRUCTURE/public_infrastructure_0499.jpg,public_infrastructure_0499.jpg,PUBLIC_INFRASTRUCTURE,5
processed/images/ROADS/roads_1688.png,roads_1688.png,ROADS,0
processed/images/TREES_ENVIRONMENT/trees_environment_0872.jpg,trees_environment_0872.jpg,TREES_ENVIRONMENT,4
processed/images/PUBLIC_INFRASTRUCTURE/public_infrastructure_0415.jpg,public_infrastructure_0415.jpg,PUBLIC_INFRASTRUCTURE,5
processed/images/ROADS/roads_0057.jpg,roads_0057.jpg,ROADS,0
processed/images/TREES_ENVIRONMENT/trees_environment_1322.jpg,trees_environment_1322.jpg,TREES_ENVIRONMENT,4
processed/images/TREES_ENVIRONMENT/trees_environment_1545.jpg,trees_environment_1545.jpg,TREES_ENVIRONMENT,4
processed/images/TREES_ENVIRONMENT/trees_environment_1327.jpg,trees_environment_1327.jpg,TREES_ENVIRONMENT,4
processed/images/PUBLIC_INFRASTRUCTURE/public_infrastructure_0762.jpg,public_infrastructure_0762.jpg,PUBLIC_INFRASTRUCTURE,5
processed/images/PUBLIC_INFRASTRUCTURE/public_infrastructure_0657.jpg,public_infrastructure_0657.jpg,PUBLIC_INFRASTRUCTURE,5
processed/images/TREES_ENVIRONMENT/trees_environment_0669.jpg,trees_environment_0669.jpg,TREES_ENVIRONMENT,4
processed/images/STREET_LIGHTING/street_lighting_0623.jpg,street_lighting_0623.jpg,STREET_LIGHTING,1
processed/images/PUBLIC_INFRASTRUCTURE/public_infrastructure_0672.jpg,public_infrastructure_0672.jpg,PUBLIC_INFRASTRUCTURE,5
processed/images/PUBLIC_INFRASTRUCTURE/public_infrastructure_0723.jpg,public_infrastructure_0723.jpg,PUBLIC_INFRASTRUCTURE,5
processed/images/STREET_LIGHTING/street_lighting_0896.jpg,street_lighting_0896.jpg,STREET_LIGHTING,1
processed/images/TREES_ENVIRONMENT/trees_environment_1187.jpg,trees_environment_1187.jpg,TREES_ENVIRONMENT,4
processed/images/ROADS/roads_1751.png,roads_1751.png,ROADS,0
processed/images/WASTE_MANAGEMENT/waste_management_0260.jpg,waste_management_0260.jpg,WASTE_MANAGEMENT,3
processed/images/ROADS/roads_0791.jpg,roads_0791.jpg,ROADS,0
processed/images/ROADS/roads_0913.jpg,roads_0913.jpg,ROADS,0
processed/images/PUBLIC_INFRASTRUCTURE/public_infrastructure_1097.jpg,public_infrastructure_1097.jpg,PUBLIC_INFRASTRUCTURE,5
processed/images/WASTE_MANAGEMENT/waste_management_0404.jpg,waste_management_0404.jpg,WASTE_MANAGEMENT,3
processed/images/TREES_ENVIRONMENT/trees_environment_1454.jpg,trees_environment_1454.jpg,TREES_ENVIRONMENT,4
processed/images/ROADS/roads_0858.jpg,roads_0858.jpg,ROADS,0
processed/images/ROADS/roads_0438.jpg,roads_0438.jpg,ROADS,0
processed/images/PUBLIC_INFRASTRUCTURE/public_infrastructure_0708.jpg,public_infrastructure_0708.jpg,PUBLIC_INFRASTRUCTURE,5
processed/images/PUBLIC_INFRASTRUCTURE/public_infrastructure_1235.jpg,public_infrastructure_1235.jpg,PUBLIC_INFRASTRUCTURE,5
processed/images/STREET_LIGHTING/street_lighting_0271.jpg,street_lighting_0271.jpg,STREET_LIGHTING,1
processed/images/TREES_ENVIRONMENT/trees_environment_0154.jpg,trees_environment_0154.jpg,TREES_ENVIRONMENT,4
processed/images/TREES_ENVIRONMENT/trees_environment_1559.jpg,trees_environment_1559.jpg,TREES_ENVIRONMENT,4
processed/images/ROADS/roads_0408.jpg,roads_0408.jpg,ROADS,0
processed/images/WATER_DRAINAGE/water_drainage_0338.jpg,water_drainage_0338.jpg,WATER_DRAINAGE,2
processed/images/PUBLIC_INFRASTRUCTURE/public_infrastructure_1365.jpg,public_infrastructure_1365.jpg,PUBLIC_INFRASTRUCTURE,5
processed/images/TREES_ENVIRONMENT/trees_environment_0796.jpg,trees_environment_0796.jpg,TREES_ENVIRONMENT,4
processed/images/WASTE_MANAGEMENT/waste_management_0039.jpg,waste_management_0039.jpg,WASTE_MANAGEMENT,3
processed/images/ROADS/roads_0304.jpg,roads_0304.jpg,ROADS,0
processed/images/PUBLIC_INFRASTRUCTURE/public_infrastructure_1286.jpg,public_infrastructure_1286.jpg,PUBLIC_INFRASTRUCTURE,5
processed/images/ROADS/roads_0613.jpg,roads_0613.jpg,ROADS,0
processed/images/TREES_ENVIRONMENT/trees_environment_0073.jpg,trees_environment_0073.jpg,TREES_ENVIRONMENT,4
processed/images/TREES_ENVIRONMENT/trees_environment_1204.jpg,trees_environment_1204.jpg,TREES_ENVIRONMENT,4
processed/images/WASTE_MANAGEMENT/waste_management_0911.jpg,waste_management_0911.jpg,WASTE_MANAGEMENT,3
processed/images/ROADS/roads_1400.png,roads_1400.png,ROADS,0
processed/images/TREES_ENVIRONMENT/trees_environment_1133.jpg,trees_environment_1133.jpg,TREES_ENVIRONMENT,4
processed/images/PUBLIC_INFRASTRUCTURE/public_infrastructure_0938.jpg,public_infrastructure_0938.jpg,PUBLIC_INFRASTRUCTURE,5
processed/images/TREES_ENVIRONMENT/trees_environment_0453.jpg,trees_environment_0453.jpg,TREES_ENVIRONMENT,4
processed/images/WASTE_MANAGEMENT/waste_management_0609.jpg,waste_management_0609.jpg,WASTE_MANAGEMENT,3
processed/images/STREET_LIGHTING/street_lighting_0672.jpg,street_lighting_0672.jpg,STREET_LIGHTING,1
processed/images/STREET_LIGHTING/street_lighting_0634.jpg,street_lighting_0634.jpg,STREET_LIGHTING,1
processed/images/ROADS/roads_0767.jpg,roads_0767.jpg,ROADS,0
processed/images/PUBLIC_INFRASTRUCTURE/public_infrastructure_0005.jpg,public_infrastructure_0005.jpg,PUBLIC_INFRASTRUCTURE,5
processed/images/PUBLIC_INFRASTRUCTURE/public_infrastructure_1217.jpg,public_infrastructure_1217.jpg,PUBLIC_INFRASTRUCTURE,5
processed/images/STREET_LIGHTING/street_lighting_0988.jpg,street_lighting_0988.jpg,STREET_LIGHTING,1
processed/images/WATER_DRAINAGE/water_drainage_0402.jpg,water_drainage_0402.jpg,WATER_DRAINAGE,2
processed/images/WASTE_MANAGEMENT/waste_management_0195.jpg,waste_management_0195.jpg,WASTE_MANAGEMENT,3
processed/images/PUBLIC_INFRASTRUCTURE/public_infrastructure_0901.jpg,public_infrastructure_0901.jpg,PUBLIC_INFRASTRUCTURE,5
processed/images/WASTE_MANAGEMENT/waste_management_0097.jpg,waste_management_0097.jpg,WASTE_MANAGEMENT,3
processed/images/PUBLIC_INFRASTRUCTURE/public_infrastructure_1421.jpg,public_infrastructure_1421.jpg,PUBLIC_INFRASTRUCTURE,5
processed/images/TREES_ENVIRONMENT/trees_environment_1272.jpg,trees_environment_1272.jpg,TREES_ENVIRONMENT,4
processed/images/WASTE_MANAGEMENT/waste_management_0574.jpg,waste_management_0574.jpg,WASTE_MANAGEMENT,3
processed/images/TREES_ENVIRONMENT/trees_environment_0301.jpg,trees_environment_0301.jpg,TREES_ENVIRONMENT,4
processed/images/WASTE_MANAGEMENT/waste_management_0734.jpg,waste_management_0734.jpg,WASTE_MANAGEMENT,3
processed/images/ROADS/roads_0690.jpg,roads_0690.jpg,ROADS,0
processed/images/STREET_LIGHTING/street_lighting_0567.jpg,street_lighting_0567.jpg,STREET_LIGHTING,1
processed/images/PUBLIC_INFRASTRUCTURE/public_infrastructure_1226.jpg,public_infrastructure_1226.jpg,PUBLIC_INFRASTRUCTURE,5
processed/images/ROADS/roads_1554.png,roads_1554.png,ROADS,0
processed/images/ROADS/roads_1296.png,roads_1296.png,ROADS,0
processed/images/ROADS/roads_0851.jpg,roads_0851.jpg,ROADS,0
processed/images/STREET_LIGHTING/street_lighting_0550.jpg,street_lighting_0550.jpg,STREET_LIGHTING,1
processed/images/TREES_ENVIRONMENT/trees_environment_1471.jpg,trees_environment_1471.jpg,TREES_ENVIRONMENT,4
processed/images/WASTE_MANAGEMENT/waste_management_0362.jpg,waste_management_0362.jpg,WASTE_MANAGEMENT,3
processed/images/PUBLIC_INFRASTRUCTURE/public_infrastructure_1493.jpg,public_infrastructure_1493.jpg,PUBLIC_INFRASTRUCTURE,5
processed/images/TREES_ENVIRONMENT/trees_environment_0580.jpg,trees_environment_0580.jpg,TREES_ENVIRONMENT,4
processed/images/PUBLIC_INFRASTRUCTURE/public_infrastructure_0987.jpg,public_infrastructure_0987.jpg,PUBLIC_INFRASTRUCTURE,5
processed/images/WATER_DRAINAGE/water_drainage_0202.jpg,water_drainage_0202.jpg,WATER_DRAINAGE,2
processed/images/WASTE_MANAGEMENT/waste_management_0147.jpg,waste_management_0147.jpg,WASTE_MANAGEMENT,3
processed/images/TREES_ENVIRONMENT/trees_environment_0107.jpg,trees_environment_0107.jpg,TREES_ENVIRONMENT,4
processed/images/WASTE_MANAGEMENT/waste_management_0314.jpg,waste_management_0314.jpg,WASTE_MANAGEMENT,3
processed/images/TREES_ENVIRONMENT/trees_environment_1606.jpg,trees_environment_1606.jpg,TREES_ENVIRONMENT,4
processed/images/ROADS/roads_0992.jpg,roads_0992.jpg,ROADS,0
processed/images/PUBLIC_INFRASTRUCTURE/public_infrastructure_0793.jpg,public_infrastructure_0793.jpg,PUBLIC_INFRASTRUCTURE,5
processed/images/TREES_ENVIRONMENT/trees_environment_1110.jpg,trees_environment_1110.jpg,TREES_ENVIRONMENT,4
processed/images/ROADS/roads_0299.jpg,roads_0299.jpg,ROADS,0
processed/images/WATER_DRAINAGE/water_drainage_0406.jpg,water_drainage_0406.jpg,WATER_DRAINAGE,2
processed/images/ROADS/roads_1226.jpg,roads_1226.jpg,ROADS,0
processed/images/PUBLIC_INFRASTRUCTURE/public_infrastructure_0115.jpg,public_infrastructure_0115.jpg,PUBLIC_INFRASTRUCTURE,5
processed/images/ROADS/roads_0499.jpg,roads_0499.jpg,ROADS,0
processed/images/ROADS/roads_0950.jpg,roads_0950.jpg,ROADS,0
processed/images/WASTE_MANAGEMENT/waste_management_0520.jpg,waste_management_0520.jpg,WASTE_MANAGEMENT,3
processed/images/ROADS/roads_0604.jpg,roads_0604.jpg,ROADS,0
processed/images/TREES_ENVIRONMENT/trees_environment_1530.jpg,trees_environment_1530.jpg,TREES_ENVIRONMENT,4
processed/images/ROADS/roads_1231.jpg,roads_1231.jpg,ROADS,0
processed/images/ROADS/roads_1256.jpg,roads_1256.jpg,ROADS,0
processed/images/ROADS/roads_0211.jpg,roads_0211.jpg,ROADS,0
processed/images/WASTE_MANAGEMENT/waste_management_0894.jpg,waste_management_0894.jpg,WASTE_MANAGEMENT,3
processed/images/WASTE_MANAGEMENT/waste_management_0056.jpg,waste_management_0056.jpg,WASTE_MANAGEMENT,3
processed/images/PUBLIC_INFRASTRUCTURE/public_infrastructure_0264.jpg,public_infrastructure_0264.jpg,PUBLIC_INFRASTRUCTURE,5
processed/images/PUBLIC_INFRASTRUCTURE/public_infrastructure_0554.jpg,public_infrastructure_0554.jpg,PUBLIC_INFRASTRUCTURE,5
processed/images/TREES_ENVIRONMENT/trees_environment_0475.jpg,trees_environment_0475.jpg,TREES_ENVIRONMENT,4
processed/images/STREET_LIGHTING/street_lighting_0934.jpg,street_lighting_0934.jpg,STREET_LIGHTING,1
processed/images/TREES_ENVIRONMENT/trees_environment_1007.jpg,trees_environment_1007.jpg,TREES_ENVIRONMENT,4
processed/images/STREET_LIGHTING/street_lighting_0692.jpg,street_lighting_0692.jpg,STREET_LIGHTING,1
processed/images/ROADS/roads_0646.jpg,roads_0646.jpg,ROADS,0
processed/images/ROADS/roads_0156.jpg,roads_0156.jpg,ROADS,0
processed/images/ROADS/roads_1821.png,roads_1821.png,ROADS,0
processed/images/ROADS/roads_1520.png,roads_1520.png,ROADS,0
processed/images/ROADS/roads_0949.jpg,roads_0949.jpg,ROADS,0
processed/images/TREES_ENVIRONMENT/trees_environment_0815.jpg,trees_environment_0815.jpg,TREES_ENVIRONMENT,4
processed/images/ROADS/roads_0222.jpg,roads_0222.jpg,ROADS,0
processed/images/ROADS/roads_1410.png,roads_1410.png,ROADS,0
processed/images/WASTE_MANAGEMENT/waste_management_0419.jpg,waste_management_0419.jpg,WASTE_MANAGEMENT,3
processed/images/PUBLIC_INFRASTRUCTURE/public_infrastructure_0995.jpg,public_infrastructure_0995.jpg,PUBLIC_INFRASTRUCTURE,5
processed/images/STREET_LIGHTING/street_lighting_0783.jpg,street_lighting_0783.jpg,STREET_LIGHTING,1
processed/images/STREET_LIGHTING/street_lighting_0954.jpg,street_lighting_0954.jpg,STREET_LIGHTING,1
processed/images/ROADS/roads_0081.jpg,roads_0081.jpg,ROADS,0
processed/images/WASTE_MANAGEMENT/waste_management_0238.jpg,waste_management_0238.jpg,WASTE_MANAGEMENT,3
processed/images/ROADS/roads_1478.png,roads_1478.png,ROADS,0
processed/images/PUBLIC_INFRASTRUCTURE/public_infrastructure_0107.jpg,public_infrastructure_0107.jpg,PUBLIC_INFRASTRUCTURE,5
processed/images/ROADS/roads_1738.png,roads_1738.png,ROADS,0
processed/images/TREES_ENVIRONMENT/trees_environment_1219.jpg,trees_environment_1219.jpg,TREES_ENVIRONMENT,4
processed/images/ROADS/roads_1359.png,roads_1359.png,ROADS,0
processed/images/TREES_ENVIRONMENT/trees_environment_1185.jpg,trees_environment_1185.jpg,TREES_ENVIRONMENT,4
processed/images/ROADS/roads_0364.jpg,roads_0364.jpg,ROADS,0
processed/images/WASTE_MANAGEMENT/waste_management_0900.jpg,waste_management_0900.jpg,WASTE_MANAGEMENT,3
processed/images/PUBLIC_INFRASTRUCTURE/public_infrastructure_0240.jpg,public_infrastructure_0240.jpg,PUBLIC_INFRASTRUCTURE,5
processed/images/ROADS/roads_1092.jpg,roads_1092.jpg,ROADS,0
processed/images/STREET_LIGHTING/street_lighting_0065.jpg,street_lighting_0065.jpg,STREET_LIGHTING,1
processed/images/ROADS/roads_1596.png,roads_1596.png,ROADS,0
processed/images/TREES_ENVIRONMENT/trees_environment_0535.jpg,trees_environment_0535.jpg,TREES_ENVIRONMENT,4
processed/images/WATER_DRAINAGE/water_drainage_0278.jpg,water_drainage_0278.jpg,WATER_DRAINAGE,2
processed/images/WASTE_MANAGEMENT/waste_management_0080.jpg,waste_management_0080.jpg,WASTE_MANAGEMENT,3
processed/images/ROADS/roads_0471.jpg,roads_0471.jpg,ROADS,0
processed/images/STREET_LIGHTING/street_lighting_0549.jpg,street_lighting_0549.jpg,STREET_LIGHTING,1
processed/images/PUBLIC_INFRASTRUCTURE/public_infrastructure_0611.jpg,public_infrastructure_0611.jpg,PUBLIC_INFRASTRUCTURE,5
processed/images/PUBLIC_INFRASTRUCTURE/public_infrastructure_0877.jpg,public_infrastructure_0877.jpg,PUBLIC_INFRASTRUCTURE,5
processed/images/ROADS/roads_1019.jpg,roads_1019.jpg,ROADS,0
processed/images/WASTE_MANAGEMENT/waste_management_0072.jpg,waste_management_0072.jpg,WASTE_MANAGEMENT,3
processed/images/PUBLIC_INFRASTRUCTURE/public_infrastructure_0790.jpg,public_infrastructure_0790.jpg,PUBLIC_INFRASTRUCTURE,5
processed/images/ROADS/roads_1522.png,roads_1522.png,ROADS,0
processed/images/ROADS/roads_0464.jpg,roads_0464.jpg,ROADS,0
processed/images/ROADS/roads_0632.jpg,roads_0632.jpg,ROADS,0
processed/images/TREES_ENVIRONMENT/trees_environment_0246.jpg,trees_environment_0246.jpg,TREES_ENVIRONMENT,4
processed/images/ROADS/roads_1572.png,roads_1572.png,ROADS,0
processed/images/STREET_LIGHTING/street_lighting_1059.jpg,street_lighting_1059.jpg,STREET_LIGHTING,1
processed/images/TREES_ENVIRONMENT/trees_environment_0567.jpg,trees_environment_0567.jpg,TREES_ENVIRONMENT,4
processed/images/ROADS/roads_0145.jpg,roads_0145.jpg,ROADS,0
processed/images/WASTE_MANAGEMENT/waste_management_0804.jpg,waste_management_0804.jpg,WASTE_MANAGEMENT,3
processed/images/ROADS/roads_0461.jpg,roads_0461.jpg,ROADS,0
processed/images/STREET_LIGHTING/street_lighting_0892.jpg,street_lighting_0892.jpg,STREET_LIGHTING,1
processed/images/WATER_DRAINAGE/water_drainage_0317.jpg,water_drainage_0317.jpg,WATER_DRAINAGE,2
processed/images/TREES_ENVIRONMENT/trees_environment_1173.jpg,trees_environment_1173.jpg,TREES_ENVIRONMENT,4
processed/images/ROADS/roads_0316.jpg,roads_0316.jpg,ROADS,0
processed/images/ROADS/roads_0415.jpg,roads_0415.jpg,ROADS,0
processed/images/STREET_LIGHTING/street_lighting_0274.jpg,street_lighting_0274.jpg,STREET_LIGHTING,1
processed/images/WASTE_MANAGEMENT/waste_management_0335.jpg,waste_management_0335.jpg,WASTE_MANAGEMENT,3
processed/images/WATER_DRAINAGE/water_drainage_0303.jpg,water_drainage_0303.jpg,WATER_DRAINAGE,2
processed/images/WATER_DRAINAGE/water_drainage_0063.jpg,water_drainage_0063.jpg,WATER_DRAINAGE,2
processed/images/ROADS/roads_0619.jpg,roads_0619.jpg,ROADS,0
processed/images/STREET_LIGHTING/street_lighting_0196.jpg,street_lighting_0196.jpg,STREET_LIGHTING,1
processed/images/ROADS/roads_1238.jpg,roads_1238.jpg,ROADS,0
processed/images/WASTE_MANAGEMENT/waste_management_0283.jpg,waste_management_0283.jpg,WASTE_MANAGEMENT,3
processed/images/WASTE_MANAGEMENT/waste_management_0475.jpg,waste_management_0475.jpg,WASTE_MANAGEMENT,3
processed/images/WASTE_MANAGEMENT/waste_management_0829.jpg,waste_management_0829.jpg,WASTE_MANAGEMENT,3
processed/images/WASTE_MANAGEMENT/waste_management_0899.jpg,waste_management_0899.jpg,WASTE_MANAGEMENT,3
processed/images/ROADS/roads_0310.jpg,roads_0310.jpg,ROADS,0
processed/images/TREES_ENVIRONMENT/trees_environment_0978.jpg,trees_environment_0978.jpg,TREES_ENVIRONMENT,4
processed/images/TREES_ENVIRONMENT/trees_environment_0160.jpg,trees_environment_0160.jpg,TREES_ENVIRONMENT,4
processed/images/STREET_LIGHTING/street_lighting_0736.jpg,street_lighting_0736.jpg,STREET_LIGHTING,1
processed/images/TREES_ENVIRONMENT/trees_environment_1376.jpg,trees_environment_1376.jpg,TREES_ENVIRONMENT,4
processed/images/TREES_ENVIRONMENT/trees_environment_0609.jpg,trees_environment_0609.jpg,TREES_ENVIRONMENT,4
processed/images/STREET_LIGHTING/street_lighting_0808.jpg,street_lighting_0808.jpg,STREET_LIGHTING,1
processed/images/TREES_ENVIRONMENT/trees_environment_0200.jpg,trees_environment_0200.jpg,TREES_ENVIRONMENT,4
processed/images/ROADS/roads_0882.jpg,roads_0882.jpg,ROADS,0
processed/images/ROADS/roads_1316.png,roads_1316.png,ROADS,0
processed/images/TREES_ENVIRONMENT/trees_environment_0443.jpg,trees_environment_0443.jpg,TREES_ENVIRONMENT,4
processed/images/ROADS/roads_1142.jpg,roads_1142.jpg,ROADS,0
processed/images/PUBLIC_INFRASTRUCTURE/public_infrastructure_0933.jpg,public_infrastructure_0933.jpg,PUBLIC_INFRASTRUCTURE,5
processed/images/TREES_ENVIRONMENT/trees_environment_0733.jpg,trees_environment_0733.jpg,TREES_ENVIRONMENT,4
processed/images/ROADS/roads_1204.jpg,roads_1204.jpg,ROADS,0
processed/images/PUBLIC_INFRASTRUCTURE/public_infrastructure_1188.jpg,public_infrastructure_1188.jpg,PUBLIC_INFRASTRUCTURE,5
processed/images/TREES_ENVIRONMENT/trees_environment_1400.jpg,trees_environment_1400.jpg,TREES_ENVIRONMENT,4
processed/images/WASTE_MANAGEMENT/waste_management_0807.jpg,waste_management_0807.jpg,WASTE_MANAGEMENT,3
processed/images/PUBLIC_INFRASTRUCTURE/public_infrastructure_0594.jpg,public_infrastructure_0594.jpg,PUBLIC_INFRASTRUCTURE,5
processed/images/ROADS/roads_0766.jpg,roads_0766.jpg,ROADS,0
processed/images/WATER_DRAINAGE/water_drainage_0129.jpg,water_drainage_0129.jpg,WATER_DRAINAGE,2
processed/images/STREET_LIGHTING/street_lighting_0247.jpg,street_lighting_0247.jpg,STREET_LIGHTING,1
processed/images/PUBLIC_INFRASTRUCTURE/public_infrastructure_0630.jpg,public_infrastructure_0630.jpg,PUBLIC_INFRASTRUCTURE,5
processed/images/PUBLIC_INFRASTRUCTURE/public_infrastructure_0537.jpg,public_infrastructure_0537.jpg,PUBLIC_INFRASTRUCTURE,5
processed/images/PUBLIC_INFRASTRUCTURE/public_infrastructure_0311.jpg,public_infrastructure_0311.jpg,PUBLIC_INFRASTRUCTURE,5
processed/images/WASTE_MANAGEMENT/waste_management_0423.jpg,waste_management_0423.jpg,WASTE_MANAGEMENT,3
processed/images/ROADS/roads_0486.jpg,roads_0486.jpg,ROADS,0
processed/images/TREES_ENVIRONMENT/trees_environment_0273.jpg,trees_environment_0273.jpg,TREES_ENVIRONMENT,4
processed/images/WATER_DRAINAGE/water_drainage_0252.jpg,water_drainage_0252.jpg,WATER_DRAINAGE,2
processed/images/STREET_LIGHTING/street_lighting_0958.jpg,street_lighting_0958.jpg,STREET_LIGHTING,1
processed/images/PUBLIC_INFRASTRUCTURE/public_infrastructure_0654.jpg,public_infrastructure_0654.jpg,PUBLIC_INFRASTRUCTURE,5
processed/images/STREET_LIGHTING/street_lighting_0232.jpg,street_lighting_0232.jpg,STREET_LIGHTING,1
processed/images/ROADS/roads_1199.jpg,roads_1199.jpg,ROADS,0
processed/images/STREET_LIGHTING/street_lighting_1054.jpg,street_lighting_1054.jpg,STREET_LIGHTING,1
processed/images/TREES_ENVIRONMENT/trees_environment_1401.jpg,trees_environment_1401.jpg,TREES_ENVIRONMENT,4
processed/images/PUBLIC_INFRASTRUCTURE/public_infrastructure_0341.jpg,public_infrastructure_0341.jpg,PUBLIC_INFRASTRUCTURE,5
processed/images/PUBLIC_INFRASTRUCTURE/public_infrastructure_1205.jpg,public_infrastructure_1205.jpg,PUBLIC_INFRASTRUCTURE,5
processed/images/TREES_ENVIRONMENT/trees_environment_0974.jpg,trees_environment_0974.jpg,TREES_ENVIRONMENT,4
processed/images/PUBLIC_INFRASTRUCTURE/public_infrastructure_0896.jpg,public_infrastructure_0896.jpg,PUBLIC_INFRASTRUCTURE,5
processed/images/TREES_ENVIRONMENT/trees_environment_1517.jpg,trees_environment_1517.jpg,TREES_ENVIRONMENT,4
processed/images/WATER_DRAINAGE/water_drainage_0383.jpg,water_drainage_0383.jpg,WATER_DRAINAGE,2
processed/images/ROADS/roads_1042.jpg,roads_1042.jpg,ROADS,0
processed/images/PUBLIC_INFRASTRUCTURE/public_infrastructure_0184.jpg,public_infrastructure_0184.jpg,PUBLIC_INFRASTRUCTURE,5
processed/images/STREET_LIGHTING/street_lighting_0788.jpg,street_lighting_0788.jpg,STREET_LIGHTING,1
processed/images/STREET_LIGHTING/street_lighting_1001.jpg,street_lighting_1001.jpg,STREET_LIGHTING,1
processed/images/ROADS/roads_0182.jpg,roads_0182.jpg,ROADS,0
processed/images/TREES_ENVIRONMENT/trees_environment_1365.jpg,trees_environment_1365.jpg,TREES_ENVIRONMENT,4
processed/images/ROADS/roads_0215.jpg,roads_0215.jpg,ROADS,0
processed/images/TREES_ENVIRONMENT/trees_environment_1358.jpg,trees_environment_1358.jpg,TREES_ENVIRONMENT,4
processed/images/ROADS/roads_0701.jpg,roads_0701.jpg,ROADS,0
processed/images/TREES_ENVIRONMENT/trees_environment_0436.jpg,trees_environment_0436.jpg,TREES_ENVIRONMENT,4
processed/images/TREES_ENVIRONMENT/trees_environment_0464.jpg,trees_environment_0464.jpg,TREES_ENVIRONMENT,4
processed/images/ROADS/roads_1422.png,roads_1422.png,ROADS,0
processed/images/STREET_LIGHTING/street_lighting_0609.jpg,street_lighting_0609.jpg,STREET_LIGHTING,1
processed/images/WASTE_MANAGEMENT/waste_management_0875.jpg,waste_management_0875.jpg,WASTE_MANAGEMENT,3
processed/images/ROADS/roads_1844.png,roads_1844.png,ROADS,0
processed/images/TREES_ENVIRONMENT/trees_environment_0487.jpg,trees_environment_0487.jpg,TREES_ENVIRONMENT,4
processed/images/TREES_ENVIRONMENT/trees_environment_1480.jpg,trees_environment_1480.jpg,TREES_ENVIRONMENT,4
processed/images/TREES_ENVIRONMENT/trees_environment_1299.jpg,trees_environment_1299.jpg,TREES_ENVIRONMENT,4
processed/images/TREES_ENVIRONMENT/trees_environment_0122.jpg,trees_environment_0122.jpg,TREES_ENVIRONMENT,4
processed/images/TREES_ENVIRONMENT/trees_environment_0749.jpg,trees_environment_0749.jpg,TREES_ENVIRONMENT,4
processed/images/PUBLIC_INFRASTRUCTURE/public_infrastructure_1129.jpg,public_infrastructure_1129.jpg,PUBLIC_INFRASTRUCTURE,5
processed/images/TREES_ENVIRONMENT/trees_environment_1184.jpg,trees_environment_1184.jpg,TREES_ENVIRONMENT,4
processed/images/WASTE_MANAGEMENT/waste_management_0357.jpg,waste_management_0357.jpg,WASTE_MANAGEMENT,3
processed/images/WASTE_MANAGEMENT/waste_management_0742.jpg,waste_management_0742.jpg,WASTE_MANAGEMENT,3
processed/images/PUBLIC_INFRASTRUCTURE/public_infrastructure_0740.jpg,public_infrastructure_0740.jpg,PUBLIC_INFRASTRUCTURE,5
processed/images/WASTE_MANAGEMENT/waste_management_0431.jpg,waste_management_0431.jpg,WASTE_MANAGEMENT,3
processed/images/PUBLIC_INFRASTRUCTURE/public_infrastructure_0459.jpg,public_infrastructure_0459.jpg,PUBLIC_INFRASTRUCTURE,5
processed/images/STREET_LIGHTING/street_lighting_1063.jpg,street_lighting_1063.jpg,STREET_LIGHTING,1
processed/images/TREES_ENVIRONMENT/trees_environment_1440.jpg,trees_environment_1440.jpg,TREES_ENVIRONMENT,4
processed/images/TREES_ENVIRONMENT/trees_environment_0674.jpg,trees_environment_0674.jpg,TREES_ENVIRONMENT,4
processed/images/ROADS/roads_0935.jpg,roads_0935.jpg,ROADS,0
processed/images/STREET_LIGHTING/street_lighting_1105.jpg,street_lighting_1105.jpg,STREET_LIGHTING,1
processed/images/TREES_ENVIRONMENT/trees_environment_0196.jpg,trees_environment_0196.jpg,TREES_ENVIRONMENT,4
processed/images/PUBLIC_INFRASTRUCTURE/public_infrastructure_1380.jpg,public_infrastructure_1380.jpg,PUBLIC_INFRASTRUCTURE,5
processed/images/WASTE_MANAGEMENT/waste_management_0302.jpg,waste_management_0302.jpg,WASTE_MANAGEMENT,3
processed/images/ROADS/roads_1661.png,roads_1661.png,ROADS,0
processed/images/ROADS/roads_0370.jpg,roads_0370.jpg,ROADS,0
processed/images/STREET_LIGHTING/street_lighting_0826.jpg,street_lighting_0826.jpg,STREET_LIGHTING,1
processed/images/ROADS/roads_1182.jpg,roads_1182.jpg,ROADS,0
processed/images/TREES_ENVIRONMENT/trees_environment_0849.jpg,trees_environment_0849.jpg,TREES_ENVIRONMENT,4
processed/images/TREES_ENVIRONMENT/trees_environment_1615.jpg,trees_environment_1615.jpg,TREES_ENVIRONMENT,4
processed/images/ROADS/roads_1637.png,roads_1637.png,ROADS,0
processed/images/ROADS/roads_0229.jpg,roads_0229.jpg,ROADS,0
processed/images/WASTE_MANAGEMENT/waste_management_0410.jpg,waste_management_0410.jpg,WASTE_MANAGEMENT,3
processed/images/TREES_ENVIRONMENT/trees_environment_0776.jpg,trees_environment_0776.jpg,TREES_ENVIRONMENT,4
processed/images/PUBLIC_INFRASTRUCTURE/public_infrastructure_0406.jpg,public_infrastructure_0406.jpg,PUBLIC_INFRASTRUCTURE,5
processed/images/PUBLIC_INFRASTRUCTURE/public_infrastructure_0705.jpg,public_infrastructure_0705.jpg,PUBLIC_INFRASTRUCTURE,5
processed/images/STREET_LIGHTING/street_lighting_0169.jpg,street_lighting_0169.jpg,STREET_LIGHTING,1
processed/images/TREES_ENVIRONMENT/trees_environment_0816.jpg,trees_environment_0816.jpg,TREES_ENVIRONMENT,4
processed/images/WATER_DRAINAGE/water_drainage_0322.jpg,water_drainage_0322.jpg,WATER_DRAINAGE,2
processed/images/STREET_LIGHTING/street_lighting_0243.jpg,street_lighting_0243.jpg,STREET_LIGHTING,1
processed/images/TREES_ENVIRONMENT/trees_environment_0655.jpg,trees_environment_0655.jpg,TREES_ENVIRONMENT,4
processed/images/WASTE_MANAGEMENT/waste_management_0036.jpg,waste_management_0036.jpg,WASTE_MANAGEMENT,3
processed/images/STREET_LIGHTING/street_lighting_0543.jpg,street_lighting_0543.jpg,STREET_LIGHTING,1
processed/images/TREES_ENVIRONMENT/trees_environment_0423.jpg,trees_environment_0423.jpg,TREES_ENVIRONMENT,4
processed/images/TREES_ENVIRONMENT/trees_environment_0259.jpg,trees_environment_0259.jpg,TREES_ENVIRONMENT,4
processed/images/STREET_LIGHTING/street_lighting_0758.jpg,street_lighting_0758.jpg,STREET_LIGHTING,1
processed/images/TREES_ENVIRONMENT/trees_environment_0513.jpg,trees_environment_0513.jpg,TREES_ENVIRONMENT,4
processed/images/ROADS/roads_0703.jpg,roads_0703.jpg,ROADS,0
processed/images/PUBLIC_INFRASTRUCTURE/public_infrastructure_0356.jpg,public_infrastructure_0356.jpg,PUBLIC_INFRASTRUCTURE,5
processed/images/PUBLIC_INFRASTRUCTURE/public_infrastructure_0323.jpg,public_infrastructure_0323.jpg,PUBLIC_INFRASTRUCTURE,5
processed/images/STREET_LIGHTING/street_lighting_0711.jpg,street_lighting_0711.jpg,STREET_LIGHTING,1
processed/images/WATER_DRAINAGE/water_drainage_0237.jpg,water_drainage_0237.jpg,WATER_DRAINAGE,2
processed/images/PUBLIC_INFRASTRUCTURE/public_infrastructure_0848.jpg,public_infrastructure_0848.jpg,PUBLIC_INFRASTRUCTURE,5
processed/images/PUBLIC_INFRASTRUCTURE/public_infrastructure_1158.jpg,public_infrastructure_1158.jpg,PUBLIC_INFRASTRUCTURE,5
processed/images/PUBLIC_INFRASTRUCTURE/public_infrastructure_1432.jpg,public_infrastructure_1432.jpg,PUBLIC_INFRASTRUCTURE,5
processed/images/WASTE_MANAGEMENT/waste_management_0517.jpg,waste_management_0517.jpg,WASTE_MANAGEMENT,3
processed/images/PUBLIC_INFRASTRUCTURE/public_infrastructure_0194.jpg,public_infrastructure_0194.jpg,PUBLIC_INFRASTRUCTURE,5
processed/images/PUBLIC_INFRASTRUCTURE/public_infrastructure_0969.jpg,public_infrastructure_0969.jpg,PUBLIC_INFRASTRUCTURE,5
processed/images/WASTE_MANAGEMENT/waste_management_0905.jpg,waste_management_0905.jpg,WASTE_MANAGEMENT,3
processed/images/TREES_ENVIRONMENT/trees_environment_1624.jpg,trees_environment_1624.jpg,TREES_ENVIRONMENT,4
processed/images/ROADS/roads_0823.jpg,roads_0823.jpg,ROADS,0
processed/images/PUBLIC_INFRASTRUCTURE/public_infrastructure_0745.jpg,public_infrastructure_0745.jpg,PUBLIC_INFRASTRUCTURE,5
processed/images/TREES_ENVIRONMENT/trees_environment_1290.jpg,trees_environment_1290.jpg,TREES_ENVIRONMENT,4
processed/images/WATER_DRAINAGE/water_drainage_0410.jpg,water_drainage_0410.jpg,WATER_DRAINAGE,2
processed/images/ROADS/roads_1049.jpg,roads_1049.jpg,ROADS,0
processed/images/ROADS/roads_1290.png,roads_1290.png,ROADS,0
processed/images/STREET_LIGHTING/street_lighting_0750.jpg,street_lighting_0750.jpg,STREET_LIGHTING,1
processed/images/STREET_LIGHTING/street_lighting_0589.jpg,street_lighting_0589.jpg,STREET_LIGHTING,1
processed/images/PUBLIC_INFRASTRUCTURE/public_infrastructure_0265.jpg,public_infrastructure_0265.jpg,PUBLIC_INFRASTRUCTURE,5
processed/images/STREET_LIGHTING/street_lighting_0005.jpg,street_lighting_0005.jpg,STREET_LIGHTING,1
processed/images/WATER_DRAINAGE/water_drainage_0365.jpg,water_drainage_0365.jpg,WATER_DRAINAGE,2
processed/images/PUBLIC_INFRASTRUCTURE/public_infrastructure_1180.jpg,public_infrastructure_1180.jpg,PUBLIC_INFRASTRUCTURE,5
processed/images/PUBLIC_INFRASTRUCTURE/public_infrastructure_0524.jpg,public_infrastructure_0524.jpg,PUBLIC_INFRASTRUCTURE,5
processed/images/STREET_LIGHTING/street_lighting_1055.jpg,street_lighting_1055.jpg,STREET_LIGHTING,1
processed/images/STREET_LIGHTING/street_lighting_0687.jpg,street_lighting_0687.jpg,STREET_LIGHTING,1
processed/images/WATER_DRAINAGE/water_drainage_0224.jpg,water_drainage_0224.jpg,WATER_DRAINAGE,2
processed/images/ROADS/roads_0385.jpg,roads_0385.jpg,ROADS,0
processed/images/PUBLIC_INFRASTRUCTURE/public_infrastructure_1482.jpg,public_infrastructure_1482.jpg,PUBLIC_INFRASTRUCTURE,5
processed/images/STREET_LIGHTING/street_lighting_0867.jpg,street_lighting_0867.jpg,STREET_LIGHTING,1
processed/images/TREES_ENVIRONMENT/trees_environment_0148.jpg,trees_environment_0148.jpg,TREES_ENVIRONMENT,4
processed/images/PUBLIC_INFRASTRUCTURE/public_infrastructure_1047.jpg,public_infrastructure_1047.jpg,PUBLIC_INFRASTRUCTURE,5
processed/images/ROADS/roads_1197.jpg,roads_1197.jpg,ROADS,0
processed/images/TREES_ENVIRONMENT/trees_environment_1212.jpg,trees_environment_1212.jpg,TREES_ENVIRONMENT,4
processed/images/STREET_LIGHTING/street_lighting_0211.jpg,street_lighting_0211.jpg,STREET_LIGHTING,1
processed/images/PUBLIC_INFRASTRUCTURE/public_infrastructure_0886.jpg,public_infrastructure_0886.jpg,PUBLIC_INFRASTRUCTURE,5
processed/images/PUBLIC_INFRASTRUCTURE/public_infrastructure_0733.jpg,public_infrastructure_0733.jpg,PUBLIC_INFRASTRUCTURE,5
processed/images/STREET_LIGHTING/street_lighting_0640.jpg,street_lighting_0640.jpg,STREET_LIGHTING,1
processed/images/STREET_LIGHTING/street_lighting_0017.jpg,street_lighting_0017.jpg,STREET_LIGHTING,1
processed/images/TREES_ENVIRONMENT/trees_environment_0613.jpg,trees_environment_0613.jpg,TREES_ENVIRONMENT,4
processed/images/TREES_ENVIRONMENT/trees_environment_0603.jpg,trees_environment_0603.jpg,TREES_ENVIRONMENT,4
processed/images/TREES_ENVIRONMENT/trees_environment_1463.jpg,trees_environment_1463.jpg,TREES_ENVIRONMENT,4
processed/images/TREES_ENVIRONMENT/trees_environment_0035.jpg,trees_environment_0035.jpg,TREES_ENVIRONMENT,4
processed/images/PUBLIC_INFRASTRUCTURE/public_infrastructure_1319.jpg,public_infrastructure_1319.jpg,PUBLIC_INFRASTRUCTURE,5
processed/images/STREET_LIGHTING/street_lighting_0732.jpg,street_lighting_0732.jpg,STREET_LIGHTING,1
processed/images/ROADS/roads_0108.jpg,roads_0108.jpg,ROADS,0
processed/images/PUBLIC_INFRASTRUCTURE/public_infrastructure_0548.jpg,public_infrastructure_0548.jpg,PUBLIC_INFRASTRUCTURE,5
processed/images/TREES_ENVIRONMENT/trees_environment_1170.jpg,trees_environment_1170.jpg,TREES_ENVIRONMENT,4
processed/images/STREET_LIGHTING/street_lighting_0524.jpg,street_lighting_0524.jpg,STREET_LIGHTING,1
processed/images/STREET_LIGHTING/street_lighting_0301.jpg,street_lighting_0301.jpg,STREET_LIGHTING,1
processed/images/ROADS/roads_1141.jpg,roads_1141.jpg,ROADS,0
processed/images/STREET_LIGHTING/street_lighting_0451.jpg,street_lighting_0451.jpg,STREET_LIGHTING,1
processed/images/ROADS/roads_1385.png,roads_1385.png,ROADS,0
processed/images/PUBLIC_INFRASTRUCTURE/public_infrastructure_1126.jpg,public_infrastructure_1126.jpg,PUBLIC_INFRASTRUCTURE,5
processed/images/ROADS/roads_1649.png,roads_1649.png,ROADS,0
processed/images/TREES_ENVIRONMENT/trees_environment_1598.jpg,trees_environment_1598.jpg,TREES_ENVIRONMENT,4
processed/images/WASTE_MANAGEMENT/waste_management_0601.jpg,waste_management_0601.jpg,WASTE_MANAGEMENT,3
processed/images/TREES_ENVIRONMENT/trees_environment_0579.jpg,trees_environment_0579.jpg,TREES_ENVIRONMENT,4
processed/images/TREES_ENVIRONMENT/trees_environment_1028.jpg,trees_environment_1028.jpg,TREES_ENVIRONMENT,4
processed/images/STREET_LIGHTING/street_lighting_0097.jpg,street_lighting_0097.jpg,STREET_LIGHTING,1
processed/images/PUBLIC_INFRASTRUCTURE/public_infrastructure_0992.jpg,public_infrastructure_0992.jpg,PUBLIC_INFRASTRUCTURE,5
processed/images/ROADS/roads_1012.jpg,roads_1012.jpg,ROADS,0
processed/images/STREET_LIGHTING/street_lighting_0435.jpg,street_lighting_0435.jpg,STREET_LIGHTING,1
processed/images/WASTE_MANAGEMENT/waste_management_0119.jpg,waste_management_0119.jpg,WASTE_MANAGEMENT,3
processed/images/WASTE_MANAGEMENT/waste_management_0696.jpg,waste_management_0696.jpg,WASTE_MANAGEMENT,3
processed/images/ROADS/roads_1555.png,roads_1555.png,ROADS,0
processed/images/ROADS/roads_0661.jpg,roads_0661.jpg,ROADS,0
processed/images/TREES_ENVIRONMENT/trees_environment_0372.jpg,trees_environment_0372.jpg,TREES_ENVIRONMENT,4
processed/images/WASTE_MANAGEMENT/waste_management_0861.jpg,waste_management_0861.jpg,WASTE_MANAGEMENT,3
processed/images/TREES_ENVIRONMENT/trees_environment_0912.jpg,trees_environment_0912.jpg,TREES_ENVIRONMENT,4
processed/images/ROADS/roads_1212.jpg,roads_1212.jpg,ROADS,0
processed/images/PUBLIC_INFRASTRUCTURE/public_infrastructure_1041.jpg,public_infrastructure_1041.jpg,PUBLIC_INFRASTRUCTURE,5
processed/images/TREES_ENVIRONMENT/trees_environment_1128.jpg,trees_environment_1128.jpg,TREES_ENVIRONMENT,4
processed/images/TREES_ENVIRONMENT/trees_environment_1415.jpg,trees_environment_1415.jpg,TREES_ENVIRONMENT,4
processed/images/PUBLIC_INFRASTRUCTURE/public_infrastructure_0375.jpg,public_infrastructure_0375.jpg,PUBLIC_INFRASTRUCTURE,5
processed/images/ROADS/roads_1071.jpg,roads_1071.jpg,ROADS,0
processed/images/PUBLIC_INFRASTRUCTURE/public_infrastructure_0032.jpg,public_infrastructure_0032.jpg,PUBLIC_INFRASTRUCTURE,5
processed/images/PUBLIC_INFRASTRUCTURE/public_infrastructure_1104.jpg,public_infrastructure_1104.jpg,PUBLIC_INFRASTRUCTURE,5
processed/images/STREET_LIGHTING/street_lighting_0100.jpg,street_lighting_0100.jpg,STREET_LIGHTING,1
processed/images/PUBLIC_INFRASTRUCTURE/public_infrastructure_0469.jpg,public_infrastructure_0469.jpg,PUBLIC_INFRASTRUCTURE,5
processed/images/TREES_ENVIRONMENT/trees_environment_1499.jpg,trees_environment_1499.jpg,TREES_ENVIRONMENT,4
processed/images/ROADS/roads_1378.png,roads_1378.png,ROADS,0
processed/images/ROADS/roads_1360.png,roads_1360.png,ROADS,0
processed/images/STREET_LIGHTING/street_lighting_1014.jpg,street_lighting_1014.jpg,STREET_LIGHTING,1
processed/images/PUBLIC_INFRASTRUCTURE/public_infrastructure_0862.jpg,public_infrastructure_0862.jpg,PUBLIC_INFRASTRUCTURE,5
processed/images/ROADS/roads_1486.png,roads_1486.png,ROADS,0
processed/images/WASTE_MANAGEMENT/waste_management_0643.jpg,waste_management_0643.jpg,WASTE_MANAGEMENT,3
processed/images/ROADS/roads_1778.png,roads_1778.png,ROADS,0
processed/images/PUBLIC_INFRASTRUCTURE/public_infrastructure_0182.jpg,public_infrastructure_0182.jpg,PUBLIC_INFRASTRUCTURE,5
processed/images/STREET_LIGHTING/street_lighting_0187.jpg,street_lighting_0187.jpg,STREET_LIGHTING,1
processed/images/TREES_ENVIRONMENT/trees_environment_0412.jpg,trees_environment_0412.jpg,TREES_ENVIRONMENT,4
processed/images/ROADS/roads_0637.jpg,roads_0637.jpg,ROADS,0
processed/images/STREET_LIGHTING/street_lighting_0919.jpg,street_lighting_0919.jpg,STREET_LIGHTING,1
processed/images/WASTE_MANAGEMENT/waste_management_0257.jpg,waste_management_0257.jpg,WASTE_MANAGEMENT,3
processed/images/STREET_LIGHTING/street_lighting_1125.jpg,street_lighting_1125.jpg,STREET_LIGHTING,1
processed/images/STREET_LIGHTING/street_lighting_1069.jpg,street_lighting_1069.jpg,STREET_LIGHTING,1
processed/images/ROADS/roads_0732.jpg,roads_0732.jpg,ROADS,0
processed/images/ROADS/roads_0536.jpg,roads_0536.jpg,ROADS,0
processed/images/ROADS/roads_0554.jpg,roads_0554.jpg,ROADS,0
processed/images/TREES_ENVIRONMENT/trees_environment_1120.jpg,trees_environment_1120.jpg,TREES_ENVIRONMENT,4
processed/images/PUBLIC_INFRASTRUCTURE/public_infrastructure_1028.jpg,public_infrastructure_1028.jpg,PUBLIC_INFRASTRUCTURE,5
processed/images/PUBLIC_INFRASTRUCTURE/public_infrastructure_0450.jpg,public_infrastructure_0450.jpg,PUBLIC_INFRASTRUCTURE,5
processed/images/ROADS/roads_0226.jpg,roads_0226.jpg,ROADS,0
processed/images/PUBLIC_INFRASTRUCTURE/public_infrastructure_0603.jpg,public_infrastructure_0603.jpg,PUBLIC_INFRASTRUCTURE,5
processed/images/PUBLIC_INFRASTRUCTURE/public_infrastructure_0030.jpg,public_infrastructure_0030.jpg,PUBLIC_INFRASTRUCTURE,5
processed/images/WASTE_MANAGEMENT/waste_management_0836.jpg,waste_management_0836.jpg,WASTE_MANAGEMENT,3
processed/images/ROADS/roads_0862.jpg,roads_0862.jpg,ROADS,0
processed/images/TREES_ENVIRONMENT/trees_environment_0649.jpg,trees_environment_0649.jpg,TREES_ENVIRONMENT,4
processed/images/WATER_DRAINAGE/water_drainage_0241.jpg,water_drainage_0241.jpg,WATER_DRAINAGE,2
processed/images/ROADS/roads_0478.jpg,roads_0478.jpg,ROADS,0
processed/images/PUBLIC_INFRASTRUCTURE/public_infrastructure_1454.jpg,public_infrastructure_1454.jpg,PUBLIC_INFRASTRUCTURE,5
processed/images/TREES_ENVIRONMENT/trees_environment_1510.jpg,trees_environment_1510.jpg,TREES_ENVIRONMENT,4
processed/images/TREES_ENVIRONMENT/trees_environment_1228.jpg,trees_environment_1228.jpg,TREES_ENVIRONMENT,4
processed/images/ROADS/roads_1510.png,roads_1510.png,ROADS,0
processed/images/WASTE_MANAGEMENT/waste_management_0527.jpg,waste_management_0527.jpg,WASTE_MANAGEMENT,3
processed/images/STREET_LIGHTING/street_lighting_1070.jpg,street_lighting_1070.jpg,STREET_LIGHTING,1
processed/images/STREET_LIGHTING/street_lighting_0417.jpg,street_lighting_0417.jpg,STREET_LIGHTING,1
processed/images/ROADS/roads_1668.png,roads_1668.png,ROADS,0
processed/images/WATER_DRAINAGE/water_drainage_0352.jpg,water_drainage_0352.jpg,WATER_DRAINAGE,2
processed/images/TREES_ENVIRONMENT/trees_environment_0622.jpg,trees_environment_0622.jpg,TREES_ENVIRONMENT,4
processed/images/WASTE_MANAGEMENT/waste_management_0536.jpg,waste_management_0536.jpg,WASTE_MANAGEMENT,3
processed/images/WATER_DRAINAGE/water_drainage_0292.jpg,water_drainage_0292.jpg,WATER_DRAINAGE,2
processed/images/PUBLIC_INFRASTRUCTURE/public_infrastructure_0744.jpg,public_infrastructure_0744.jpg,PUBLIC_INFRASTRUCTURE,5
processed/images/TREES_ENVIRONMENT/trees_environment_0592.jpg,trees_environment_0592.jpg,TREES_ENVIRONMENT,4
processed/images/ROADS/roads_0004.jpeg,roads_0004.jpeg,ROADS,0
processed/images/TREES_ENVIRONMENT/trees_environment_0680.jpg,trees_environment_0680.jpg,TREES_ENVIRONMENT,4
processed/images/ROADS/roads_0289.jpg,roads_0289.jpg,ROADS,0
processed/images/STREET_LIGHTING/street_lighting_1011.jpg,street_lighting_1011.jpg,STREET_LIGHTING,1
processed/images/ROADS/roads_1227.jpg,roads_1227.jpg,ROADS,0
processed/images/TREES_ENVIRONMENT/trees_environment_0627.jpg,trees_environment_0627.jpg,TREES_ENVIRONMENT,4
processed/images/ROADS/roads_0837.jpg,roads_0837.jpg,ROADS,0
processed/images/PUBLIC_INFRASTRUCTURE/public_infrastructure_0181.jpg,public_infrastructure_0181.jpg,PUBLIC_INFRASTRUCTURE,5
processed/images/WATER_DRAINAGE/water_drainage_0165.jpg,water_drainage_0165.jpg,WATER_DRAINAGE,2
processed/images/TREES_ENVIRONMENT/trees_environment_0720.jpg,trees_environment_0720.jpg,TREES_ENVIRONMENT,4
processed/images/WASTE_MANAGEMENT/waste_management_0174.jpg,waste_management_0174.jpg,WASTE_MANAGEMENT,3
processed/images/TREES_ENVIRONMENT/trees_environment_1102.jpg,trees_environment_1102.jpg,TREES_ENVIRONMENT,4
processed/images/ROADS/roads_1484.png,roads_1484.png,ROADS,0
processed/images/WASTE_MANAGEMENT/waste_management_0217.jpg,waste_management_0217.jpg,WASTE_MANAGEMENT,3
processed/images/ROADS/roads_0147.jpg,roads_0147.jpg,ROADS,0
processed/images/STREET_LIGHTING/street_lighting_0834.jpg,street_lighting_0834.jpg,STREET_LIGHTING,1
processed/images/STREET_LIGHTING/street_lighting_0912.jpg,street_lighting_0912.jpg,STREET_LIGHTING,1
processed/images/ROADS/roads_0051.jpg,roads_0051.jpg,ROADS,0
processed/images/ROADS/roads_1403.png,roads_1403.png,ROADS,0
processed/images/ROADS/roads_1856.png,roads_1856.png,ROADS,0
processed/images/TREES_ENVIRONMENT/trees_environment_1252.jpg,trees_environment_1252.jpg,TREES_ENVIRONMENT,4
processed/images/PUBLIC_INFRASTRUCTURE/public_infrastructure_0697.jpg,public_infrastructure_0697.jpg,PUBLIC_INFRASTRUCTURE,5
processed/images/WASTE_MANAGEMENT/waste_management_0514.jpg,waste_management_0514.jpg,WASTE_MANAGEMENT,3
processed/images/TREES_ENVIRONMENT/trees_environment_0601.jpg,trees_environment_0601.jpg,TREES_ENVIRONMENT,4
processed/images/TREES_ENVIRONMENT/trees_environment_0236.jpg,trees_environment_0236.jpg,TREES_ENVIRONMENT,4
processed/images/ROADS/roads_1015.jpg,roads_1015.jpg,ROADS,0
processed/images/TREES_ENVIRONMENT/trees_environment_0983.jpg,trees_environment_0983.jpg,TREES_ENVIRONMENT,4
processed/images/ROADS/roads_1068.jpg,roads_1068.jpg,ROADS,0
processed/images/WASTE_MANAGEMENT/waste_management_0821.jpg,waste_management_0821.jpg,WASTE_MANAGEMENT,3
processed/images/TREES_ENVIRONMENT/trees_environment_0775.jpg,trees_environment_0775.jpg,TREES_ENVIRONMENT,4
processed/images/ROADS/roads_0469.jpg,roads_0469.jpg,ROADS,0
processed/images/ROADS/roads_1860.png,roads_1860.png,ROADS,0
processed/images/STREET_LIGHTING/street_lighting_0220.jpg,street_lighting_0220.jpg,STREET_LIGHTING,1
processed/images/ROADS/roads_1493.png,roads_1493.png,ROADS,0
processed/images/PUBLIC_INFRASTRUCTURE/public_infrastructure_0576.jpg,public_infrastructure_0576.jpg,PUBLIC_INFRASTRUCTURE,5
processed/images/PUBLIC_INFRASTRUCTURE/public_infrastructure_0179.jpg,public_infrastructure_0179.jpg,PUBLIC_INFRASTRUCTURE,5
processed/images/TREES_ENVIRONMENT/trees_environment_0908.jpg,trees_environment_0908.jpg,TREES_ENVIRONMENT,4
processed/images/WATER_DRAINAGE/water_drainage_0207.jpg,water_drainage_0207.jpg,WATER_DRAINAGE,2
processed/images/WASTE_MANAGEMENT/waste_management_0305.jpg,waste_management_0305.jpg,WASTE_MANAGEMENT,3
processed/images/PUBLIC_INFRASTRUCTURE/public_infrastructure_0501.jpg,public_infrastructure_0501.jpg,PUBLIC_INFRASTRUCTURE,5
processed/images/PUBLIC_INFRASTRUCTURE/public_infrastructure_0086.jpg,public_infrastructure_0086.jpg,PUBLIC_INFRASTRUCTURE,5
processed/images/STREET_LIGHTING/street_lighting_1109.jpg,street_lighting_1109.jpg,STREET_LIGHTING,1
processed/images/TREES_ENVIRONMENT/trees_environment_1332.jpg,trees_environment_1332.jpg,TREES_ENVIRONMENT,4
processed/images/WASTE_MANAGEMENT/waste_management_0805.jpg,waste_management_0805.jpg,WASTE_MANAGEMENT,3
processed/images/PUBLIC_INFRASTRUCTURE/public_infrastructure_0150.jpg,public_infrastructure_0150.jpg,PUBLIC_INFRASTRUCTURE,5
processed/images/ROADS/roads_1453.png,roads_1453.png,ROADS,0
processed/images/PUBLIC_INFRASTRUCTURE/public_infrastructure_1452.jpg,public_infrastructure_1452.jpg,PUBLIC_INFRASTRUCTURE,5
processed/images/ROADS/roads_0093.jpg,roads_0093.jpg,ROADS,0
processed/images/ROADS/roads_1741.png,roads_1741.png,ROADS,0
processed/images/PUBLIC_INFRASTRUCTURE/public_infrastructure_0457.jpg,public_infrastructure_0457.jpg,PUBLIC_INFRASTRUCTURE,5
processed/images/STREET_LIGHTING/street_lighting_0728.jpg,street_lighting_0728.jpg,STREET_LIGHTING,1
processed/images/TREES_ENVIRONMENT/trees_environment_0354.jpg,trees_environment_0354.jpg,TREES_ENVIRONMENT,4
processed/images/WATER_DRAINAGE/water_drainage_0286.jpg,water_drainage_0286.jpg,WATER_DRAINAGE,2
processed/images/PUBLIC_INFRASTRUCTURE/public_infrastructure_0138.jpg,public_infrastructure_0138.jpg,PUBLIC_INFRASTRUCTURE,5
processed/images/ROADS/roads_0682.jpg,roads_0682.jpg,ROADS,0
processed/images/TREES_ENVIRONMENT/trees_environment_0407.jpg,trees_environment_0407.jpg,TREES_ENVIRONMENT,4
processed/images/STREET_LIGHTING/street_lighting_0610.jpg,street_lighting_0610.jpg,STREET_LIGHTING,1
processed/images/PUBLIC_INFRASTRUCTURE/public_infrastructure_0031.jpg,public_infrastructure_0031.jpg,PUBLIC_INFRASTRUCTURE,5
processed/images/PUBLIC_INFRASTRUCTURE/public_infrastructure_1384.jpg,public_infrastructure_1384.jpg,PUBLIC_INFRASTRUCTURE,5
processed/images/ROADS/roads_0789.jpg,roads_0789.jpg,ROADS,0
processed/images/PUBLIC_INFRASTRUCTURE/public_infrastructure_1004.jpg,public_infrastructure_1004.jpg,PUBLIC_INFRASTRUCTURE,5
processed/images/ROADS/roads_0331.jpg,roads_0331.jpg,ROADS,0
processed/images/ROADS/roads_1143.jpg,roads_1143.jpg,ROADS,0
processed/images/ROADS/roads_0942.jpg,roads_0942.jpg,ROADS,0
processed/images/TREES_ENVIRONMENT/trees_environment_1240.jpg,trees_environment_1240.jpg,TREES_ENVIRONMENT,4
processed/images/TREES_ENVIRONMENT/trees_environment_0869.jpg,trees_environment_0869.jpg,TREES_ENVIRONMENT,4
processed/images/WASTE_MANAGEMENT/waste_management_0849.jpg,waste_management_0849.jpg,WASTE_MANAGEMENT,3
processed/images/TREES_ENVIRONMENT/trees_environment_1623.jpg,trees_environment_1623.jpg,TREES_ENVIRONMENT,4
processed/images/PUBLIC_INFRASTRUCTURE/public_infrastructure_0494.jpg,public_infrastructure_0494.jpg,PUBLIC_INFRASTRUCTURE,5
processed/images/TREES_ENVIRONMENT/trees_environment_0589.jpg,trees_environment_0589.jpg,TREES_ENVIRONMENT,4
processed/images/TREES_ENVIRONMENT/trees_environment_1321.jpg,trees_environment_1321.jpg,TREES_ENVIRONMENT,4
processed/images/STREET_LIGHTING/street_lighting_1019.jpg,street_lighting_1019.jpg,STREET_LIGHTING,1
processed/images/ROADS/roads_0236.jpg,roads_0236.jpg,ROADS,0
processed/images/ROADS/roads_1341.png,roads_1341.png,ROADS,0
processed/images/PUBLIC_INFRASTRUCTURE/public_infrastructure_0925.jpg,public_infrastructure_0925.jpg,PUBLIC_INFRASTRUCTURE,5
processed/images/WASTE_MANAGEMENT/waste_management_0824.jpg,waste_management_0824.jpg,WASTE_MANAGEMENT,3
processed/images/ROADS/roads_1384.png,roads_1384.png,ROADS,0
processed/images/WASTE_MANAGEMENT/waste_management_0445.jpg,waste_management_0445.jpg,WASTE_MANAGEMENT,3
processed/images/WATER_DRAINAGE/water_drainage_0044.jpg,water_drainage_0044.jpg,WATER_DRAINAGE,2
processed/images/TREES_ENVIRONMENT/trees_environment_0615.jpg,trees_environment_0615.jpg,TREES_ENVIRONMENT,4
processed/images/PUBLIC_INFRASTRUCTURE/public_infrastructure_0538.jpg,public_infrastructure_0538.jpg,PUBLIC_INFRASTRUCTURE,5
processed/images/PUBLIC_INFRASTRUCTURE/public_infrastructure_0942.jpg,public_infrastructure_0942.jpg,PUBLIC_INFRASTRUCTURE,5
processed/images/PUBLIC_INFRASTRUCTURE/public_infrastructure_0374.jpg,public_infrastructure_0374.jpg,PUBLIC_INFRASTRUCTURE,5
processed/images/STREET_LIGHTING/street_lighting_0956.jpg,street_lighting_0956.jpg,STREET_LIGHTING,1
processed/images/STREET_LIGHTING/street_lighting_0807.jpg,street_lighting_0807.jpg,STREET_LIGHTING,1
processed/images/TREES_ENVIRONMENT/trees_environment_0785.jpg,trees_environment_0785.jpg,TREES_ENVIRONMENT,4
processed/images/STREET_LIGHTING/street_lighting_0853.jpg,street_lighting_0853.jpg,STREET_LIGHTING,1
processed/images/WATER_DRAINAGE/water_drainage_0012.jpg,water_drainage_0012.jpg,WATER_DRAINAGE,2
processed/images/PUBLIC_INFRASTRUCTURE/public_infrastructure_0333.jpg,public_infrastructure_0333.jpg,PUBLIC_INFRASTRUCTURE,5
processed/images/WATER_DRAINAGE/water_drainage_0171.jpg,water_drainage_0171.jpg,WATER_DRAINAGE,2
processed/images/PUBLIC_INFRASTRUCTURE/public_infrastructure_0497.jpg,public_infrastructure_0497.jpg,PUBLIC_INFRASTRUCTURE,5
processed/images/WASTE_MANAGEMENT/waste_management_0567.jpg,waste_management_0567.jpg,WASTE_MANAGEMENT,3
processed/images/ROADS/roads_0342.jpg,roads_0342.jpg,ROADS,0
processed/images/TREES_ENVIRONMENT/trees_environment_0483.jpg,trees_environment_0483.jpg,TREES_ENVIRONMENT,4
processed/images/WASTE_MANAGEMENT/waste_management_0575.jpg,waste_management_0575.jpg,WASTE_MANAGEMENT,3
processed/images/PUBLIC_INFRASTRUCTURE/public_infrastructure_0653.jpg,public_infrastructure_0653.jpg,PUBLIC_INFRASTRUCTURE,5
processed/images/PUBLIC_INFRASTRUCTURE/public_infrastructure_1092.jpg,public_infrastructure_1092.jpg,PUBLIC_INFRASTRUCTURE,5
processed/images/STREET_LIGHTING/street_lighting_0770.jpg,street_lighting_0770.jpg,STREET_LIGHTING,1
processed/images/WATER_DRAINAGE/water_drainage_0099.jpg,water_drainage_0099.jpg,WATER_DRAINAGE,2
processed/images/ROADS/roads_1217.jpg,roads_1217.jpg,ROADS,0
processed/images/TREES_ENVIRONMENT/trees_environment_1621.jpg,trees_environment_1621.jpg,TREES_ENVIRONMENT,4
processed/images/STREET_LIGHTING/street_lighting_0353.jpg,street_lighting_0353.jpg,STREET_LIGHTING,1
processed/images/TREES_ENVIRONMENT/trees_environment_0911.jpg,trees_environment_0911.jpg,TREES_ENVIRONMENT,4
processed/images/TREES_ENVIRONMENT/trees_environment_0235.jpg,trees_environment_0235.jpg,TREES_ENVIRONMENT,4
processed/images/ROADS/roads_1326.png,roads_1326.png,ROADS,0
processed/images/WASTE_MANAGEMENT/waste_management_0160.jpg,waste_management_0160.jpg,WASTE_MANAGEMENT,3
processed/images/PUBLIC_INFRASTRUCTURE/public_infrastructure_1383.jpg,public_infrastructure_1383.jpg,PUBLIC_INFRASTRUCTURE,5
processed/images/WASTE_MANAGEMENT/waste_management_0235.jpg,waste_management_0235.jpg,WASTE_MANAGEMENT,3
processed/images/WASTE_MANAGEMENT/waste_management_0215.jpg,waste_management_0215.jpg,WASTE_MANAGEMENT,3
processed/images/STREET_LIGHTING/street_lighting_0167.jpg,street_lighting_0167.jpg,STREET_LIGHTING,1
processed/images/STREET_LIGHTING/street_lighting_0738.jpg,street_lighting_0738.jpg,STREET_LIGHTING,1
processed/images/TREES_ENVIRONMENT/trees_environment_0282.jpg,trees_environment_0282.jpg,TREES_ENVIRONMENT,4
processed/images/WASTE_MANAGEMENT/waste_management_0228.jpg,waste_management_0228.jpg,WASTE_MANAGEMENT,3
processed/images/ROADS/roads_0069.jpg,roads_0069.jpg,ROADS,0
processed/images/WASTE_MANAGEMENT/waste_management_0115.jpg,waste_management_0115.jpg,WASTE_MANAGEMENT,3
processed/images/TREES_ENVIRONMENT/trees_environment_0614.jpg,trees_environment_0614.jpg,TREES_ENVIRONMENT,4
processed/images/PUBLIC_INFRASTRUCTURE/public_infrastructure_1266.jpg,public_infrastructure_1266.jpg,PUBLIC_INFRASTRUCTURE,5
processed/images/STREET_LIGHTING/street_lighting_0727.jpg,street_lighting_0727.jpg,STREET_LIGHTING,1
processed/images/ROADS/roads_1604.png,roads_1604.png,ROADS,0
processed/images/PUBLIC_INFRASTRUCTURE/public_infrastructure_0411.jpg,public_infrastructure_0411.jpg,PUBLIC_INFRASTRUCTURE,5
processed/images/WATER_DRAINAGE/water_drainage_0305.jpg,water_drainage_0305.jpg,WATER_DRAINAGE,2
processed/images/STREET_LIGHTING/street_lighting_0528.jpg,street_lighting_0528.jpg,STREET_LIGHTING,1
processed/images/TREES_ENVIRONMENT/trees_environment_1301.jpg,trees_environment_1301.jpg,TREES_ENVIRONMENT,4
processed/images/ROADS/roads_1371.png,roads_1371.png,ROADS,0
processed/images/WASTE_MANAGEMENT/waste_management_0306.jpg,waste_management_0306.jpg,WASTE_MANAGEMENT,3
processed/images/STREET_LIGHTING/street_lighting_0757.jpg,street_lighting_0757.jpg,STREET_LIGHTING,1
processed/images/TREES_ENVIRONMENT/trees_environment_1260.jpg,trees_environment_1260.jpg,TREES_ENVIRONMENT,4
processed/images/PUBLIC_INFRASTRUCTURE/public_infrastructure_1261.jpg,public_infrastructure_1261.jpg,PUBLIC_INFRASTRUCTURE,5
processed/images/TREES_ENVIRONMENT/trees_environment_1043.jpg,trees_environment_1043.jpg,TREES_ENVIRONMENT,4
processed/images/ROADS/roads_1202.jpg,roads_1202.jpg,ROADS,0
processed/images/PUBLIC_INFRASTRUCTURE/public_infrastructure_0773.jpg,public_infrastructure_0773.jpg,PUBLIC_INFRASTRUCTURE,5
processed/images/STREET_LIGHTING/street_lighting_0202.jpg,street_lighting_0202.jpg,STREET_LIGHTING,1
processed/images/TREES_ENVIRONMENT/trees_environment_1428.jpg,trees_environment_1428.jpg,TREES_ENVIRONMENT,4
processed/images/TREES_ENVIRONMENT/trees_environment_1039.jpg,trees_environment_1039.jpg,TREES_ENVIRONMENT,4
processed/images/STREET_LIGHTING/street_lighting_0699.jpg,street_lighting_0699.jpg,STREET_LIGHTING,1
processed/images/PUBLIC_INFRASTRUCTURE/public_infrastructure_0360.jpg,public_infrastructure_0360.jpg,PUBLIC_INFRASTRUCTURE,5
processed/images/PUBLIC_INFRASTRUCTURE/public_infrastructure_0116.jpg,public_infrastructure_0116.jpg,PUBLIC_INFRASTRUCTURE,5
processed/images/ROADS/roads_0203.jpg,roads_0203.jpg,ROADS,0
processed/images/TREES_ENVIRONMENT/trees_environment_0495.jpg,trees_environment_0495.jpg,TREES_ENVIRONMENT,4
processed/images/ROADS/roads_1559.png,roads_1559.png,ROADS,0
processed/images/ROADS/roads_1162.jpg,roads_1162.jpg,ROADS,0
processed/images/PUBLIC_INFRASTRUCTURE/public_infrastructure_1166.jpg,public_infrastructure_1166.jpg,PUBLIC_INFRASTRUCTURE,5
processed/images/ROADS/roads_1567.png,roads_1567.png,ROADS,0
processed/images/WASTE_MANAGEMENT/waste_management_0889.jpg,waste_management_0889.jpg,WASTE_MANAGEMENT,3
processed/images/ROADS/roads_0864.jpg,roads_0864.jpg,ROADS,0
processed/images/WASTE_MANAGEMENT/waste_management_0703.jpg,waste_management_0703.jpg,WASTE_MANAGEMENT,3
processed/images/WASTE_MANAGEMENT/waste_management_0867.jpg,waste_management_0867.jpg,WASTE_MANAGEMENT,3
processed/images/TREES_ENVIRONMENT/trees_environment_1597.jpg,trees_environment_1597.jpg,TREES_ENVIRONMENT,4
processed/images/WASTE_MANAGEMENT/waste_management_0269.jpg,waste_management_0269.jpg,WASTE_MANAGEMENT,3
processed/images/ROADS/roads_1129.jpg,roads_1129.jpg,ROADS,0
processed/images/STREET_LIGHTING/street_lighting_0374.jpg,street_lighting_0374.jpg,STREET_LIGHTING,1
processed/images/TREES_ENVIRONMENT/trees_environment_1310.jpg,trees_environment_1310.jpg,TREES_ENVIRONMENT,4
processed/images/WATER_DRAINAGE/water_drainage_0376.jpg,water_drainage_0376.jpg,WATER_DRAINAGE,2
processed/images/WASTE_MANAGEMENT/waste_management_0494.jpg,waste_management_0494.jpg,WASTE_MANAGEMENT,3
processed/images/WATER_DRAINAGE/water_drainage_0157.jpg,water_drainage_0157.jpg,WATER_DRAINAGE,2
processed/images/PUBLIC_INFRASTRUCTURE/public_infrastructure_0036.jpg,public_infrastructure_0036.jpg,PUBLIC_INFRASTRUCTURE,5
processed/images/PUBLIC_INFRASTRUCTURE/public_infrastructure_0863.jpg,public_infrastructure_0863.jpg,PUBLIC_INFRASTRUCTURE,5
processed/images/TREES_ENVIRONMENT/trees_environment_0794.jpg,trees_environment_0794.jpg,TREES_ENVIRONMENT,4
processed/images/STREET_LIGHTING/street_lighting_1093.jpg,street_lighting_1093.jpg,STREET_LIGHTING,1
processed/images/ROADS/roads_0532.jpg,roads_0532.jpg,ROADS,0
processed/images/WASTE_MANAGEMENT/waste_management_0827.jpg,waste_management_0827.jpg,WASTE_MANAGEMENT,3
processed/images/PUBLIC_INFRASTRUCTURE/public_infrastructure_1206.jpg,public_infrastructure_1206.jpg,PUBLIC_INFRASTRUCTURE,5
processed/images/TREES_ENVIRONMENT/trees_environment_0011.jpg,trees_environment_0011.jpg,TREES_ENVIRONMENT,4
processed/images/STREET_LIGHTING/street_lighting_0404.jpg,street_lighting_0404.jpg,STREET_LIGHTING,1
processed/images/STREET_LIGHTING/street_lighting_0539.jpg,street_lighting_0539.jpg,STREET_LIGHTING,1
processed/images/PUBLIC_INFRASTRUCTURE/public_infrastructure_0854.jpg,public_infrastructure_0854.jpg,PUBLIC_INFRASTRUCTURE,5
